2024/12/11 11:32,6,2,1,0.778
2024/12/11 11:32,18,1,1,0.778
2024/12/11 11:32,18,2,1,0.778
2024/12/11 11:32,12,2,1,4.86
2024/12/11 11:32,12,0,1,1.6903
2024/12/11 11:32,12,2,1,1.6903
2024/12/11 11:32,12,2,1,2.2664
2024/12/11 11:32,8,2,0,2.2664
2024/12/11 11:32,8,1,0,2.2664
2024/12/11 11:32,18,2,1,2.2664
2024/12/11 11:32,22,1,1,2.2664
2024/12/11 11:32,24,1,1,2.2664
2024/12/11 11:32,20,1,1,2.2664
2024/12/11 11:32,20,2,1,2.2664
2024/12/11 11:32,20,1,1,2.2664
2024/12/11 11:32,22,2,1,2.2664
2024/12/11 11:32,8,1,0,2.2664
2024/12/11 11:32,18,1,1,2.2664
2024/12/11 11:32,20,2,0,2.2664
2024/12/11 11:33,6,0,1,2.2664
2024/12/11 11:33,6,1,1,2.2664
2024/12/11 11:33,6,1,1,2.2664
2024/12/11 11:33,8,2,1,2.2664
2024/12/11 11:33,8,2,1,2.2664
2024/12/11 11:33,18,2,0,2.2664
2024/12/11 11:33,6,2,0,2.2664
2024/12/11 11:33,8,2,1,2.2664
2024/12/11 11:33,8,2,0,2.2664
2024/12/11 11:33,20,1,1,2.2664
2024/12/11 11:33,20,1,0,2.2664
2024/12/11 11:33,18,1,1,2.2664
2024/12/11 11:33,12,2,0,2.2664
2024/12/11 11:33,16,1,0,2.2664
2024/12/11 11:33,16,1,0,2.2664
2024/12/11 11:33,18,1,0,2.2664
2024/12/11 11:33,12,1,1,2.2664
2024/12/11 11:33,18,2,0,2.2664
2024/12/11 11:33,14,2,1,2.2664
2024/12/11 11:33,18,2,0,2.2664
2024/12/11 11:33,6,2,1,2.2664
2024/12/11 11:33,18,2,1,2.2664
2024/12/11 11:33,20,2,0,2.2664
2024/12/11 11:33,14,1,0,2.2664
2024/12/11 11:34,14,1,0,2.2664
2024/12/11 11:34,8,1,1,2.2664
2024/12/11 11:34,16,1,1,2.2664
2024/12/11 11:34,10,2,0,2.2664
2024/12/11 11:34,12,2,0,2.2664
2024/12/11 11:34,16,1,1,2.2664
2024/12/11 11:34,14,1,1,2.2664
2024/12/11 11:34,12,2,1,2.2664
2024/12/11 11:34,4,2,1,2.2664
2024/12/11 11:34,16,1,0,2.2664
2024/12/11 11:47,20,2,1,0.5899
2024/12/11 11:48,18,2,1,0.5899
2024/12/11 11:48,20,2,0,0.5899
2024/12/11 11:48,8,1,1,0.5899
2024/12/11 11:48,18,2,1,0.5899
2024/12/11 11:48,20,1,1,0.5899
2024/12/11 11:48,8,1,0,0.5899
2024/12/11 11:48,12,2,0,0.5899
2024/12/11 11:48,6,1,1,0.5899
2024/12/11 11:48,8,1,0,0.5899
2024/12/11 11:48,14,1,1,0.5899
2024/12/11 11:48,20,1,1,0.5899
2024/12/11 11:49,14,1,1,0.5899
2024/12/11 11:49,8,2,1,0.5899
2024/12/11 11:49,8,2,1,0.7987
2024/12/11 11:49,6,1,1,0.8242
2024/12/11 11:49,8,1,1,0.8331
2024/12/11 11:49,16,1,1,0.8069
2024/12/11 11:49,6,1,1,0.9022
2024/12/11 11:49,6,1,1,0.5441
2024/12/11 11:49,8,2,1,0.8109
2024/12/11 11:49,16,1,1,0.8315
2024/12/11 11:49,6,2,1,0.8478
2024/12/11 11:49,8,1,1,0.7258
2024/12/11 11:49,16,2,1,0.8028
2024/12/11 11:49,12,2,1,0.811
2024/12/11 11:49,12,2,1,0.8388
2024/12/11 11:49,12,1,1,1.0142
2024/12/11 11:49,14,2,1,0.8478
2024/12/11 11:49,10,2,1,0.8519
2024/12/11 11:49,20,2,1,0.8519
2024/12/11 11:49,12,2,1,0.6214
2024/12/11 11:49,4,1,1,0.7987
2024/12/11 11:49,14,1,1,0.7495
2024/12/11 11:49,12,2,1,0.6278
2024/12/11 11:49,6,2,1,0.7455
2024/12/11 11:49,12,2,1,0.7805
2024/12/11 11:49,8,0,1,0.5479
2024/12/11 11:49,18,1,1,0.8069
2024/12/11 11:49,6,1,1,0.7618
2024/12/11 11:49,10,1,1,1.5728
2024/12/11 11:49,6,0,1,0.811
2024/12/11 11:49,8,2,1,0.8028
2024/12/11 11:49,6,2,1,0.6628
2024/12/11 11:49,8,1,1,0.6628
2024/12/11 11:49,6,1,1,1.581
2024/12/11 11:49,12,2,1,0.8165
2024/12/11 11:49,8,1,1,0.6285
2024/12/11 11:49,6,1,1,0.7946
2024/12/11 11:49,6,0,1,0.8272
2024/12/11 11:49,6,1,1,1.6098
2024/12/11 11:50,14,1,1,1.6098
2024/12/11 11:50,14,1,1,1.6465
2024/12/11 11:50,14,2,1,0.7905
2024/12/11 11:50,6,0,1,0.9219
2024/12/11 11:50,14,1,1,0.5807
2024/12/11 11:50,6,0,1,0.7782
2024/12/11 11:50,6,2,1,0.6723
2024/12/11 11:50,6,0,1,0.7332
2024/12/11 11:50,8,0,1,0.972
2024/12/11 11:50,10,2,1,0.6451
2024/12/11 11:50,16,2,1,0.7372
2024/12/11 11:50,8,0,1,0.7823
2024/12/11 11:50,6,1,1,0.8532
2024/12/11 11:50,8,2,1,1.4937
2024/12/11 11:50,6,2,1,0.6038
2024/12/11 11:50,8,2,1,0.6038
2024/12/11 11:50,14,2,1,0.6038
2024/12/11 11:50,12,2,1,0.5642
2024/12/11 11:50,16,1,1,0.7782
2024/12/11 11:50,16,2,1,0.8028
2024/12/11 11:50,6,1,1,0.9123
2024/12/11 11:50,8,2,1,1.4018
2024/12/11 11:50,16,0,1,0.7969
2024/12/11 11:50,10,2,1,0.8128
2024/12/11 11:50,6,1,1,1.0076
2024/12/11 11:50,12,2,1,1.3024
2024/12/11 11:50,12,1,1,0.7823
2024/12/11 11:50,12,2,1,0.6479
2024/12/11 11:50,6,2,1,0.6479
2024/12/11 11:50,6,0,1,0.7863
2024/12/11 11:50,16,1,1,0.5228
2024/12/11 11:50,8,1,1,0.7659
2024/12/11 11:50,12,1,1,0.5048
2024/12/11 11:50,18,1,1,0.7864
2024/12/11 11:50,16,2,1,0.7536
2024/12/11 11:50,12,2,1,1.4786
2024/12/11 11:50,20,2,1,1.4786
2024/12/11 11:50,8,2,1,1.4868
2024/12/11 11:50,12,1,1,0.7855
2024/12/11 11:50,12,2,1,0.632
2024/12/11 11:50,12,1,1,0.632
2024/12/11 11:50,14,1,1,1.5196
2024/12/11 11:50,16,0,1,0.8368
2024/12/11 11:50,16,2,0,0.5271
2024/12/11 11:51,12,1,1,0.8642
2024/12/11 11:51,8,0,1,0.8683
2024/12/11 11:51,14,2,1,0.8314
2024/12/11 11:51,16,1,1,0.8314
2024/12/11 11:51,6,1,1,0.7008
2024/12/11 11:51,6,1,1,0.8371
2024/12/11 11:51,6,1,1,0.8371
2024/12/11 11:51,14,2,1,1.6588
2024/12/11 11:51,4,0,1,0.8438
2024/12/11 11:51,6,0,1,0.8274
2024/12/11 11:51,8,2,1,0.8274
2024/12/11 11:51,6,1,1,1.6528
2024/12/11 11:51,6,2,1,0.5988
2024/12/11 11:51,12,2,1,0.8478
2024/12/11 11:51,14,2,1,1.6261
2024/12/11 11:51,12,2,1,0.5852
2024/12/11 11:51,6,2,1,0.9312
2024/12/11 11:51,8,1,1,0.8084
2024/12/11 11:51,6,1,1,0.8213
2024/12/11 11:51,6,2,1,0.89
2024/12/11 11:51,16,2,1,0.5777
2024/12/11 11:51,8,0,1,0.8246
2024/12/11 11:51,6,0,1,1.5994
2024/12/11 11:51,6,1,1,0.8437
2024/12/11 11:51,12,0,1,0.8437
2024/12/11 11:52,10,2,1,0.6482
2024/12/11 11:52,14,1,1,0.4792
2024/12/11 11:52,12,1,1,1.069
2024/12/11 11:52,14,1,1,1.069
2024/12/11 11:52,12,1,1,1.069
2024/12/11 11:52,8,2,1,1.069
2024/12/11 11:52,12,1,1,1.069
2024/12/11 11:52,12,2,1,1.069
2024/12/11 11:52,12,1,1,1.069
2024/12/11 11:52,12,1,1,1.069
2024/12/11 11:52,12,2,1,1.069
2024/12/11 11:52,12,2,1,8.3645
2024/12/11 11:52,10,1,1,1.287
2024/12/11 11:52,12,1,1,0.6965
2024/12/11 11:52,14,1,1,0.6965
2024/12/11 11:52,6,1,1,1.6127
2024/12/11 11:52,12,2,1,0.7945
2024/12/11 11:52,12,1,1,0.6289
2024/12/11 11:52,20,1,1,0.7454
2024/12/11 11:52,14,1,1,0.5635
2024/12/11 11:52,12,2,1,0.7072
2024/12/11 11:52,10,2,1,0.3072
2024/12/11 11:52,10,1,1,1.1673
2024/12/11 11:52,12,1,1,0.6911
2024/12/11 11:52,12,1,1,1.1892
2024/12/11 11:52,8,2,1,0.3049
2024/12/11 11:52,12,1,1,0.7355
2024/12/11 11:52,14,2,1,0.7209
2024/12/11 11:52,6,2,1,0.3001
2024/12/11 11:52,12,2,1,0.6652
2024/12/11 11:52,4,1,1,0.7086
2024/12/11 11:52,14,1,1,0.7537
2024/12/11 11:52,10,2,1,0.6738
2024/12/11 11:52,12,1,1,0.6738
2024/12/11 11:52,14,2,1,1.6138
2024/12/11 11:52,12,2,1,1.6138
2024/12/11 11:52,8,2,1,0.636
2024/12/11 11:52,6,0,1,0.7823
2024/12/11 11:53,14,2,1,0.7823
2024/12/11 11:53,12,2,1,0.7176
2024/12/11 11:53,14,2,1,0.7577
2024/12/11 11:53,6,2,1,2.0885
2024/12/11 11:53,6,1,1,0.8809
2024/12/11 11:53,6,1,1,0.8192
2024/12/11 11:53,12,1,1,0.7905
2024/12/11 11:53,14,1,1,0.7946
2024/12/11 11:53,12,2,1,0.7905
2024/12/11 11:53,6,0,1,0.7823
2024/12/11 11:53,8,1,1,0.7495
2024/12/11 11:53,12,1,1,0.7495
2024/12/11 11:53,20,2,1,0.5921
2024/12/11 11:53,12,1,1,0.7741
2024/12/11 11:53,10,0,1,0.7373
2024/12/11 11:53,6,2,1,0.6319
2024/12/11 11:53,12,2,1,0.303
2024/12/11 11:53,10,2,1,0.303
2024/12/11 11:53,12,1,1,0.5982
2024/12/11 11:53,12,2,1,0.7578
2024/12/11 11:53,16,2,1,0.7577
2024/12/11 11:53,16,1,1,0.7025
2024/12/11 11:53,16,1,1,0.8109
2024/12/11 11:53,12,2,1,0.77
2024/12/11 11:53,14,2,1,0.7946
2024/12/11 11:53,18,1,1,0.6723
2024/12/11 11:53,14,1,1,0.7946
2024/12/11 11:53,4,2,1,0.8273
2024/12/11 11:53,14,1,1,0.709
2024/12/11 11:53,12,2,1,0.7945
2024/12/11 11:53,12,1,1,0.7864
2024/12/11 11:53,12,2,1,0.7864
2024/12/11 11:53,20,1,1,0.6157
2024/12/11 11:53,16,1,1,0.8063
2024/12/11 11:53,10,2,1,0.7905
2024/12/11 11:53,14,2,1,0.7994
2024/12/11 11:54,12,1,1,0.5652
2024/12/11 11:54,12,1,1,0.77
2024/12/11 11:54,18,1,1,0.7987
2024/12/11 11:54,18,1,1,0.674
2024/12/11 11:54,14,1,1,0.674
2024/12/11 11:54,16,1,1,1.5236
2024/12/11 11:54,14,2,0,0.8099
2024/12/11 11:54,14,1,1,0.523
2024/12/11 11:54,16,0,1,0.7946
2024/12/11 11:54,16,1,1,0.77
2024/12/11 11:54,16,1,1,0.5981
2024/12/11 11:54,8,1,0,0.7537
2024/12/11 11:54,20,1,1,0.7741
2024/12/11 11:54,14,1,1,0.6076
2024/12/11 11:54,16,2,0,0.7619
2024/12/11 11:54,14,2,1,0.7661
2024/12/11 11:54,20,2,1,0.4404
2024/12/11 11:54,16,1,0,0.9931
2024/12/11 11:54,16,1,1,0.4245
2024/12/11 11:54,12,1,1,0.7128
2024/12/11 11:54,18,2,1,0.6275
2024/12/11 11:54,16,1,1,0.7126
2024/12/11 11:54,20,1,1,0.7456
2024/12/11 11:54,6,1,1,0.58
2024/12/11 11:54,14,2,1,0.7164
2024/12/11 11:54,16,1,0,0.7253
2024/12/11 11:54,12,1,0,0.4666
2024/12/11 11:54,12,2,0,0.7004
2024/12/11 11:54,14,2,1,0.6322
2024/12/11 11:54,14,0,1,0.766
2024/12/11 11:54,12,1,1,0.7249
2024/12/11 11:54,16,1,1,0.5981
2024/12/11 11:54,6,2,1,0.7741
2024/12/11 11:54,6,1,1,0.6372
2024/12/11 11:54,8,2,0,0.6372
2024/12/11 11:54,10,2,1,1.5031
2024/12/11 11:54,6,2,1,0.6378
2024/12/11 11:54,6,2,1,0.6077
2024/12/11 11:54,6,2,1,0.7168
2024/12/11 11:54,12,1,1,0.4577
2024/12/11 11:54,18,1,1,0.558
2024/12/11 11:54,20,2,1,0.7373
2024/12/11 11:54,18,2,0,1.368
2024/12/11 11:54,10,2,1,0.3607
2024/12/11 11:54,16,1,1,0.3607
2024/12/11 11:54,20,2,1,0.4701
2024/12/11 11:54,12,1,1,0.7209
2024/12/11 11:54,6,2,1,0.629
2024/12/11 11:54,18,2,1,0.629
2024/12/11 11:54,20,1,1,1.4418
2024/12/11 11:54,18,1,1,0.5733
2024/12/11 11:54,6,2,1,1.454
2024/12/11 11:54,6,1,1,1.0139
2024/12/11 11:55,14,1,1,0.9024
2024/12/11 11:55,18,1,1,0.5272
2024/12/11 11:55,14,1,1,0.7627
2024/12/11 11:55,14,1,1,0.6789
2024/12/11 11:55,6,2,1,1.5442
2024/12/11 11:55,4,2,1,0.5115
2024/12/11 11:55,8,0,1,0.5115
2024/12/11 11:55,8,2,1,0.7782
2024/12/11 11:55,16,2,1,0.6512
2024/12/11 11:55,14,1,1,0.7167
2024/12/11 11:55,14,1,1,0.7232
2024/12/11 11:55,18,2,1,0.5093
2024/12/11 11:55,18,1,1,0.5093
2024/12/11 11:55,16,1,0,2.1382
2024/12/11 11:55,6,1,1,0.3557
2024/12/11 11:55,12,1,1,0.6758
2024/12/11 11:55,14,1,1,0.5227
2024/12/11 11:55,14,1,1,0.48
2024/12/11 11:55,20,2,1,1.647
2024/12/11 11:55,20,1,1,1.647
2024/12/11 11:55,20,1,1,0.6658
2024/12/11 11:55,20,2,1,0.3367
2024/12/11 11:55,20,2,1,0.3031
2024/12/11 11:55,20,1,1,0.4099
2024/12/11 11:55,20,2,1,1.6872
2024/12/11 11:55,18,1,1,1.6872
2024/12/11 11:55,8,2,1,2.0315
2024/12/11 11:55,18,1,1,0.7086
2024/12/11 11:55,18,1,1,0.3072
2024/12/11 11:55,18,2,1,0.3706
2024/12/11 11:55,16,2,1,0.3706
2024/12/11 11:55,20,2,1,0.6664
2024/12/11 11:55,18,1,1,0.6923
2024/12/11 11:55,18,1,1,0.6555
2024/12/11 11:55,14,2,1,0.3367
2024/12/11 11:55,20,2,1,1.3557
2024/12/11 11:55,16,2,1,0.6881
2024/12/11 11:55,20,2,1,0.6436
2024/12/11 11:55,20,2,1,1.0002
2024/12/11 11:55,18,2,1,1.0002
2024/12/11 11:55,18,1,1,0.5295
2024/12/11 11:55,14,1,0,0.6962
2024/12/11 11:55,20,1,1,0.4401
2024/12/11 11:55,14,1,1,1.274
2024/12/11 11:55,12,1,1,0.4067
2024/12/11 11:55,16,1,1,0.4067
2024/12/11 11:55,14,1,1,2.0561
2024/12/11 11:55,18,2,1,0.7809
2024/12/11 11:55,12,1,1,0.5662
2024/12/11 11:55,12,2,1,0.7414
2024/12/11 11:55,10,2,1,0.7495
2024/12/11 11:56,14,1,1,0.5253
2024/12/11 11:56,14,1,1,0.77
2024/12/11 11:56,14,0,1,0.7741
2024/12/11 11:56,16,1,1,0.6959
2024/12/11 11:56,6,2,1,0.8068
2024/12/11 11:56,14,1,1,0.7864
2024/12/11 11:56,8,2,1,0.8304
2024/12/11 11:56,20,1,1,0.5684
2024/12/11 11:56,12,2,1,0.8151
2024/12/11 11:56,12,1,1,0.8355
2024/12/11 11:56,10,1,1,0.6714
2024/12/11 11:56,14,2,1,0.7741
2024/12/11 11:56,16,1,1,0.7905
2024/12/11 11:56,14,1,1,0.6652
2024/12/11 11:56,14,0,1,0.7852
2024/12/11 11:56,14,1,1,0.808
2024/12/11 11:56,12,1,1,0.8069
2024/12/11 11:56,12,2,1,0.6305
2024/12/11 11:56,14,2,1,0.7946
2024/12/11 11:56,12,1,1,0.7781
2024/12/11 11:56,20,2,1,0.8314
2024/12/11 11:56,16,2,1,0.8314
2024/12/11 11:56,18,1,1,0.8314
2024/12/11 11:56,12,1,1,0.5743
2024/12/11 11:56,12,1,1,0.7167
2024/12/11 11:56,14,2,1,0.6921
2024/12/11 11:56,10,1,1,0.7705
2024/12/11 11:56,12,2,1,0.7705
2024/12/11 11:56,14,1,1,1.8003
2024/12/11 11:56,12,2,1,0.8274
2024/12/11 11:56,6,1,1,0.8396
2024/12/11 11:56,12,1,1,0.8478
2024/12/11 11:56,6,1,1,0.8478
2024/12/11 11:56,14,2,1,0.5386
2024/12/11 11:56,14,1,1,0.8151
2024/12/11 11:56,20,1,1,0.8192
2024/12/11 11:56,14,1,1,0.827
2024/12/11 11:56,12,0,0,0.5664
2024/12/11 11:56,18,1,1,0.8069
2024/12/11 11:56,20,1,1,0.8232
2024/12/11 11:56,18,1,1,0.8232
2024/12/11 11:56,18,2,1,2.3633
2024/12/11 11:56,14,1,1,0.8232
2024/12/11 11:56,14,2,1,0.8232
2024/12/11 11:56,16,2,1,1.7039
2024/12/11 11:56,12,1,1,0.6319
2024/12/11 11:56,12,1,1,0.8315
2024/12/11 11:56,16,1,1,0.8481
2024/12/11 11:56,16,2,1,0.8067
2024/12/11 11:57,16,2,0,0.8804
2024/12/11 11:57,20,1,1,0.9979
2024/12/11 11:57,12,1,1,0.9979
2024/12/11 11:57,14,1,1,2.2625
2024/12/11 11:57,12,1,1,2.2625
2024/12/11 11:57,14,1,1,1.7592
2024/12/11 11:57,10,1,1,0.3031
2024/12/11 11:57,12,1,1,0.3031
2024/12/11 11:57,14,2,0,0.3031
2024/12/11 11:57,16,1,1,0.6877
2024/12/11 11:57,14,1,0,0.8192
2024/12/11 11:57,12,1,1,0.8192
2024/12/11 11:57,10,1,1,0.8396
2024/12/11 11:57,14,0,1,0.811
2024/12/11 11:57,16,2,1,0.7041
2024/12/11 11:57,14,1,1,0.7041
2024/12/11 11:57,16,2,1,1.4991
2024/12/11 11:57,18,1,1,0.3824
2024/12/11 11:57,16,1,1,0.6832
2024/12/11 11:57,14,2,1,0.3044
2024/12/11 11:57,14,1,0,1.8021
2024/12/11 11:57,12,1,1,0.5041
2024/12/11 11:57,14,1,0,0.5041
2024/12/11 11:57,14,1,1,0.5041
2024/12/11 11:57,6,2,1,0.5576
2024/12/11 11:57,16,2,0,0.5576
2024/12/11 11:57,12,1,1,0.3031
2024/12/11 11:57,12,1,0,0.3864
2024/12/11 11:57,12,2,1,0.3864
2024/12/11 11:57,18,2,1,0.4872
2024/12/11 11:57,8,1,1,0.7536
2024/12/11 11:57,14,2,1,0.7741
2024/12/11 11:57,10,1,1,0.7823
2024/12/11 11:57,12,2,1,0.7823
2024/12/11 11:57,14,1,1,2.2814
2024/12/11 11:57,6,2,1,0.77
2024/12/11 11:57,6,2,1,0.7782
2024/12/11 11:57,12,1,1,0.6323
2024/12/11 11:57,4,2,1,0.7167
2024/12/11 11:57,14,1,1,0.6901
2024/12/11 11:58,6,2,1,2.1688
2024/12/11 11:58,10,2,1,0.8633
2024/12/11 11:58,10,2,1,0.5605
2024/12/11 11:58,20,2,1,0.8291
2024/12/11 11:58,10,1,1,0.8028
2024/12/11 11:58,12,1,1,0.8974
2024/12/11 11:58,6,1,1,0.8356
2024/12/11 11:58,12,1,1,0.8609
2024/12/11 11:58,16,2,0,0.6521
2024/12/11 11:58,18,2,1,0.8334
2024/12/11 11:58,6,1,1,0.805
2024/12/11 11:58,12,2,1,0.7946
2024/12/11 11:58,8,2,1,0.8584
2024/12/11 11:58,12,1,1,1.4639
2024/12/11 11:58,20,2,1,0.7495
2024/12/11 11:58,14,2,1,0.7095
2024/12/11 11:58,18,1,1,0.7249
2024/12/11 11:58,10,1,1,0.3008
2024/12/11 11:58,10,2,1,0.3037
2024/12/11 11:58,6,1,1,0.7414
2024/12/11 11:58,10,1,1,0.678
2024/12/11 11:58,14,1,1,0.7045
2024/12/11 11:58,18,1,1,0.6881
2024/12/11 11:58,16,2,1,0.5027
2024/12/11 11:58,14,1,1,0.7414
2024/12/11 11:58,18,2,1,0.7947
2024/12/11 11:58,14,1,1,0.6296
2024/12/11 11:58,6,2,1,0.8397
2024/12/11 11:58,14,2,1,0.8109
2024/12/11 11:58,22,2,1,0.7987
2024/12/11 11:58,18,1,1,0.9201
2024/12/11 11:58,18,1,1,0.3809
2024/12/11 11:58,8,2,1,0.8109
2024/12/11 11:58,16,1,1,0.8602
2024/12/11 11:58,16,2,1,0.8683
2024/12/11 11:58,18,1,1,0.8615
2024/12/11 11:58,6,2,1,0.7822
2024/12/11 11:58,18,1,1,0.7558
2024/12/11 11:58,8,2,1,0.7433
2024/12/11 11:58,6,1,1,0.8477
2024/12/11 11:59,12,1,1,1.4665
2024/12/11 11:59,16,1,1,0.7946
2024/12/11 11:59,20,1,1,0.7536
2024/12/11 11:59,20,1,1,0.5821
2024/12/11 11:59,16,2,1,0.7905
2024/12/11 11:59,14,1,1,0.7372
2024/12/11 11:59,6,0,1,0.5633
2024/12/11 11:59,12,2,1,0.4321
2024/12/11 11:59,18,1,1,0.4321
2024/12/11 11:59,14,2,1,0.495
2024/12/11 11:59,18,2,1,0.7536
2024/12/11 11:59,20,2,1,1.4622
2024/12/11 11:59,14,2,1,0.7495
2024/12/11 11:59,22,2,1,0.7741
2024/12/11 11:59,6,1,1,0.7284
2024/12/11 11:59,12,1,1,0.7472
2024/12/11 11:59,8,2,1,0.7454
2024/12/11 11:59,14,2,1,0.679
2024/12/11 11:59,20,2,1,0.729
2024/12/11 11:59,12,0,1,0.7332
2024/12/11 11:59,4,2,1,0.8594
2024/12/11 11:59,14,1,1,1.333
2024/12/11 11:59,12,1,1,0.7525
2024/12/11 11:59,14,1,1,0.9177
2024/12/11 11:59,18,1,1,1.376
2024/12/11 11:59,14,1,1,0.3031
2024/12/11 11:59,16,1,1,0.3013
2024/12/11 11:59,6,2,1,0.3013
2024/12/11 11:59,8,2,1,1.7141
2024/12/11 11:59,12,1,1,0.4912
2024/12/11 11:59,18,2,1,0.77
2024/12/11 11:59,20,2,1,0.7037
2024/12/11 11:59,16,1,1,0.7292
2024/12/11 11:59,20,1,1,0.7331
2024/12/11 11:59,16,2,1,0.5952
2024/12/11 11:59,14,1,1,0.7618
2024/12/11 11:59,10,2,1,0.3361
2024/12/11 11:59,16,1,1,0.7619
2024/12/11 11:59,14,1,1,0.7618
2024/12/11 11:59,14,1,1,0.7618
2024/12/11 11:59,18,1,1,2.2322
2024/12/11 11:59,6,2,1,0.7823
2024/12/11 11:59,8,2,1,0.3006
2024/12/11 11:59,12,1,1,0.3006
2024/12/11 11:59,8,2,1,0.6209
2024/12/11 11:59,12,2,1,0.7618
2024/12/11 11:59,14,2,1,0.7782
2024/12/11 11:59,14,1,1,0.6971
2024/12/11 11:59,20,1,1,0.7823
2024/12/11 11:59,14,1,1,0.7873
2024/12/11 11:59,14,1,1,1.4828
2024/12/11 11:59,18,2,1,0.7494
2024/12/11 11:59,6,2,1,0.4505
2024/12/11 11:59,22,1,1,0.484
2024/12/11 11:59,20,2,1,0.484
2024/12/11 11:59,12,2,1,1.5563
2024/12/11 11:59,20,2,1,0.9749
2024/12/11 12:00,18,1,1,0.9749
2024/12/11 12:00,20,2,1,1.454
2024/12/11 12:00,12,2,1,0.4692
2024/12/11 12:00,12,1,1,0.4692
2024/12/11 12:00,14,2,1,0.4692
2024/12/11 12:00,18,2,1,0.4692
2024/12/11 12:00,6,2,1,5.166
2024/12/11 12:00,6,2,1,0.3428
2024/12/11 12:00,6,2,1,0.8228
2024/12/11 12:00,20,2,1,0.3188
2024/12/11 12:00,12,2,0,2.0778
2024/12/11 12:00,14,1,1,0.5112
2024/12/11 12:00,14,2,1,0.4554
2024/12/11 12:00,16,2,1,0.8028
2024/12/11 12:00,14,1,1,0.8293
2024/12/11 12:00,20,1,1,0.8931
2024/12/11 12:00,8,2,1,0.4135
2024/12/11 12:00,14,1,1,0.7886
2024/12/11 12:00,14,1,1,0.5744
2024/12/11 12:00,18,1,1,1.0384
2024/12/11 12:00,6,1,1,0.4972
2024/12/11 12:00,8,2,1,0.4225
2024/12/11 12:00,6,1,1,0.473
2024/12/11 12:00,16,1,1,0.7987
2024/12/11 12:00,18,2,1,0.9812
2024/12/11 12:00,12,2,1,0.4487
2024/12/11 12:00,20,1,1,0.8028
2024/12/11 12:00,20,1,1,0.8314
2024/12/11 12:00,6,0,1,1.0042
2024/12/11 12:00,20,0,1,0.4975
2024/12/11 12:00,20,2,1,0.5047
2024/12/11 12:00,8,2,1,0.9428
2024/12/11 12:00,12,2,1,0.7412
2024/12/11 12:00,12,2,1,0.5962
2024/12/11 12:00,6,0,1,1.5196
2024/12/11 12:00,6,2,1,1.5196
2024/12/11 12:01,6,2,1,0.3309
2024/12/11 12:01,12,1,1,0.8532
2024/12/11 12:01,12,1,1,0.5523
2024/12/11 12:01,12,1,1,0.7905
2024/12/11 12:01,18,1,1,1.207
2024/12/11 12:01,6,2,1,0.6681
2024/12/11 12:01,20,1,1,0.6471
2024/12/11 12:01,6,2,1,2.2158
2024/12/11 12:01,6,1,1,0.4237
2024/12/11 12:01,8,2,1,0.7577
2024/12/11 12:01,12,1,1,1.4862
2024/12/11 12:01,14,1,1,0.6374
2024/12/11 12:01,8,1,1,0.8806
2024/12/11 12:01,6,0,1,0.8478
2024/12/11 12:01,8,2,1,0.9254
2024/12/11 12:01,6,1,1,0.5798
2024/12/11 12:01,6,2,1,0.8307
2024/12/11 12:01,8,1,1,0.8681
2024/12/11 12:01,6,0,1,1.5915
2024/12/11 12:01,18,1,1,0.8273
2024/12/11 12:01,12,1,1,0.8355
2024/12/11 12:01,14,1,1,0.8069
2024/12/11 12:01,14,1,1,0.5832
2024/12/11 12:01,14,1,1,0.7864
2024/12/11 12:01,20,1,1,0.7981
2024/12/11 12:01,12,1,1,0.7136
2024/12/11 12:01,18,2,1,0.7701
2024/12/11 12:01,14,2,1,0.7741
2024/12/11 12:01,20,1,1,0.7659
2024/12/11 12:01,16,1,1,0.5724
2024/12/11 12:01,16,2,1,0.7741
2024/12/11 12:01,16,2,1,0.807
2024/12/11 12:01,14,1,1,0.848
2024/12/11 12:01,14,2,1,0.5234
2024/12/11 12:02,14,2,1,0.8274
2024/12/11 12:02,12,1,0,0.7946
2024/12/11 12:02,12,1,1,0.7245
2024/12/11 12:02,12,2,1,0.7701
2024/12/11 12:02,12,2,1,0.7701
2024/12/11 12:02,20,2,1,0.6318
2024/12/11 12:02,12,1,1,0.3712
2024/12/11 12:02,18,2,1,0.3031
2024/12/11 12:02,12,1,1,0.426
2024/12/11 12:02,14,1,1,0.426
2024/12/11 12:02,12,1,1,2.0397
2024/12/11 12:02,14,1,1,2.0397
2024/12/11 12:02,14,1,1,0.5257
2024/12/11 12:02,20,1,1,0.5006
2024/12/11 12:02,12,1,0,0.3072
2024/12/11 12:02,16,2,0,0.3928
2024/12/11 12:02,12,2,1,1.3148
2024/12/11 12:02,18,1,1,0.6389
2024/12/11 12:02,14,1,1,0.6182
2024/12/11 12:02,12,0,1,0.3989
2024/12/11 12:02,18,2,1,0.3989
2024/12/11 12:02,14,2,0,2.3495
2024/12/11 12:02,6,2,1,0.7455
2024/12/11 12:02,14,2,0,0.6517
2024/12/11 12:02,8,1,1,0.7865
2024/12/11 12:02,20,1,0,0.7782
2024/12/11 12:02,8,0,0,0.7966
2024/12/11 12:02,10,2,1,0.5095
2024/12/11 12:02,14,2,1,0.77
2024/12/11 12:02,10,1,1,0.7577
2024/12/11 12:02,8,2,1,0.5968
2024/12/11 12:02,8,2,1,0.4431
2024/12/11 12:02,20,1,1,1.1788
2024/12/11 12:02,10,2,1,0.8151
2024/12/11 12:02,22,2,1,1.0148
2024/12/11 12:02,12,1,1,1.368
2024/12/11 12:02,8,1,1,1.368
2024/12/11 12:02,14,1,0,1.368
2024/12/11 12:02,16,2,1,1.368
2024/12/11 12:02,20,1,1,1.368
2024/12/11 12:02,16,1,1,5.3911
2024/12/11 12:02,14,1,1,1.5441
2024/12/11 12:02,12,2,1,0.5037
2024/12/11 12:02,14,2,1,0.5037
2024/12/11 12:02,16,1,1,2.519
2024/12/11 12:02,18,2,1,0.7986
2024/12/11 12:02,14,1,0,0.8232
2024/12/11 12:02,16,2,1,0.8742
2024/12/11 12:02,12,2,1,0.4427
2024/12/11 12:02,20,2,1,0.7413
2024/12/11 12:02,14,1,1,0.827
2024/12/11 12:02,16,2,0,0.9112
2024/12/11 12:02,12,1,0,1.0213
2024/12/11 12:02,14,1,1,1.156
2024/12/11 12:02,16,1,1,0.9111
2024/12/11 12:02,14,1,1,0.4369
2024/12/11 12:02,10,1,1,0.7781
2024/12/11 12:02,12,1,1,0.8145
2024/12/11 12:02,12,2,1,0.4995
2024/12/11 12:03,20,2,1,0.7987
2024/12/11 12:03,8,2,1,0.8232
2024/12/11 12:03,18,1,1,0.899
2024/12/11 12:03,16,2,1,0.5844
2024/12/11 12:03,14,1,1,0.3665
2024/12/11 12:03,14,1,0,0.3665
2024/12/11 12:03,18,2,1,1.9354
2024/12/11 12:03,20,2,0,0.471
2024/12/11 12:03,18,2,0,0.424
2024/12/11 12:03,20,2,0,1.3819
2024/12/11 12:03,18,1,0,0.7741
2024/12/11 12:03,14,2,1,0.8325
2024/12/11 12:03,16,2,1,0.4764
2024/12/11 12:03,14,2,1,0.5011
2024/12/11 12:03,12,2,1,1.0594
2024/12/11 12:03,14,1,1,1.0412
2024/12/11 12:03,14,0,0,0.4743
2024/12/11 12:03,14,1,1,0.6922
2024/12/11 12:03,14,1,1,0.7303
2024/12/11 12:03,20,2,1,0.4107
2024/12/11 12:03,16,2,0,0.7906
2024/12/11 12:03,12,1,1,0.8204
2024/12/11 12:03,12,1,1,0.963
2024/12/11 12:03,14,1,1,1.032
2024/12/11 12:03,16,1,0,1.2231
2024/12/11 12:03,12,2,1,0.8641
2024/12/11 12:03,12,1,1,0.5274
2024/12/11 12:03,20,1,0,0.8061
2024/12/11 12:03,18,1,1,0.8273
2024/12/11 12:03,16,2,1,0.8027
2024/12/11 12:03,18,1,0,0.9794
2024/12/11 12:03,18,1,1,0.4642
2024/12/11 12:03,20,2,1,0.7741
2024/12/11 12:03,18,1,1,0.8069
2024/12/11 12:03,20,1,1,0.9428
2024/12/11 12:03,20,1,1,1.5677
2024/12/11 12:03,20,1,0,1.5677
2024/12/11 12:03,16,1,1,0.6097
2024/12/11 12:03,12,1,0,0.7823
2024/12/11 12:03,16,1,1,0.7864
2024/12/11 12:03,12,2,1,0.8198
2024/12/11 12:03,20,1,1,0.5219
2024/12/11 12:03,14,2,0,0.7455
2024/12/11 12:03,14,1,1,0.7741
2024/12/11 12:03,10,1,1,0.5693
2024/12/11 12:03,10,1,1,0.7939
2024/12/11 12:03,20,1,0,0.8036
2024/12/11 12:03,14,1,1,0.839
2024/12/11 12:03,12,2,1,0.5215
2024/12/11 12:03,12,1,0,0.7788
2024/12/11 12:03,16,1,1,0.7577
2024/12/11 12:03,14,2,1,0.521
2024/12/11 12:03,14,2,0,0.9338
2024/12/11 12:03,12,1,1,0.3031
2024/12/11 12:03,12,1,1,0.5575
2024/12/11 12:04,12,2,1,1.4172
2024/12/11 12:04,4,2,1,0.7126
2024/12/11 12:04,10,2,1,0.7577
2024/12/11 12:06,12,1,1,0.7284
2024/12/11 12:06,6,2,1,0.7781
2024/12/11 12:06,10,2,1,0.6709
2024/12/11 12:06,8,2,1,0.7332
2024/12/11 12:06,18,1,1,0.7262
2024/12/11 12:06,14,1,1,1.4404
2024/12/11 12:06,12,1,1,1.6342
2024/12/11 12:06,6,1,0,0.8847
2024/12/11 12:06,6,1,1,0.9368
2024/12/11 12:06,16,2,1,0.4551
2024/12/11 12:06,14,1,1,0.9011
2024/12/11 12:06,10,2,1,0.8642
2024/12/11 12:06,14,1,1,0.8397
2024/12/11 12:06,12,1,1,0.811
2024/12/11 12:06,12,1,1,0.7372
2024/12/11 12:06,12,1,1,0.7495
2024/12/11 12:06,14,1,1,0.8478
2024/12/11 12:06,14,1,1,0.8355
2024/12/11 12:06,20,2,1,0.9575
2024/12/11 12:06,14,1,1,0.8683
2024/12/11 12:06,14,2,1,0.8479
2024/12/11 12:06,12,1,1,0.8406
2024/12/11 12:06,12,1,1,0.8519
2024/12/11 12:07,12,2,1,0.8766
2024/12/11 12:07,12,1,1,0.8355
2024/12/11 12:07,12,1,1,0.8355
2024/12/11 12:07,12,1,0,1.6676
2024/12/11 12:07,12,1,1,0.5953
2024/12/11 12:07,12,1,1,0.7622
2024/12/11 12:07,6,2,1,0.3
2024/12/11 12:07,12,1,1,0.3
2024/12/11 12:07,16,2,1,2.3317
2024/12/11 12:07,12,1,1,0.7646
2024/12/11 12:07,12,2,1,0.8099
2024/12/11 12:07,12,1,1,0.8519
2024/12/11 12:07,12,1,0,0.8355
2024/12/11 12:07,12,1,1,0.8643
2024/12/11 12:07,12,1,1,0.8682
2024/12/11 12:07,12,1,1,0.6948
2024/12/11 12:07,4,1,1,0.6327
2024/12/11 12:07,12,1,1,0.6438
2024/12/11 12:07,12,2,1,0.6996
2024/12/11 12:07,8,2,1,0.7578
2024/12/11 12:07,8,1,1,0.5945
2024/12/11 12:07,8,1,1,2.4405
2024/12/11 12:07,12,2,1,0.5542
2024/12/11 12:07,6,2,1,0.739
2024/12/11 12:07,12,1,1,0.6676
2024/12/11 12:07,8,2,1,0.6529
2024/12/11 12:07,8,2,1,0.3095
2024/12/11 12:07,6,1,1,2.3489
2024/12/11 12:07,6,2,1,0.7199
2024/12/11 12:08,8,1,1,0.7299
2024/12/11 12:08,6,2,1,0.8018
2024/12/11 12:08,8,1,1,0.8018
2024/12/11 12:08,6,2,1,0.8602
2024/12/11 12:08,4,2,1,1.6957
2024/12/11 12:08,10,1,1,0.8069
2024/12/11 12:08,14,2,1,0.7659
2024/12/11 12:08,12,1,1,0.5516
2024/12/11 12:08,10,2,1,0.7455
2024/12/11 12:08,12,1,1,0.4671
2024/12/11 12:08,8,2,1,0.7454
2024/12/11 12:08,8,1,1,0.8862
2024/12/11 12:08,8,2,1,0.601
2024/12/11 12:08,12,1,0,0.7904
2024/12/11 12:08,12,1,1,0.6525
2024/12/11 12:08,6,1,1,0.5274
2024/12/11 12:08,8,2,1,0.726
2024/12/11 12:08,6,1,1,0.7531
2024/12/11 12:08,6,2,1,0.7531
2024/12/11 12:09,4,2,1,0.7694
2024/12/11 12:09,12,2,1,0.77
2024/12/11 12:09,8,1,1,0.5592
2024/12/11 12:09,12,2,1,0.7989
2024/12/11 12:09,6,1,1,0.8356
2024/12/11 12:09,10,1,1,0.7946
2024/12/11 12:09,10,2,1,0.7864
2024/12/11 12:09,12,2,0,0.8111
2024/12/11 12:09,8,1,1,0.8199
2024/12/11 12:09,12,2,0,1.6007
2024/12/11 12:09,10,1,1,0.8191
2024/12/11 12:09,12,1,1,0.8069
2024/12/11 12:09,12,2,1,0.7904
2024/12/11 12:09,6,1,1,0.811
2024/12/11 12:09,10,1,1,0.8111
2024/12/11 12:09,12,1,1,0.6129
2024/12/11 12:09,12,1,1,0.8315
2024/12/11 12:09,12,2,1,0.7946
2024/12/11 12:09,6,1,1,0.856
2024/12/11 12:09,12,2,1,0.5422
2024/12/11 12:10,12,1,1,1.0224
2024/12/11 12:10,12,1,1,0.4817
2024/12/11 12:10,12,1,1,0.4817
2024/12/11 12:10,6,1,1,0.6415
2024/12/11 12:10,6,1,1,0.7823
2024/12/11 12:10,6,1,1,0.5699
2024/12/11 12:10,12,1,1,0.8192
2024/12/11 12:10,12,2,1,0.7537
2024/12/11 12:10,8,2,1,0.5245
2024/12/11 12:10,6,2,1,0.7689
2024/12/11 12:10,6,2,1,0.7692
2024/12/11 12:10,8,1,1,0.5648
2024/12/11 12:11,6,2,1,0.77
2024/12/11 12:11,8,2,1,0.7499
2024/12/11 12:11,8,1,1,2.265
2024/12/11 12:11,10,2,1,1.4254
2024/12/11 12:11,8,1,1,0.7209
2024/12/11 12:11,6,1,1,0.7044
2024/12/11 12:11,12,1,1,0.4469
2024/12/11 12:11,10,1,1,0.7127
2024/12/11 12:11,12,2,1,0.8446
2024/12/11 12:11,10,1,1,1.1951
2024/12/11 12:11,6,2,1,0.8599
2024/12/11 12:11,10,2,1,1.1553
2024/12/11 12:11,10,2,1,0.4845
2024/12/11 12:11,6,2,1,0.4845
2024/12/11 12:11,12,1,1,0.6881
2024/12/11 12:11,10,1,1,0.6881
2024/12/11 12:11,12,0,1,0.6881
2024/12/11 12:11,10,1,1,0.6881
2024/12/11 12:11,6,2,1,0.6881
2024/12/11 12:11,8,2,1,0.6914
2024/12/11 12:11,4,2,1,1.1444
2024/12/11 12:12,12,2,0,0.8979
2024/12/11 12:12,6,2,1,0.4461
2024/12/11 12:12,8,2,1,0.8356
2024/12/11 12:12,18,1,1,0.8601
2024/12/11 12:12,6,2,1,0.5974
2024/12/11 12:12,6,2,1,0.5508
2024/12/11 12:12,12,1,1,0.6717
2024/12/11 12:12,6,1,1,1.3475
2024/12/11 12:12,10,0,1,0.6758
2024/12/11 12:12,6,2,1,0.9869
2024/12/11 12:12,14,2,1,0.9898
2024/12/11 12:12,6,0,1,1.2457
2024/12/11 12:12,6,1,1,0.922
2024/12/11 12:12,12,1,1,0.513
2024/12/11 12:12,6,1,1,1.0343
2024/12/11 12:12,14,2,1,0.5065
2024/12/11 12:12,12,1,1,0.8057
2024/12/11 12:12,6,1,1,0.7773
2024/12/11 12:12,18,1,1,0.8461
2024/12/11 12:12,8,2,1,0.3573
2024/12/11 12:12,8,1,1,0.7408
2024/12/11 12:12,12,1,1,0.9651
2024/12/11 12:12,10,2,1,0.5081
2024/12/11 12:12,10,1,1,0.7735
2024/12/11 12:12,10,1,1,0.831
2024/12/11 12:12,10,2,1,0.7696
2024/12/11 12:12,12,1,1,0.5677
2024/12/11 12:12,4,1,1,0.8066
2024/12/11 12:12,10,1,1,0.8394
2024/12/11 12:12,14,2,1,0.3877
2024/12/11 12:12,8,1,1,0.964
2024/12/11 12:12,18,1,1,0.8617
2024/12/11 12:12,14,2,1,0.5037
2024/12/11 12:12,8,1,1,0.7917
2024/12/11 12:12,14,1,1,0.7944
2024/12/11 12:12,12,2,1,0.7985
2024/12/11 12:12,12,1,1,0.6913
2024/12/11 12:13,12,1,1,0.7917
2024/12/11 12:13,8,1,1,1.5589
2024/12/11 12:13,18,1,1,0.8568
2024/12/11 12:13,12,1,1,0.8777
2024/12/11 12:13,12,1,1,0.7181
2024/12/11 12:13,6,1,1,0.6089
2024/12/11 12:13,12,1,1,0.86
2024/12/11 12:13,12,1,1,0.8109
2024/12/11 12:13,12,1,1,0.8273
2024/12/11 12:13,12,1,1,0.9137
2024/12/11 12:13,12,1,0,0.5711
2024/12/11 12:13,12,1,1,0.8109
2024/12/11 12:13,12,1,1,0.8109
2024/12/11 12:13,12,1,1,0.7388
2024/12/11 12:13,14,1,1,0.7699
2024/12/11 12:13,14,2,1,0.8069
2024/12/11 12:13,18,1,1,0.8437
2024/12/11 12:13,14,2,1,0.8581
2024/12/11 12:13,20,1,1,0.55
2024/12/11 12:13,14,1,1,0.55
2024/12/11 12:13,10,1,1,1.544
2024/12/11 12:13,10,1,1,0.6884
2024/12/11 12:13,12,1,1,0.7945
2024/12/11 12:13,12,1,0,0.7536
2024/12/11 12:13,16,1,1,0.7781
2024/12/11 12:13,14,2,1,0.5323
2024/12/11 12:13,12,2,0,0.5323
2024/12/11 12:13,12,1,1,4.8361
2024/12/11 12:13,14,1,1,0.5869
2024/12/11 12:13,8,2,1,0.8191
2024/12/11 12:13,8,2,1,0.7496
2024/12/11 12:13,14,2,1,0.8378
2024/12/11 12:13,6,2,1,0.3836
2024/12/11 12:13,6,1,1,0.7249
2024/12/11 12:13,18,2,1,0.9751
2024/12/11 12:13,12,1,1,1.3469
2024/12/11 12:13,8,2,1,0.7904
2024/12/11 12:13,14,2,1,0.5226
2024/12/11 12:13,4,1,1,0.8028
2024/12/11 12:13,6,2,1,0.7987
2024/12/11 12:13,10,2,1,0.8108
2024/12/11 12:13,14,1,1,0.4461
2024/12/11 12:13,8,0,1,0.5398
2024/12/11 12:13,12,1,1,0.8396
2024/12/11 12:13,14,2,1,0.8355
2024/12/11 12:13,12,1,1,0.9234
2024/12/11 12:14,8,1,1,0.8355
2024/12/11 12:14,6,1,1,0.9222
2024/12/11 12:14,10,2,1,0.8069
2024/12/11 12:14,14,1,1,0.7863
2024/12/11 12:14,12,1,1,0.9776
2024/12/11 12:14,8,1,1,0.8193
2024/12/11 12:14,18,1,1,0.8108
2024/12/11 12:14,16,1,1,0.858
2024/12/11 12:14,10,2,1,1.0483
2024/12/11 12:14,6,2,1,1.3129
2024/12/11 12:14,10,2,1,0.8653
2024/12/11 12:14,8,2,1,0.5186
2024/12/11 12:14,14,1,1,0.8594
2024/12/11 12:14,12,1,1,0.9227
2024/12/11 12:14,10,1,1,0.8274
2024/12/11 12:14,12,2,1,0.4884
2024/12/11 12:14,6,1,1,0.8151
2024/12/11 12:14,8,2,1,0.815
2024/12/11 12:14,4,2,1,0.8931
2024/12/11 12:14,6,2,1,0.4919
2024/12/11 12:14,14,2,1,0.7664
2024/12/11 12:14,12,2,1,0.6054
2024/12/11 12:14,20,1,1,0.6054
2024/12/11 12:14,12,2,1,1.4077
2024/12/11 12:14,14,0,1,1.0212
2024/12/11 12:14,12,1,1,0.9856
2024/12/11 12:14,12,1,1,1.3858
2024/12/11 12:14,8,1,1,0.8027
2024/12/11 12:14,6,1,1,0.8109
2024/12/11 12:14,12,1,1,1.5279
2024/12/11 12:14,10,2,1,0.779
2024/12/11 12:14,6,2,1,0.7855
2024/12/11 12:14,12,2,1,0.654
2024/12/11 12:14,20,1,1,0.8274
2024/12/11 12:14,12,2,1,0.8356
2024/12/11 12:14,14,1,1,0.8953
2024/12/11 12:14,14,1,1,0.54
2024/12/11 12:14,20,2,1,0.7823
2024/12/11 12:15,16,2,1,0.7659
2024/12/11 12:15,20,2,0,0.5592
2024/12/11 12:15,20,2,1,0.3523
2024/12/11 12:15,12,1,1,0.9936
2024/12/11 12:15,18,1,1,1.0668
2024/12/11 12:15,14,1,1,1.0668
2024/12/11 12:15,14,1,1,1.0668
2024/12/11 12:15,16,2,1,1.0668
2024/12/11 12:15,6,1,1,0.6828
2024/12/11 12:15,12,2,0,0.6828
2024/12/11 12:15,12,1,1,0.5332
2024/12/11 12:28,6,2,1,1.4417
2024/12/11 12:28,4,2,1,0.304
2024/12/11 12:28,4,2,0,0.5693
2024/12/11 12:28,6,2,1,1.1141
2024/12/11 12:29,12,2,1,0.7522
2024/12/11 12:29,6,2,0,0.9246
2024/12/11 12:29,10,2,1,0.303
2024/12/11 12:29,10,2,0,0.8069
2024/12/11 12:29,6,2,1,0.3022
2024/12/11 12:29,6,1,1,2.4409
2024/12/11 12:29,6,2,1,1.2205
2024/12/11 12:29,20,2,1,1.0362
2024/12/11 12:29,20,2,0,0.3051
2024/12/11 12:29,6,2,1,0.7168
2024/12/11 12:29,12,2,1,0.9977
2024/12/11 12:30,6,2,1,1.4441
2024/12/11 12:31,8,2,1,0.6835
2024/12/11 12:31,6,2,1,0.3023
2024/12/11 12:31,10,2,1,0.9944
2024/12/11 12:31,6,2,0,0.3031
2024/12/11 12:31,6,2,1,1.0582
2024/12/11 12:31,6,2,1,1.0404
2024/12/11 12:31,4,2,1,0.4219
2024/12/11 12:32,6,2,1,0.3031
2024/12/11 12:32,4,2,1,0.7045
2024/12/11 12:32,8,2,1,1.2154
2024/12/11 12:32,6,2,1,0.5679
2024/12/11 12:32,12,2,1,0.3034
2024/12/11 12:32,10,2,1,1.892
2024/12/11 12:32,6,2,1,0.9842
2024/12/11 12:32,6,2,1,1.0524
2024/12/11 12:32,8,2,1,0.6341
2024/12/11 12:32,6,1,1,0.3005
2024/12/11 12:32,6,1,1,0.3072
2024/12/11 12:32,6,2,1,0.303
2024/12/11 12:32,6,2,1,0.303
2024/12/11 12:32,6,2,1,1.0057
2024/12/11 12:32,6,2,1,1.0239
2024/12/11 12:32,6,2,1,2.0466
2024/12/11 12:32,6,0,1,1.1427
2024/12/11 12:32,6,2,1,1.0078
2024/12/11 12:33,10,2,1,0.3074
2024/12/11 12:33,12,1,1,0.3645
2024/12/11 12:33,12,2,0,0.5691
2024/12/11 12:33,12,2,1,1.0191
2024/12/11 12:33,12,2,0,0.6508
2024/12/11 12:33,12,2,1,0.6508
2024/12/11 12:33,12,2,1,1.6062
2024/12/11 12:33,8,2,1,1.097
2024/12/11 12:33,12,2,1,0.303
2024/12/11 12:33,6,2,1,0.3031
2024/12/11 12:33,8,1,1,0.6597
2024/12/11 12:33,6,1,1,1.0098
2024/12/11 12:33,6,1,1,0.3027
2024/12/11 12:33,6,2,1,1.0086
2024/12/11 12:33,12,2,1,0.7453
2024/12/11 12:33,10,1,1,0.9911
2024/12/11 12:33,8,2,1,0.3031
2024/12/11 12:33,8,2,1,0.7372
2024/12/11 12:33,6,2,1,1.1714
2024/12/11 12:33,12,1,1,0.7241
2024/12/11 12:33,10,2,1,0.7073
2024/12/11 12:33,12,1,1,0.9993
2024/12/11 12:33,8,2,1,0.3212
2024/12/11 12:33,6,2,1,0.9835
2024/12/11 12:33,12,2,1,0.9985
2024/12/11 12:33,6,1,0,0.997
2024/12/11 12:33,10,1,1,1.1386
2024/12/11 12:33,8,2,1,1.11
2024/12/11 12:33,8,2,1,0.9666
2024/12/11 12:33,8,2,1,0.9912
2024/12/11 12:33,8,1,1,1.0281
2024/12/11 12:33,10,2,1,1.0934
2024/12/11 12:33,12,2,0,1.0814
2024/12/11 12:33,8,1,1,1.0977
2024/12/11 12:33,12,2,1,1.0853
2024/12/11 12:33,12,1,1,1.0895
2024/12/11 12:33,8,0,1,1.0895
2024/12/11 12:33,10,2,1,0.3046
2024/12/11 12:33,8,1,1,0.7014
2024/12/11 12:33,12,2,1,0.9895
2024/12/11 12:33,12,2,1,1.0129
2024/12/11 12:33,8,2,1,0.9978
2024/12/11 12:33,10,1,1,1.0567
2024/12/11 12:34,8,2,1,0.9789
2024/12/11 12:34,8,2,1,0.9462
2024/12/11 12:34,10,1,1,1.2239
2024/12/11 12:34,8,2,1,0.8164
2024/12/11 12:34,20,1,1,0.9753
2024/12/11 12:34,10,2,1,0.3031
2024/12/11 12:34,12,2,1,0.6798
2024/12/11 12:34,8,2,1,0.9348
2024/12/11 12:34,12,2,1,1.0282
2024/12/11 12:34,6,2,1,1.0002
2024/12/11 12:34,12,2,1,1.0327
2024/12/11 12:34,6,2,1,1.0256
2024/12/11 12:34,12,2,1,1.0608
2024/12/11 12:34,8,2,1,1.0486
2024/12/11 12:34,8,2,1,1.0771
2024/12/11 12:34,6,2,1,1.0649
2024/12/11 12:34,12,2,1,0.9026
2024/12/11 12:34,6,2,0,0.9666
2024/12/11 12:34,4,2,1,1.0731
2024/12/11 12:34,8,2,1,1.0567
2024/12/11 12:34,6,2,1,1.0567
2024/12/11 12:34,4,2,1,0.3389
2024/12/11 12:34,6,0,1,1.9657
2024/12/11 12:34,6,2,1,2.0807
2024/12/11 12:34,6,2,1,0.852
2024/12/11 12:34,6,2,1,0.9666
2024/12/11 12:34,6,1,0,0.9666
2024/12/11 12:34,8,2,1,0.9666
2024/12/11 12:34,8,2,0,2.389
2024/12/11 12:34,4,2,1,0.9935
2024/12/11 12:41,10,2,1,0.3753
2024/12/11 12:41,12,1,0,0.651
2024/12/11 12:41,10,2,0,0.4055
2024/12/11 12:41,14,2,1,0.9871
2024/12/11 12:41,4,1,0,0.9871
2024/12/11 12:41,12,2,0,0.9748
2024/12/11 12:41,8,2,1,1.9045
2024/12/11 12:41,6,2,1,1.9045
2024/12/11 12:41,10,2,0,1.9414
2024/12/11 12:41,12,2,0,0.9994
2024/12/11 12:41,10,2,0,0.9503
2024/12/11 12:41,6,1,1,0.942
2024/12/11 12:41,12,2,0,0.9748
2024/12/11 12:41,12,2,1,0.9339
2024/12/11 12:41,10,2,1,0.9872
2024/12/11 12:41,10,2,0,1.0484
2024/12/11 12:41,10,1,0,1.065
2024/12/11 12:41,8,2,0,1.0402
2024/12/11 12:41,6,2,1,0.62
2024/12/11 12:41,12,1,0,0.5907
2024/12/11 12:41,12,2,1,1.0526
2024/12/11 12:41,6,2,0,1.0526
2024/12/11 12:41,12,2,0,2.0274
2024/12/11 12:41,12,2,0,2.0274
2024/12/11 12:41,8,2,0,1.3943
2024/12/11 12:41,12,2,0,0.9729
2024/12/11 12:41,8,2,0,0.9729
2024/12/11 12:41,6,2,0,0.6835
2024/12/11 12:41,20,2,0,0.9546
2024/12/11 12:41,14,2,0,0.5663
2024/12/11 12:41,6,2,1,0.5274
2024/12/11 12:41,10,2,0,0.3031
2024/12/11 12:41,6,2,0,0.327
2024/12/11 12:41,4,2,0,0.327
2024/12/11 12:41,8,2,0,0.327
2024/12/11 12:41,12,2,0,2.9992
2024/12/11 12:41,12,2,0,0.9996
2024/12/11 12:41,12,2,1,1.0253
2024/12/11 12:42,8,2,1,0.3018
2024/12/11 12:42,8,2,0,0.3018
2024/12/11 12:42,12,2,1,0.3018
2024/12/11 12:42,12,2,0,0.9027
2024/12/11 12:42,6,2,0,0.9027
2024/12/11 12:42,10,2,0,2.0196
2024/12/11 12:42,6,2,0,1.0114
2024/12/11 12:42,10,1,0,1.001
2024/12/11 12:42,6,1,1,0.9859
2024/12/11 12:42,12,2,0,1.0311
2024/12/11 12:42,8,1,0,1.0109
2024/12/11 12:42,8,1,0,1.6626
2024/12/11 12:42,6,2,0,1.0182
2024/12/11 12:42,6,2,0,0.7154
2024/12/11 12:42,6,2,0,0.9257
2024/12/11 12:42,6,2,0,0.9298
2024/12/11 12:42,8,2,0,0.9379
2024/12/11 12:42,6,2,0,0.5145
2024/12/11 12:42,6,2,0,0.3071
2024/12/11 12:42,8,2,0,0.6472
2024/12/11 12:42,6,1,0,0.3195
2024/12/11 12:42,12,1,0,0.856
2024/12/11 12:42,6,2,0,0.9051
2024/12/11 12:42,6,1,0,0.9789
2024/12/11 12:42,6,1,0,1.0035
2024/12/11 12:42,6,2,0,0.987
2024/12/11 12:42,8,2,0,0.9666
2024/12/11 12:42,6,2,0,1.0117
2024/12/11 12:42,6,2,1,1.0124
2024/12/11 12:42,6,2,0,0.9697
2024/12/11 12:42,6,2,0,1.001
2024/12/11 12:42,10,1,0,1.0023
2024/12/11 12:42,14,2,0,1.0415
2024/12/11 12:42,8,2,0,0.9912
2024/12/11 12:42,8,2,0,1.4584
2024/12/11 12:42,6,2,0,0.4911
2024/12/11 12:42,6,2,0,0.9543
2024/12/11 12:42,8,1,0,0.8717
2024/12/11 12:42,8,2,1,0.9502
2024/12/11 12:42,8,2,1,0.972
2024/12/11 12:42,12,2,0,1.0278
2024/12/11 12:42,6,2,0,0.956
2024/12/11 12:42,8,2,0,0.9824
2024/12/11 12:42,4,2,0,1.587
2024/12/11 12:42,12,2,0,0.4632
2024/12/11 12:42,10,2,0,0.9657
2024/12/11 12:42,20,0,1,0.897
2024/12/11 12:42,10,2,0,0.9256
2024/12/11 12:42,6,2,0,0.9502
2024/12/11 12:42,8,2,0,0.9994
2024/12/11 12:42,6,2,0,0.9872
2024/12/11 12:42,12,2,1,0.9051
2024/12/11 12:42,12,1,0,0.9502
2024/12/11 12:42,12,2,0,0.9994
2024/12/11 12:42,14,2,0,1.0239
2024/12/11 12:42,10,1,0,0.9884
2024/12/11 12:42,6,2,1,1.043
2024/12/11 12:43,8,2,0,1.0731
2024/12/11 12:43,12,2,0,0.9953
2024/12/11 12:43,10,2,0,0.983
2024/12/11 12:43,6,2,0,0.9911
2024/12/11 12:43,6,2,0,0.9911
2024/12/11 12:43,10,2,0,2.3117
2024/12/11 12:43,8,2,1,0.6291
2024/12/11 12:43,8,2,1,1.024
2024/12/11 12:43,8,2,1,0.9347
2024/12/11 12:43,10,2,0,0.4745
2024/12/11 12:43,10,2,0,1.013
2024/12/11 12:43,6,2,0,0.3213
2024/12/11 12:43,6,2,0,0.6955
2024/12/11 12:43,12,2,1,0.6955
2024/12/11 12:43,12,2,0,2.0057
2024/12/11 12:43,6,2,1,0.9899
2024/12/11 12:43,6,2,1,1.0132
2024/12/11 12:43,6,2,0,1.0083
2024/12/11 12:43,6,2,0,1.0212
2024/12/11 12:43,10,2,0,1.0029
2024/12/11 12:43,6,2,1,1.0011
2024/12/11 12:43,12,2,1,0.9861
2024/12/11 12:43,12,2,1,0.7276
2024/12/11 12:43,6,2,0,1.1975
2024/12/11 12:43,8,2,1,1.0948
2024/12/11 12:43,10,2,0,1.121
2024/12/11 12:43,6,2,1,1.0351
2024/12/11 12:43,6,2,0,1.091
2024/12/11 12:43,12,2,1,1.1261
2024/12/11 12:43,6,2,1,1.1783
2024/12/11 12:43,8,2,1,1.1783
2024/12/11 12:43,14,2,1,1.4038
2024/12/11 12:43,6,2,1,1.1647
2024/12/11 12:43,12,2,1,0.721
2024/12/11 12:43,12,2,1,0.3157
2024/12/11 12:43,6,2,0,1.0809
2024/12/11 12:43,12,2,1,0.5652
2024/12/11 12:43,12,1,1,0.9872
2024/12/11 12:44,8,2,1,0.3031
2024/12/11 12:44,6,2,1,0.3083
2024/12/11 12:44,8,2,1,1.5389
2024/12/11 12:44,12,2,1,1.3514
2024/12/11 12:44,12,2,1,0.3031
2024/12/11 12:44,14,2,1,1.0035
2024/12/11 12:44,6,2,0,1.0322
2024/12/11 12:44,12,2,0,1.1263
2024/12/11 12:44,6,2,1,1.1591
2024/12/11 12:44,6,2,1,1.3469
2024/12/11 12:44,10,2,1,0.3155
2024/12/11 12:44,8,2,0,1.8635
2024/12/11 12:44,20,2,0,1.4091
2024/12/11 12:44,12,2,1,1.4091
2024/12/11 12:44,8,2,1,1.4147
2024/12/11 12:44,12,2,1,0.9754
2024/12/11 12:44,8,2,1,1.1099
2024/12/11 12:44,20,2,0,1.1263
2024/12/11 12:44,10,2,1,1.11
2024/12/11 12:44,12,2,0,0.4832
2024/12/11 12:44,10,2,1,0.8519
2024/12/11 12:44,8,2,1,0.5777
2024/12/11 12:44,12,2,0,1.073
2024/12/11 12:44,12,2,0,0.71
2024/12/11 12:44,12,2,0,0.71
2024/12/11 12:44,12,2,0,1.5481
2024/12/11 12:44,6,1,0,0.7667
2024/12/11 12:44,8,2,0,1.0056
2024/12/11 12:44,12,2,0,0.9949
2024/12/11 12:44,10,2,0,1.0665
2024/12/11 12:44,12,2,0,1.0731
2024/12/11 12:44,10,2,1,1.1705
2024/12/11 12:44,6,2,0,1.1805
2024/12/11 12:44,8,2,0,1.0525
2024/12/11 12:44,12,2,0,1.0485
2024/12/11 12:45,10,2,0,1.0649
2024/12/11 12:45,14,2,0,1.0731
2024/12/11 12:45,12,2,0,1.0731
2024/12/11 12:45,12,1,0,1.3554
2024/12/11 12:45,12,2,0,0.9613
2024/12/11 12:45,10,1,0,1.0175
2024/12/11 12:45,8,2,0,1.0646
2024/12/11 12:45,12,2,1,0.9412
2024/12/11 12:45,8,2,0,1.0072
2024/12/11 12:45,6,2,0,0.9835
2024/12/11 12:45,14,2,0,1.015
2024/12/11 12:45,12,2,0,1.0136
2024/12/11 12:45,6,2,1,1.0111
2024/12/11 12:45,10,2,0,1.0773
2024/12/11 12:45,12,2,0,1.069
2024/12/11 12:45,6,2,0,1.0157
2024/12/11 12:45,12,2,0,1.0526
2024/12/11 12:45,8,2,0,1.065
2024/12/11 12:45,12,2,0,1.141
2024/12/11 12:45,6,2,1,1.0444
2024/12/11 12:45,12,2,0,1.069
2024/12/11 12:45,12,2,0,1.028
2024/12/11 12:45,8,2,0,1.0239
2024/12/11 12:45,8,2,0,1.0403
2024/12/11 12:45,12,2,0,1.0567
2024/12/11 12:45,12,2,0,1.0567
2024/12/11 12:45,12,2,1,0.9994
2024/12/11 12:45,6,2,0,0.9994
2024/12/11 12:45,6,2,0,1.334
2024/12/11 12:45,10,2,0,1.0403
2024/12/11 12:45,12,2,0,0.9881
2024/12/11 12:45,18,2,0,1.0111
2024/12/11 12:45,12,2,1,0.7078
2024/12/11 12:45,12,2,1,0.9256
2024/12/11 12:45,8,2,0,0.9419
2024/12/11 12:45,10,2,0,1.0281
2024/12/11 12:45,6,2,0,1.0976
2024/12/11 12:45,12,2,0,1.0976
2024/12/11 12:45,12,2,0,1.3196
2024/12/11 12:45,10,2,1,1.0179
2024/12/11 12:45,10,2,0,1.0056
2024/12/11 12:45,10,2,1,0.9998
2024/12/11 12:45,18,2,1,0.9968
2024/12/11 12:45,10,2,1,1.0165
2024/12/11 12:45,12,2,1,0.5438
2024/12/11 12:45,12,2,1,0.4681
2024/12/11 12:45,12,2,0,1.0241
2024/12/11 12:45,6,2,0,1.0072
2024/12/11 12:45,8,2,0,0.9711
2024/12/11 12:45,14,2,0,0.4594
2024/12/11 12:45,12,2,0,0.5808
2024/12/11 12:45,12,2,0,0.6789
2024/12/11 12:45,20,2,0,0.9256
2024/12/11 12:45,8,2,0,0.5056
2024/12/11 12:45,20,2,0,0.9379
2024/12/11 12:45,12,2,1,0.9666
2024/12/11 12:45,8,2,0,0.9051
2024/12/11 12:46,6,2,0,0.9215
2024/12/11 12:46,6,2,1,0.9584
2024/12/11 12:46,6,2,0,1.0076
2024/12/11 12:46,8,2,0,1.0528
2024/12/11 12:46,12,2,1,0.9624
2024/12/11 12:46,8,2,0,0.9159
2024/12/11 12:46,6,2,0,1.0157
2024/12/11 12:46,12,2,1,0.9912
2024/12/11 12:46,10,2,0,1.0076
2024/12/11 12:46,10,2,0,1.0618
2024/12/11 12:46,8,2,0,1.0188
2024/12/11 12:46,6,2,0,1.0526
2024/12/11 12:46,4,2,1,1.196
2024/12/11 12:46,10,2,0,1.196
2024/12/11 12:46,12,2,0,1.3954
2024/12/11 12:46,6,2,1,0.9972
2024/12/11 12:46,8,2,0,1.0028
2024/12/11 12:46,10,2,0,1.1223
2024/12/11 12:46,6,2,0,1.1345
2024/12/11 12:46,12,2,0,1.0567
2024/12/11 12:46,12,1,1,1.0403
2024/12/11 12:46,12,2,1,1.0977
2024/12/11 12:46,8,2,0,1.0567
2024/12/11 12:46,10,1,1,1.0668
2024/12/11 12:46,6,2,0,1.024
2024/12/11 12:46,12,2,1,0.9706
2024/12/11 12:46,10,2,0,0.9707
2024/12/11 12:46,6,2,0,0.9543
2024/12/11 12:46,6,2,0,0.9544
2024/12/11 12:46,8,2,0,0.9133
2024/12/11 12:46,12,2,1,0.9913
2024/12/11 12:46,12,2,1,0.9913
2024/12/11 12:46,8,2,0,1.9004
2024/12/11 12:46,20,2,0,0.9625
2024/12/11 12:46,6,2,1,1.0157
2024/12/11 12:46,8,2,1,0.9892
2024/12/11 12:46,6,2,0,1.0235
2024/12/11 12:46,8,2,0,1.0025
2024/12/11 12:46,8,2,0,1.0032
2024/12/11 12:46,20,2,1,0.6791
2024/12/11 12:46,12,2,0,0.9134
2024/12/11 12:46,14,2,0,1.0315
2024/12/11 12:47,12,2,1,1.6524
2024/12/11 12:47,12,2,1,1.6524
2024/12/11 12:47,12,2,0,1.6524
2024/12/11 12:47,6,2,1,5.5085
2024/12/11 12:47,8,2,1,1.1345
2024/12/11 12:47,6,2,0,1.0987
2024/12/11 12:47,6,2,0,1.1007
2024/12/11 12:47,6,2,0,1.1427
2024/12/11 12:47,6,2,1,0.9982
2024/12/11 12:47,8,2,1,1.1275
2024/12/11 12:47,12,2,0,1.0608
2024/12/11 12:47,8,2,0,1.1222
2024/12/11 12:47,14,2,1,1.0322
2024/12/11 12:47,16,2,0,1.0322
2024/12/11 12:47,10,2,1,1.515
2024/12/11 12:47,12,2,0,0.3792
2024/12/11 12:47,12,2,1,0.3792
2024/12/11 12:47,8,1,1,1.7325
2024/12/11 12:47,14,2,0,1.157
2024/12/11 12:47,6,1,1,1.0999
2024/12/11 12:47,6,2,0,1.0662
2024/12/11 12:47,12,1,0,0.9503
2024/12/11 12:47,12,2,1,0.9707
2024/12/11 12:47,12,2,0,1.0567
2024/12/11 12:47,6,2,0,1.1508
2024/12/11 12:47,8,2,1,1.0393
2024/12/11 12:47,14,2,1,1.0741
2024/12/11 12:47,12,2,1,0.9936
2024/12/11 12:47,8,2,0,1.0156
2024/12/11 12:47,6,2,0,1.1018
2024/12/11 12:47,20,0,1,1.065
2024/12/11 12:47,6,2,1,1.0403
2024/12/11 12:47,8,2,1,1.1064
2024/12/11 12:47,10,2,1,1.5021
2024/12/11 12:47,6,2,0,1.0426
2024/12/11 12:47,8,2,1,0.897
2024/12/11 12:47,6,2,0,0.9543
2024/12/11 12:47,6,2,1,1.0608
2024/12/11 12:47,12,2,1,1.0396
2024/12/11 12:47,6,2,0,0.9089
2024/12/11 12:48,6,2,1,1.1009
2024/12/11 12:48,18,2,1,1.1009
2024/12/11 12:48,20,1,1,2.3635
2024/12/11 12:48,4,2,1,2.3814
2024/12/11 12:48,6,2,0,0.9883
2024/12/11 12:48,6,1,1,0.9913
2024/12/11 12:48,12,2,0,1.1731
2024/12/11 12:48,6,2,1,1.2252
2024/12/11 12:48,6,1,1,1.0449
2024/12/11 12:48,6,2,1,0.9341
2024/12/11 12:48,12,2,1,0.975
2024/12/11 12:48,10,2,1,1.0447
2024/12/11 12:48,6,2,0,1.0487
2024/12/11 12:48,6,2,1,0.9913
2024/12/11 12:48,6,2,0,1.02
2024/12/11 12:48,12,2,1,0.934
2024/12/11 12:48,6,2,1,0.9258
2024/12/11 12:48,6,2,0,0.9954
2024/12/11 12:48,10,2,0,1.0732
2024/12/11 12:48,6,2,1,1.1551
2024/12/11 12:48,10,2,1,1.1101
2024/12/11 12:48,6,2,1,1.0609
2024/12/11 12:48,6,2,1,1.1428
2024/12/11 12:48,8,2,0,1.155
2024/12/11 12:48,12,2,0,1.0814
2024/12/11 12:48,14,2,1,0.9789
2024/12/11 12:48,10,2,0,0.8885
2024/12/11 12:48,4,2,0,0.9175
2024/12/11 12:48,6,2,1,0.824
2024/12/11 12:48,4,2,0,0.824
2024/12/11 12:48,20,2,1,0.3589
2024/12/11 12:48,12,2,1,1.0336
2024/12/11 12:49,12,2,1,0.9595
2024/12/11 12:49,10,2,1,0.6584
2024/12/11 12:49,10,2,0,0.3031
2024/12/11 12:49,6,2,0,0.6942
2024/12/11 12:49,6,2,0,0.3038
2024/12/11 12:49,14,2,0,0.3031
2024/12/11 12:49,12,2,1,0.3022
2024/12/11 12:49,6,2,1,0.7881
2024/12/11 12:49,6,2,0,1.0111
2024/12/11 12:49,6,2,0,1.1949
2024/12/11 12:49,6,2,0,1.1632
2024/12/11 12:49,6,2,1,1.2001
2024/12/11 12:49,10,2,0,1.1345
2024/12/11 12:49,6,2,0,1.1345
2024/12/11 12:49,14,2,1,1.2001
2024/12/11 12:49,12,2,0,1.2001
2024/12/11 12:49,12,2,1,1.1713
2024/12/11 12:49,20,2,1,1.1713
2024/12/11 12:49,18,2,0,1.4247
2024/12/11 12:49,12,2,1,1.0065
2024/12/11 12:49,12,2,1,1.0977
2024/12/11 12:49,12,2,0,1.1591
2024/12/11 12:49,18,2,0,1.1263
2024/12/11 12:49,16,2,1,1.1714
2024/12/11 12:49,10,2,1,0.6552
2024/12/11 12:49,20,2,0,0.3416
2024/12/11 12:49,16,2,1,0.3416
2024/12/11 12:49,34,2,1,1.0608
2024/12/11 12:49,6,2,1,0.6652
2024/12/11 12:49,12,2,0,0.3276
2024/12/11 12:49,12,2,1,1.5442
2024/12/11 12:49,6,2,1,0.9625
2024/12/11 12:49,6,2,0,1.0772
2024/12/11 12:49,12,2,1,1.1263
2024/12/11 12:49,20,2,1,0.3006
2024/12/11 12:50,12,2,0,0.3615
2024/12/11 12:50,8,2,1,1.1346
2024/12/11 12:50,12,2,1,1.1346
2024/12/11 12:50,6,2,0,2.351
2024/12/11 12:50,14,2,1,1.1674
2024/12/11 12:50,12,2,1,1.1878
2024/12/11 12:50,10,2,0,1.0854
2024/12/11 12:50,16,2,0,1.114
2024/12/11 12:50,12,2,0,1.0895
2024/12/11 12:50,6,2,0,1.0895
2024/12/11 12:50,6,2,0,1.3516
2024/12/11 12:50,20,2,0,1.3516
2024/12/11 12:50,16,2,0,2.0329
2024/12/11 12:50,12,2,0,0.9686
2024/12/11 12:50,6,2,0,1.0206
2024/12/11 12:50,12,2,0,1.0568
2024/12/11 12:50,6,2,0,1.0935
2024/12/11 12:50,20,2,1,1.0773
2024/12/11 12:50,12,2,0,1.114
2024/12/11 12:50,6,2,0,1.1304
2024/12/11 12:50,14,2,0,1.1264
2024/12/11 12:50,12,2,1,0.9789
2024/12/11 12:50,6,2,0,0.5918
2024/12/11 12:50,10,2,0,0.9952
2024/12/11 12:50,6,2,0,0.39
2024/12/11 12:50,14,2,0,0.39
2024/12/11 12:50,8,2,0,2.0181
2024/12/11 12:50,12,2,1,1.0029
2024/12/11 12:50,12,2,1,0.9839
2024/12/11 12:50,6,2,0,1.0484
2024/12/11 12:50,18,2,0,1.0281
2024/12/11 12:50,12,2,0,0.9994
2024/12/11 12:50,6,2,0,0.9496
2024/12/11 12:50,8,2,0,1.001
2024/12/11 12:50,6,2,1,1.0111
2024/12/11 12:50,6,2,1,0.5541
2024/12/11 12:50,8,2,0,0.442
2024/12/11 12:50,8,2,0,1.6755
2024/12/11 12:50,6,2,0,1.0204
2024/12/11 12:50,10,2,0,0.6995
2024/12/11 12:50,6,2,0,0.6995
2024/12/11 12:50,12,2,0,1.9988
2024/12/11 12:50,18,2,1,0.9708
2024/12/11 12:50,12,2,0,0.9583
2024/12/11 12:50,18,2,0,0.9625
2024/12/11 12:50,10,2,0,0.8847
2024/12/11 12:50,14,2,0,0.9298
2024/12/11 12:50,12,2,0,0.983
2024/12/11 12:50,12,2,1,0.9501
2024/12/11 12:50,12,2,0,0.9461
2024/12/11 12:50,16,2,0,0.9789
2024/12/11 12:50,10,2,0,0.9912
2024/12/11 12:50,12,2,0,0.9871
2024/12/11 12:50,6,2,0,0.9076
2024/12/11 12:51,6,2,0,1.0049
2024/12/11 12:51,12,2,1,1.0219
2024/12/11 12:51,12,2,0,0.9832
2024/12/11 12:51,8,2,0,1.0127
2024/12/11 12:51,12,2,0,0.9881
2024/12/11 12:51,6,2,0,0.993
2024/12/11 12:51,16,2,1,1.0469
2024/12/11 12:51,12,2,1,0.9578
2024/12/11 12:51,14,2,1,1.0203
2024/12/11 12:51,20,2,0,0.7189
2024/12/11 12:51,18,2,0,0.9707
2024/12/11 12:51,6,2,0,0.9881
2024/12/11 12:51,10,2,0,0.9905
2024/12/11 12:51,6,2,1,0.9254
2024/12/11 12:51,8,2,1,0.9339
2024/12/11 12:51,6,2,0,0.987
2024/12/11 12:51,6,2,0,0.9707
2024/12/11 12:51,8,2,0,1.0322
2024/12/11 12:51,10,2,1,1.0322
2024/12/11 12:51,12,2,0,1.0895
2024/12/11 12:51,12,2,0,1.0403
2024/12/11 12:51,6,2,0,0.3006
2024/12/11 12:51,12,2,0,0.9827
2024/12/11 12:51,20,2,0,0.704
2024/12/11 12:51,16,2,1,0.3772
2024/12/11 12:51,18,2,1,0.9352
2024/12/11 12:51,12,2,0,1.0017
2024/12/11 12:51,12,2,1,1.0225
2024/12/11 12:51,12,2,0,0.9753
2024/12/11 12:51,6,2,0,1.019
2024/12/11 12:51,12,2,0,1.0995
2024/12/11 12:51,10,2,0,1.1264
2024/12/11 12:51,12,2,1,1.0689
2024/12/11 12:51,12,2,0,1.0754
2024/12/11 12:51,12,2,0,0.993
2024/12/11 12:51,18,2,0,1.0813
2024/12/11 12:51,6,2,0,1.0608
2024/12/11 12:51,14,2,0,1.0813
2024/12/11 12:51,6,2,0,1.0813
2024/12/11 12:51,8,2,0,1.4492
2024/12/11 12:51,12,2,0,1.0314
2024/12/11 12:51,6,2,0,0.9921
2024/12/11 12:51,12,2,0,1.1269
2024/12/11 12:51,14,2,0,1.0896
2024/12/11 12:51,14,2,0,1.1099
2024/12/11 12:51,18,2,0,1.0649
2024/12/11 12:51,10,2,0,0.9544
2024/12/11 12:51,8,2,0,0.9848
2024/12/11 12:51,16,2,0,0.3113
2024/12/11 12:51,12,2,0,0.3113
2024/12/11 12:51,6,2,1,1.8635
2024/12/11 12:51,10,2,0,1.1716
2024/12/11 12:51,12,2,0,1.1716
2024/12/11 12:51,12,2,0,1.4311
2024/12/11 12:51,18,2,1,0.9835
2024/12/11 12:51,8,2,1,1.0504
2024/12/11 12:51,8,2,0,1.0569
2024/12/11 12:52,8,1,1,0.3199
2024/12/11 12:52,6,2,1,1.9864
2024/12/11 12:52,12,2,1,1.9864
2024/12/11 12:52,12,2,1,1.9864
2024/12/11 12:52,6,2,1,0.5057
2024/12/11 12:52,20,0,1,1.6955
2024/12/11 12:52,12,2,0,1.11
2024/12/11 12:52,12,2,0,1.11
2024/12/11 12:52,20,0,1,1.0305
2024/12/11 12:52,6,2,1,1.1469
2024/12/11 12:52,8,2,0,1.1263
2024/12/11 12:52,4,2,0,1.0936
2024/12/11 12:52,6,2,1,1.4996
2024/12/11 12:52,6,2,0,0.9282
2024/12/11 12:52,4,2,0,1.2437
2024/12/11 12:52,6,2,1,0.4673
2024/12/11 12:52,6,2,1,1.035
2024/12/11 12:52,6,1,1,1.0442
2024/12/11 12:52,18,0,0,0.9946
2024/12/11 12:52,8,1,1,0.9853
2024/12/11 12:53,12,2,1,0.6213
2024/12/11 12:53,6,2,0,1.2188
2024/12/11 12:53,8,2,1,0.736
2024/12/11 12:53,18,2,0,0.736
2024/12/11 12:53,8,2,1,2.299
2024/12/11 12:53,12,2,0,2.299
2024/12/11 12:53,10,2,1,3.0616
2024/12/11 12:53,12,2,1,0.9198
2024/12/11 12:53,14,2,1,0.9999
2024/12/11 12:53,16,2,0,1.0036
2024/12/11 12:53,12,2,1,1.0013
2024/12/11 12:53,6,2,1,0.9926
2024/12/11 12:53,12,2,1,1.1141
2024/12/11 12:53,20,0,1,1.1456
2024/12/11 12:53,6,2,1,2.2375
2024/12/11 12:53,6,2,0,2.2375
2024/12/11 12:53,12,1,1,1.0988
2024/12/11 12:53,20,0,1,0.4978
2024/12/11 12:53,20,2,0,0.9789
2024/12/11 12:53,18,2,0,0.9339
2024/12/11 12:53,18,2,1,0.9051
2024/12/11 12:53,20,2,0,0.9134
2024/12/11 12:53,6,2,1,0.9257
2024/12/11 12:53,8,2,0,0.9788
2024/12/11 12:53,12,2,0,1.0281
2024/12/11 12:53,8,2,0,1.0567
2024/12/11 12:53,6,2,0,1.0895
2024/12/11 12:54,12,2,1,0.4833
2024/12/11 12:54,12,2,0,0.3036
2024/12/11 12:54,8,2,0,0.301
2024/12/11 12:54,6,2,1,0.9329
2024/12/11 12:54,20,0,1,1.0529
2024/12/11 12:54,10,2,0,1.1141
2024/12/11 12:54,6,2,0,1.1223
2024/12/11 12:54,8,2,1,1.3361
2024/12/11 12:54,8,2,1,0.982
2024/12/11 12:54,4,1,0,1.0137
2024/12/11 12:54,6,2,1,1.0288
2024/12/11 12:54,6,2,1,1.0992
2024/12/11 12:54,12,2,0,1.1386
2024/12/11 12:54,6,2,1,1.0977
2024/12/11 12:54,6,2,0,1.0977
2024/12/11 12:54,6,2,0,1.0435
2024/12/11 12:54,8,2,1,1.0771
2024/12/11 12:54,8,2,0,1.1141
2024/12/11 12:54,4,2,1,1.1263
2024/12/11 12:54,8,2,1,1.0894
2024/12/11 12:54,8,2,0,1.0684
2024/12/11 12:54,6,2,1,1.0813
2024/12/11 12:54,6,2,1,1.2817
2024/12/11 12:54,6,2,1,1.0741
2024/12/11 12:54,4,1,0,1.0652
2024/12/11 12:54,8,2,1,1.0485
2024/12/11 12:55,18,0,0,1.0598
2024/12/11 12:55,4,2,0,1.0609
2024/12/11 12:55,6,2,1,0.9707
2024/12/11 12:55,6,2,1,1.1497
2024/12/11 12:55,6,2,1,0.9707
2024/12/11 12:55,6,2,0,0.9626
2024/12/11 12:55,4,2,0,0.9155
2024/12/11 12:55,6,2,0,0.9152
2024/12/11 12:55,6,1,1,1.0035
2024/12/11 12:55,4,2,1,1.0448
2024/12/11 12:55,4,2,1,1.024
2024/12/11 12:55,8,2,1,0.9667
2024/12/11 12:55,6,2,1,1.0384
2024/12/11 12:55,6,2,1,0.9338
2024/12/11 12:55,8,2,1,0.9586
2024/12/11 12:55,6,2,0,1.0064
2024/12/11 12:55,16,2,1,1.0117
2024/12/11 12:55,12,2,1,0.8296
2024/12/11 12:55,12,2,0,1.0057
2024/12/11 12:55,6,2,1,0.9785
2024/12/11 12:55,6,2,1,1.302
2024/12/11 12:55,4,2,1,1.0036
2024/12/11 12:55,6,2,1,1.0096
2024/12/11 12:55,6,2,1,1.0085
2024/12/11 12:55,4,2,0,1.032
2024/12/11 12:55,8,2,0,1.0363
2024/12/11 12:55,6,2,0,1.0403
2024/12/11 12:55,6,2,0,0.9367
2024/12/11 12:55,12,2,1,0.9967
2024/12/11 12:55,6,2,1,1.0362
2024/12/11 12:56,6,2,1,1.0526
2024/12/11 12:56,6,2,1,0.4784
2024/12/11 12:56,6,2,1,0.8819
2024/12/11 12:56,6,2,1,1.0035
2024/12/11 12:56,6,2,1,1.1018
2024/12/11 12:56,10,2,0,1.1018
2024/12/11 12:56,8,2,0,0.9601
2024/12/11 12:56,8,2,1,0.9789
2024/12/11 12:56,8,2,1,0.9584
2024/12/11 12:56,10,2,0,1.0444
2024/12/11 12:56,6,2,1,1.0895
2024/12/11 12:56,8,2,1,1.1222
2024/12/11 12:56,8,2,1,1.0656
2024/12/11 12:56,12,2,1,0.9092
2024/12/11 12:56,6,2,1,1
2024/12/11 12:56,6,2,0,1.0935
2024/12/11 12:56,4,2,1,0.9765
2024/12/11 12:56,8,2,1,1.0177
2024/12/11 12:56,8,2,1,1.0157
2024/12/11 12:56,10,2,0,0.9256
2024/12/11 12:57,6,2,1,1.006
2024/12/11 12:57,8,2,1,0.9737
2024/12/11 12:57,6,2,1,0.9502
2024/12/11 12:57,8,2,1,0.9967
2024/12/11 12:57,6,2,1,0.9175
2024/12/11 12:57,6,2,0,0.9896
2024/12/11 12:57,6,2,1,0.9785
2024/12/11 12:57,12,2,0,0.9665
2024/12/11 12:57,12,2,0,0.9421
2024/12/11 12:57,8,2,1,0.9625
2024/12/11 12:57,6,2,1,0.6786
2024/12/11 12:57,6,2,0,0.9195
2024/12/11 12:57,8,2,1,0.8438
2024/12/11 12:57,8,2,1,0.7823
2024/12/11 12:57,6,2,1,0.6328
2024/12/11 12:57,6,2,0,0.8561
2024/12/11 12:57,6,2,0,0.8408
2024/12/11 12:57,6,2,0,0.8344
2024/12/11 12:57,12,2,1,0.719
2024/12/11 12:57,8,2,1,0.9912
2024/12/11 12:57,6,2,1,0.9707
2024/12/11 12:57,8,2,0,0.9584
2024/12/11 12:57,6,2,0,0.9995
2024/12/11 12:57,6,2,1,0.9882
2024/12/11 12:58,6,2,0,0.8929
2024/12/11 12:58,8,2,1,1.0034
2024/12/11 12:58,6,2,0,0.4858
2024/12/11 12:58,6,2,1,0.9994
2024/12/11 12:58,6,1,1,0.979
2024/12/11 12:58,6,2,1,1.1141
2024/12/11 12:58,18,0,1,1.0086
2024/12/11 12:58,8,2,0,0.988
2024/12/11 12:58,8,2,0,1.0234
2024/12/11 12:58,6,2,1,1.0264
2024/12/11 12:58,6,2,0,0.9684
2024/12/11 12:58,6,2,1,1.0315
2024/12/11 12:58,8,2,1,1.0022
2024/12/11 12:58,6,2,1,0.9715
2024/12/11 12:58,6,2,1,1.0258
2024/12/11 12:59,8,2,1,1.0554
2024/12/11 12:59,4,2,1,1.0731
2024/12/11 12:59,6,2,1,0.9964
2024/12/11 12:59,6,2,0,0.9922
2024/12/11 12:59,4,2,1,1.0649
2024/12/11 12:59,6,2,1,1.0461
2024/12/11 12:59,6,2,1,1.0076
2024/12/11 12:59,6,2,1,0.9961
2024/12/11 12:59,6,2,1,0.8479
2024/12/11 12:59,4,2,1,0.9093
2024/12/11 12:59,8,2,1,0.9937
2024/12/11 12:59,6,2,0,0.6496
2024/12/11 12:59,20,0,1,1.028
2024/12/11 12:59,6,2,0,0.9626
2024/12/11 12:59,6,2,1,1.0077
2024/12/11 12:59,6,2,0,0.9988
2024/12/11 13:00,20,0,1,0.9261
2024/12/11 13:00,6,1,1,0.8727
2024/12/11 13:00,8,2,1,0.9775
2024/12/11 13:00,8,2,0,1.0139
2024/12/11 13:00,4,2,1,1.036
2024/12/11 13:00,8,2,0,0.983
2024/12/11 13:00,6,2,0,1.0445
2024/12/11 13:00,6,2,1,1.028
2024/12/11 13:00,6,2,1,1.0011
2024/12/11 13:00,8,1,1,0.9379
2024/12/11 13:00,12,2,1,1.0156
2024/12/11 13:00,6,1,1,0.662
2024/12/11 13:00,8,2,1,0.3032
2024/12/11 13:00,14,2,1,0.3032
2024/12/11 13:01,8,2,0,0.4807
2024/12/11 13:01,6,2,0,0.4402
2024/12/11 13:01,6,2,0,0.4402
2024/12/11 13:01,12,2,0,2.0642
2024/12/11 13:01,6,2,1,1.0363
2024/12/11 13:01,6,2,0,1.0363
2024/12/11 13:01,10,2,1,1.0152
2024/12/11 13:01,6,2,0,0.9508
2024/12/11 13:01,6,2,1,1.0608
2024/12/11 13:01,6,2,0,1.069
2024/12/11 13:01,6,2,0,1.0813
2024/12/11 13:01,6,2,0,1.0813
2024/12/11 13:01,8,2,1,1.3242
2024/12/11 13:01,6,2,0,0.9918
2024/12/11 13:01,6,2,1,1.0312
2024/12/11 13:01,10,2,1,0.9813
2024/12/11 13:01,14,2,0,1.0452
2024/12/11 13:01,8,2,1,0.9776
2024/12/11 13:01,6,2,1,0.9813
2024/12/11 13:01,10,2,0,1.0335
2024/12/11 13:01,6,2,0,1.0953
2024/12/11 13:01,12,2,0,1.0443
2024/12/11 13:01,10,2,0,1.0281
2024/12/11 13:01,6,2,0,1.0935
2024/12/11 13:01,6,2,0,1.0731
2024/12/11 13:01,6,1,1,1.0293
2024/12/11 13:01,4,2,0,0.3288
2024/12/11 13:01,8,2,0,0.8139
2024/12/11 13:01,10,2,0,1.0608
2024/12/11 13:01,12,2,0,0.4829
2024/12/11 13:01,6,2,0,1.0649
2024/12/11 13:01,10,2,0,0.5969
2024/12/11 13:01,6,2,0,0.6319
2024/12/11 13:01,8,2,0,0.942
2024/12/11 13:01,8,2,1,1.0117
2024/12/11 13:01,6,2,0,1.0608
2024/12/11 13:01,12,2,1,0.4546
2024/12/11 13:01,10,2,1,0.8683
2024/12/11 13:01,10,2,0,0.4739
2024/12/11 13:01,12,2,1,0.38
2024/12/11 13:01,8,2,1,0.9748
2024/12/11 13:01,8,2,1,0.3113
2024/12/11 13:01,12,2,0,1.069
2024/12/11 13:01,6,2,1,0.6563
2024/12/11 13:01,12,2,1,0.3072
2024/12/11 13:01,12,2,0,0.5542
2024/12/11 13:01,8,2,0,1.0035
2024/12/11 13:01,6,2,0,1.0116
2024/12/11 13:01,8,2,1,1.0187
2024/12/11 13:01,14,2,0,0.9638
2024/12/11 13:01,18,0,0,0.9789
2024/12/11 13:01,8,2,0,1.0362
2024/12/11 13:01,6,2,0,1.0035
2024/12/11 13:01,10,2,1,0.5188
2024/12/11 13:01,6,2,0,1.0239
2024/12/11 13:01,8,2,0,1.0731
2024/12/11 13:02,12,2,0,1.0077
2024/12/11 13:02,16,2,1,0.3601
2024/12/11 13:02,12,2,0,0.3601
2024/12/11 13:02,8,2,0,2.021
2024/12/11 13:02,10,2,0,1.009
2024/12/11 13:02,12,2,0,0.9973
2024/12/11 13:02,6,2,0,1.035
2024/12/11 13:02,12,2,0,0.9706
2024/12/11 13:02,8,2,0,0.9987
2024/12/11 13:02,6,2,0,1.0238
2024/12/11 13:02,12,2,1,0.9813
2024/12/11 13:02,6,2,0,0.9898
2024/12/11 13:02,8,2,0,1.0243
2024/12/11 13:02,6,2,0,1.0067
2024/12/11 13:02,8,1,0,1.01
2024/12/11 13:02,6,2,0,1.0372
2024/12/11 13:02,8,2,0,0.9741
2024/12/11 13:02,6,2,1,1.2147
2024/12/11 13:02,8,2,0,0.79
2024/12/11 13:02,6,2,0,1.0186
2024/12/11 13:02,8,1,0,1.0004
2024/12/11 13:02,8,2,0,0.9866
2024/12/11 13:02,8,2,0,1.0156
2024/12/11 13:02,6,2,1,1.0241
2024/12/11 13:02,10,2,0,1.0093
2024/12/11 13:02,12,2,0,1.025
2024/12/11 13:02,6,1,0,1.0363
2024/12/11 13:02,6,2,0,1.0035
2024/12/11 13:02,6,2,0,1.0771
2024/12/11 13:02,6,2,0,1.1427
2024/12/11 13:02,8,2,1,1.1141
2024/12/11 13:02,12,2,0,1.073
2024/12/11 13:02,6,2,1,0.9503
2024/12/11 13:02,6,1,0,0.9624
2024/12/11 13:02,12,2,1,0.9871
2024/12/11 13:02,14,2,0,0.9789
2024/12/11 13:02,8,1,1,0.9502
2024/12/11 13:02,12,2,0,1.0404
2024/12/11 13:02,10,1,0,1.0077
2024/12/11 13:02,12,2,0,1.0115
2024/12/11 13:02,12,2,1,1.024
2024/12/11 13:02,6,2,1,1.0284
2024/12/11 13:02,6,1,1,1.04
2024/12/11 13:02,6,2,0,1.0567
2024/12/11 13:02,6,2,1,1.024
2024/12/11 13:02,6,2,0,0.9134
2024/12/11 13:02,6,1,0,0.9461
2024/12/11 13:02,16,2,1,0.9994
2024/12/11 13:02,12,2,1,1.0363
2024/12/11 13:02,8,2,0,0.9871
2024/12/11 13:02,6,2,0,0.9707
2024/12/11 13:02,12,2,0,1.0159
2024/12/11 13:02,14,2,0,1.0365
2024/12/11 13:02,10,2,1,1.0053
2024/12/11 13:02,6,2,0,0.9356
2024/12/11 13:02,6,2,0,0.9789
2024/12/11 13:02,6,2,1,0.9706
2024/12/11 13:03,12,2,0,0.7706
2024/12/11 13:03,6,1,0,1.2826
2024/12/11 13:03,6,2,1,1.0554
2024/12/11 13:03,12,2,1,1.0554
2024/12/11 13:03,18,2,1,2.1728
2024/12/11 13:03,6,0,0,0.5164
2024/12/11 13:03,10,2,1,0.5178
2024/12/11 13:03,12,2,0,0.9971
2024/12/11 13:03,14,1,0,1.0257
2024/12/11 13:03,6,2,0,1.0882
2024/12/11 13:03,6,2,0,1.024
2024/12/11 13:03,6,1,0,1.0363
2024/12/11 13:03,8,2,0,1.0525
2024/12/11 13:03,20,2,1,0.3645
2024/12/11 13:15,12,1,1,0.6143
2024/12/11 13:15,22,2,0,0.3149
2024/12/11 13:15,26,2,1,0.4936
2024/12/11 13:15,20,2,0,0.6167
2024/12/11 13:15,24,2,0,0.3692
2024/12/11 13:15,20,1,1,0.6204
2024/12/11 13:15,24,1,0,0.6225
2024/12/11 13:15,6,1,1,0.5434
2024/12/11 13:15,20,2,0,0.6307
2024/12/11 13:15,28,2,1,0.3837
2024/12/11 13:15,12,2,1,0.6184
2024/12/11 13:15,20,2,0,0.6349
2024/12/11 13:15,20,2,0,0.5408
2024/12/11 13:15,22,2,0,0.6526
2024/12/11 13:15,26,2,1,0.463
2024/12/11 13:15,20,1,1,0.6062
2024/12/11 13:15,20,2,1,0.59
2024/12/11 13:15,20,2,1,0.4269
2024/12/11 13:15,8,2,1,0.5816
2024/12/11 13:15,6,1,1,0.5857
2024/12/11 13:15,12,2,1,0.5899
2024/12/11 13:15,6,1,1,0.5362
2024/12/11 13:15,24,1,1,0.6144
2024/12/11 13:15,16,2,1,0.3283
2024/12/11 13:15,20,1,1,0.6367
2024/12/11 13:15,26,2,0,0.5873
2024/12/11 13:15,12,1,1,0.576
2024/12/11 13:16,10,1,1,0.6225
2024/12/11 13:16,14,1,1,0.6471
2024/12/11 13:16,18,2,1,0.3834
2024/12/11 13:16,8,2,1,0.6363
2024/12/11 13:16,12,1,1,0.6512
2024/12/11 13:16,12,2,1,0.6072
2024/12/11 13:16,6,2,1,0.6389
2024/12/11 13:16,14,0,1,0.4586
2024/12/11 13:16,20,2,1,0.6307
2024/12/11 13:16,20,2,0,0.3901
2024/12/11 13:16,18,2,1,0.6677
2024/12/11 13:16,18,2,0,0.4214
2024/12/11 13:16,24,2,1,0.6665
2024/12/11 13:16,14,2,1,0.3871
2024/12/11 13:16,20,1,0,0.8931
2024/12/11 13:16,12,2,1,0.7358
2024/12/11 13:16,18,2,1,0.5676
2024/12/11 13:16,20,2,1,0.6232
2024/12/11 13:16,14,1,1,0.4038
2024/12/11 13:16,20,2,1,0.6478
2024/12/11 13:16,18,2,1,0.6669
2024/12/11 13:16,14,2,0,0.6841
2024/12/11 13:16,18,1,0,0.4087
2024/12/11 13:16,24,1,1,0.7044
2024/12/11 13:16,22,2,1,0.4565
2024/12/11 13:16,16,2,1,0.651
2024/12/11 13:16,18,1,1,1.0591
2024/12/11 13:16,20,1,1,1.0069
2024/12/11 13:16,14,2,1,1.4453
2024/12/11 13:16,16,2,1,1.7474
2024/12/11 13:16,14,2,1,0.5464
2024/12/11 13:16,12,1,1,0.6264
2024/12/11 13:16,12,0,1,0.6348
2024/12/11 13:16,20,2,1,0.5105
2024/12/11 13:16,18,1,1,0.6185
2024/12/11 13:16,22,2,1,0.4195
2024/12/11 13:16,12,2,1,0.6717
2024/12/11 13:16,18,2,1,0.3803
2024/12/11 13:16,24,2,1,0.6185
2024/12/11 13:17,20,2,1,0.6185
2024/12/11 13:17,20,2,1,0.6553
2024/12/11 13:17,16,2,1,0.8451
2024/12/11 13:17,6,1,1,0.5898
2024/12/11 13:17,14,2,1,0.6144
2024/12/11 13:17,18,2,1,0.504
2024/12/11 13:17,16,2,1,0.6594
2024/12/11 13:17,14,2,0,0.4569
2024/12/11 13:17,20,2,1,0.665
2024/12/11 13:17,20,1,0,0.4572
2024/12/11 13:17,12,2,1,0.6205
2024/12/11 13:17,16,2,1,0.6123
2024/12/11 13:17,14,1,1,0.5493
2024/12/11 13:17,8,2,1,0.6553
2024/12/11 13:17,8,1,1,0.6742
2024/12/11 13:17,10,1,1,0.6635
2024/12/11 13:17,18,1,0,0.6308
2024/12/11 13:17,20,1,1,0.5521
2024/12/11 13:17,20,1,0,0.6676
2024/12/11 13:17,20,1,1,0.6295
2024/12/11 13:17,18,1,1,0.6512
2024/12/11 13:17,14,0,1,0.5608
2024/12/11 13:17,18,2,1,0.6471
2024/12/11 13:17,14,1,1,0.5223
2024/12/11 13:17,20,1,1,0.6635
2024/12/11 13:17,14,2,1,0.5519
2024/12/11 13:17,20,1,1,0.7078
2024/12/11 13:17,22,2,1,0.6333
2024/12/11 13:17,14,0,1,0.7702
2024/12/11 13:17,20,2,1,1.1286
2024/12/11 13:17,24,2,1,0.4106
2024/12/11 13:17,20,1,1,0.6471
2024/12/11 13:17,18,1,0,0.4341
2024/12/11 13:17,6,2,1,0.6759
2024/12/11 13:17,20,1,1,0.4236
2024/12/11 13:17,14,1,1,0.6226
2024/12/11 13:17,16,2,1,0.5235
2024/12/11 13:18,16,2,1,0.6472
2024/12/11 13:18,12,2,1,0.6553
2024/12/11 13:18,18,2,0,0.5826
2024/12/11 13:18,12,1,1,0.6308
2024/12/11 13:18,18,2,1,0.6308
2024/12/11 13:18,6,0,1,0.3614
2024/12/11 13:18,14,1,1,0.6594
2024/12/11 13:18,22,1,1,0.6431
2024/12/11 13:18,20,2,1,0.6432
2024/12/11 13:18,6,1,1,0.6512
2024/12/11 13:18,14,1,1,0.5303
2024/12/11 13:18,12,1,0,0.6594
2024/12/11 13:18,10,2,1,0.5074
2024/12/11 13:18,18,2,1,0.6471
2024/12/11 13:18,18,1,0,0.4311
2024/12/11 13:18,14,2,0,0.6406
2024/12/11 13:18,16,2,1,0.4022
2024/12/11 13:18,14,2,1,0.6842
2024/12/11 13:18,16,2,1,0.3809
2024/12/11 13:18,20,2,1,0.3706
2024/12/11 13:18,18,1,1,0.6148
2024/12/11 13:18,12,2,1,0.6184
2024/12/11 13:18,16,2,1,0.4423
2024/12/11 13:18,12,2,1,0.6484
2024/12/11 13:18,18,1,1,0.3077
2024/12/11 13:18,22,1,1,0.6512
2024/12/11 13:18,16,2,1,0.6389
2024/12/11 13:18,14,1,1,0.5451
2024/12/11 13:18,18,1,1,0.6021
2024/12/11 13:18,12,1,1,0.3715
2024/12/11 13:18,16,2,1,0.6594
2024/12/11 13:18,20,1,1,0.6553
2024/12/11 13:18,8,0,0,0.5541
2024/12/11 13:18,18,1,1,0.6308
2024/12/11 13:18,20,1,0,0.4795
2024/12/11 13:18,16,2,1,0.6595
2024/12/11 13:18,22,1,1,0.3916
2024/12/11 13:18,20,2,1,0.6512
2024/12/11 13:20,8,1,1,0.6922
2024/12/11 13:20,16,2,1,0.759
2024/12/11 13:20,20,1,1,0.9754
2024/12/11 13:20,14,2,1,0.6184
2024/12/11 13:20,26,2,1,0.4811
2024/12/11 13:20,6,0,1,0.3757
2024/12/11 13:20,18,2,1,0.8718
2024/12/11 13:20,20,2,1,0.5198
2024/12/11 13:20,20,1,1,0.6266
2024/12/11 13:20,20,1,1,0.3704
2024/12/11 13:20,12,1,1,0.5963
2024/12/11 13:20,6,1,1,0.6395
2024/12/11 13:20,4,1,1,0.5309
2024/12/11 13:20,20,2,1,0.6301
2024/12/11 13:20,14,1,1,0.3768
2024/12/11 13:20,18,1,1,0.6018
2024/12/11 13:20,6,2,1,0.6184
2024/12/11 13:20,12,0,1,1.0428
2024/12/11 13:20,20,1,1,0.3194
2024/12/11 13:20,8,0,1,0.6226
2024/12/11 13:20,10,2,1,0.6226
2024/12/11 13:20,16,1,1,0.3746
2024/12/11 13:20,16,2,0,0.5978
2024/12/11 13:20,16,2,1,0.6266
2024/12/11 13:20,12,1,1,0.4993
2024/12/11 13:20,6,1,1,0.6318
2024/12/11 13:20,14,1,1,0.3601
2024/12/11 13:20,20,1,0,0.6092
2024/12/11 13:20,12,2,1,0.6325
2024/12/11 13:20,18,2,1,0.5228
2024/12/11 13:20,12,1,1,0.6431
2024/12/11 13:20,12,1,0,0.4037
2024/12/11 13:20,12,1,1,0.6093
2024/12/11 13:20,20,0,1,0.5119
2024/12/11 13:20,6,2,1,0.9034
2024/12/11 13:20,18,2,1,0.4035
2024/12/11 13:20,24,2,0,0.5213
2024/12/11 13:20,12,1,1,0.5693
2024/12/11 13:20,20,2,0,0.5734
2024/12/11 13:20,20,2,1,0.419
2024/12/11 13:20,26,2,1,0.6676
2024/12/11 13:20,12,0,1,0.4073
2024/12/11 13:21,6,1,1,0.5896
2024/12/11 13:21,12,1,1,0.6266
2024/12/11 13:21,18,2,1,0.4605
2024/12/11 13:21,12,2,1,0.6275
2024/12/11 13:21,16,2,1,0.9779
2024/12/11 13:21,20,2,1,0.5316
2024/12/11 13:21,12,2,1,0.6112
2024/12/11 13:21,10,1,1,0.3392
2024/12/11 13:21,14,1,1,0.4968
2024/12/11 13:21,34,0,1,0.5775
2024/12/11 13:21,14,0,1,0.8647
2024/12/11 13:21,12,1,1,0.4808
2024/12/11 13:21,18,1,1,0.9861
2024/12/11 13:21,12,2,1,0.4877
2024/12/11 13:21,10,2,1,0.575
2024/12/11 13:21,20,2,1,0.5776
2024/12/11 13:21,24,2,1,1.0684
2024/12/11 13:21,20,2,0,0.448
2024/12/11 13:21,20,2,0,0.598
2024/12/11 13:21,18,1,1,1.061
2024/12/11 13:21,18,2,0,0.4538
2024/12/11 13:21,12,2,0,0.6022
2024/12/11 13:21,12,2,1,0.6102
2024/12/11 13:21,20,2,0,0.325
2024/12/11 13:21,14,2,0,0.4466
2024/12/11 13:21,20,2,0,0.3998
2024/12/11 13:21,18,2,1,0.3519
2024/12/11 13:21,18,2,1,1.0015
2024/12/11 13:21,12,2,1,0.7992
2024/12/11 13:21,20,2,1,0.3375
2024/12/11 13:21,14,2,1,0.6398
2024/12/11 13:21,10,1,0,0.3852
2024/12/11 13:21,26,2,1,0.6021
2024/12/11 13:21,24,2,1,0.6062
2024/12/11 13:21,26,2,1,0.3404
2024/12/11 13:21,28,2,0,0.5703
2024/12/11 13:21,20,2,1,0.5939
2024/12/11 13:21,20,2,1,0.3693
2024/12/11 13:21,22,2,1,0.5707
2024/12/11 13:21,12,2,1,0.5857
2024/12/11 13:21,18,2,1,1.1527
2024/12/11 13:21,20,2,1,0.4583
2024/12/11 13:21,20,2,1,0.5653
2024/12/11 13:21,28,2,0,1.1713
2024/12/11 13:22,6,2,1,0.5653
2024/12/11 13:22,10,2,0,0.6479
2024/12/11 13:22,20,2,1,0.3024
2024/12/11 13:22,14,1,1,0.556
2024/12/11 13:22,20,0,1,0.6717
2024/12/11 13:22,22,2,1,0.559
2024/12/11 13:22,8,2,1,0.6553
2024/12/11 13:22,20,2,1,0.5309
2024/12/11 13:22,18,1,1,0.6553
2024/12/11 13:22,18,1,1,0.4569
2024/12/11 13:22,20,1,1,0.6758
2024/12/11 13:22,26,2,1,0.464
2024/12/11 13:22,20,1,1,0.6553
2024/12/11 13:22,20,1,1,0.6398
2024/12/11 13:22,20,2,1,0.3349
2024/12/11 13:22,12,1,0,0.5474
2024/12/11 13:22,20,1,1,0.5897
2024/12/11 13:22,14,1,1,0.8918
2024/12/11 13:22,6,0,1,0.3764
2024/12/11 13:22,20,1,1,0.5374
2024/12/11 13:22,12,2,1,0.5867
2024/12/11 13:22,20,2,1,0.3051
2024/12/11 13:22,14,2,1,0.4067
2024/12/11 13:22,12,1,1,0.5363
2024/12/11 13:23,26,1,1,0.5944
2024/12/11 13:23,12,2,1,0.5703
2024/12/11 13:23,20,2,1,0.5817
2024/12/11 13:23,12,1,1,0.4376
2024/12/11 13:23,18,2,1,0.5924
2024/12/11 13:23,20,2,1,0.5982
2024/12/11 13:23,20,2,1,0.3677
2024/12/11 13:23,18,2,1,0.6186
2024/12/11 13:23,12,0,1,0.6063
2024/12/11 13:23,12,2,1,0.5072
2024/12/11 13:23,4,1,1,0.598
2024/12/11 13:23,8,0,0,0.5735
2024/12/11 13:23,12,1,1,0.3068
2024/12/11 13:23,14,2,1,0.4156
2024/12/11 13:23,18,2,1,0.5234
2024/12/11 13:23,12,2,1,0.5816
2024/12/11 13:23,12,2,1,0.5694
2024/12/11 13:24,12,2,1,0.3953
2024/12/11 13:24,14,2,1,0.3953
2024/12/11 13:24,14,2,0,0.6196
2024/12/11 13:24,6,1,1,0.6211
2024/12/11 13:24,8,2,1,0.3123
2024/12/11 13:24,20,2,1,0.4699
2024/12/11 13:24,8,0,1,0.4046
2024/12/11 13:24,6,2,1,1.0754
2024/12/11 13:24,12,2,1,0.7761
2024/12/11 13:24,12,2,1,1.0947
2024/12/11 13:24,22,2,1,1.0947
2024/12/11 13:24,8,2,1,1.0947
2024/12/11 13:24,18,2,1,0.6472
2024/12/11 13:24,18,1,0,1.0246
2024/12/11 13:24,8,2,1,0.9537
2024/12/11 13:24,8,1,1,0.6144
2024/12/11 13:24,8,0,1,0.75
2024/12/11 13:24,10,0,1,0.4014
2024/12/11 13:24,14,2,1,0.4014
2024/12/11 13:25,12,2,1,0.6298
2024/12/11 13:25,8,2,1,0.6471
2024/12/11 13:25,8,1,0,0.4725
2024/12/11 13:25,12,2,1,0.589
2024/12/11 13:25,12,2,1,0.6185
2024/12/11 13:25,8,1,1,0.7168
2024/12/11 13:26,14,2,0,0.6719
2024/12/11 13:27,8,2,1,0.6267
2024/12/11 13:27,6,2,1,0.4973
2024/12/11 13:27,8,0,1,0.6431
2024/12/11 13:27,12,2,1,0.6758
2024/12/11 13:27,18,2,1,0.5221
2024/12/11 13:27,18,2,1,0.6268
2024/12/11 13:27,20,1,1,0.3981
2024/12/11 13:27,18,1,1,0.6513
2024/12/11 13:27,20,1,1,0.5459
2024/12/11 13:27,20,2,1,0.6159
2024/12/11 13:27,20,2,1,0.4214
2024/12/11 13:27,22,2,1,0.403
2024/12/11 13:27,20,2,1,0.6209
2024/12/11 13:27,20,2,1,0.4772
2024/12/11 13:27,8,1,1,0.6512
2024/12/11 13:27,6,0,1,0.4827
2024/12/11 13:27,20,2,1,0.5234
2024/12/11 13:27,20,2,0,0.3642
2024/12/11 13:27,8,2,1,0.5747
2024/12/11 13:27,20,1,1,0.6513
2024/12/11 13:27,18,2,1,0.6397
2024/12/11 13:27,12,2,1,0.5855
2024/12/11 13:27,20,1,1,0.6594
2024/12/11 13:27,14,2,0,0.563
2024/12/11 13:27,14,1,1,0.4248
2024/12/11 13:27,20,1,0,0.6225
2024/12/11 13:27,20,2,1,0.6185
2024/12/11 13:27,14,1,1,0.5478
2024/12/11 13:27,18,2,0,0.6298
2024/12/11 13:27,8,2,1,0.6348
2024/12/11 13:27,12,2,1,0.6513
2024/12/11 13:27,6,1,1,0.6759
2024/12/11 13:28,20,2,1,0.598
2024/12/11 13:28,16,2,1,0.4039
2024/12/11 13:28,14,2,1,0.6799
2024/12/11 13:28,26,2,1,0.6389
2024/12/11 13:28,20,1,0,0.3742
2024/12/11 13:28,18,2,1,0.6554
2024/12/11 13:28,12,2,1,0.4967
2024/12/11 13:28,18,0,1,0.6267
2024/12/11 13:28,12,0,1,0.4658
2024/12/11 13:28,10,1,1,0.6307
2024/12/11 13:28,18,1,1,0.6062
2024/12/11 13:28,12,2,0,0.4234
2024/12/11 13:28,14,1,0,0.4164
2024/12/11 13:28,12,1,1,0.5842
2024/12/11 13:28,12,2,1,0.6706
2024/12/11 13:28,20,2,1,0.6283
2024/12/11 13:28,12,1,0,0.6594
2024/12/11 13:28,12,2,0,0.3012
2024/12/11 13:28,12,2,0,0.6595
2024/12/11 13:28,16,2,0,0.5497
2024/12/11 13:28,16,0,1,0.6379
2024/12/11 13:29,14,1,1,0.4538
2024/12/11 13:29,20,2,1,1.0441
2024/12/11 13:29,16,2,1,0.7786
2024/12/11 13:29,12,2,0,0.4654
2024/12/11 13:29,20,2,0,0.6307
2024/12/11 13:29,14,2,0,0.348
2024/12/11 13:29,14,2,1,0.6176
2024/12/11 13:29,14,2,0,0.6347
2024/12/11 13:29,8,2,1,0.5103
2024/12/11 13:29,8,0,1,0.594
2024/12/11 13:29,8,1,0,0.5488
2024/12/11 13:29,10,1,1,0.6394
2024/12/11 13:29,12,2,1,0.6636
2024/12/11 13:29,12,2,1,0.5869
2024/12/11 13:29,6,2,1,0.6759
2024/12/11 13:29,6,1,0,0.5611
2024/12/11 13:29,10,2,1,0.6555
2024/12/11 13:29,12,1,0,0.4706
2024/12/11 13:29,20,1,1,0.6266
2024/12/11 13:29,18,2,1,0.3443
2024/12/11 13:29,14,2,0,0.6717
2024/12/11 13:29,20,2,0,0.6472
2024/12/11 13:29,8,2,0,0.6513
2024/12/11 13:29,14,2,0,0.6308
2024/12/11 13:29,12,2,0,0.5276
2024/12/11 13:29,20,2,1,0.6472
2024/12/11 13:29,14,1,0,0.4557
2024/12/11 13:29,20,2,1,0.6431
2024/12/11 13:29,18,2,1,0.4069
2024/12/11 13:29,14,2,0,0.4727
2024/12/11 13:29,12,1,1,0.6431
2024/12/11 13:29,18,2,1,0.6241
2024/12/11 13:29,20,2,0,0.6349
2024/12/11 13:29,12,0,1,0.5199
2024/12/11 13:29,6,2,1,0.6318
2024/12/11 13:29,12,1,0,0.3798
2024/12/11 13:29,16,2,0,0.6103
2024/12/11 13:29,20,2,0,0.6349
2024/12/11 13:29,14,1,0,0.4874
2024/12/11 13:29,22,1,1,0.6103
2024/12/11 13:29,14,2,0,0.3863
2024/12/11 13:29,12,1,0,0.6021
2024/12/11 13:29,14,2,1,0.6103
2024/12/11 13:29,8,2,0,0.4296
2024/12/11 13:29,16,2,1,0.6205
2024/12/11 13:29,16,2,0,0.6226
2024/12/11 13:29,12,2,0,0.6202
2024/12/11 13:29,14,1,0,0.6307
2024/12/11 13:29,14,2,0,0.4569
2024/12/11 13:29,14,2,0,0.5865
2024/12/11 13:29,8,0,1,0.5807
2024/12/11 13:29,20,1,0,0.3782
2024/12/11 13:29,14,2,1,0.5481
2024/12/11 13:29,14,2,0,0.6349
2024/12/11 13:29,6,2,1,0.4531
2024/12/11 13:29,22,2,0,0.6513
2024/12/11 13:29,10,2,0,0.3903
2024/12/11 13:29,12,1,0,0.6462
2024/12/11 13:29,20,2,0,0.6235
2024/12/11 13:29,16,2,1,0.5255
2024/12/11 13:30,18,2,0,0.6184
2024/12/11 13:30,12,1,0,0.3886
2024/12/11 13:30,20,2,0,0.6242
2024/12/11 13:30,18,2,0,0.6513
2024/12/11 13:30,20,1,1,0.5651
2024/12/11 13:30,8,2,0,0.6472
2024/12/11 13:30,22,1,0,0.4932
2024/12/11 13:30,6,2,1,0.639
2024/12/11 13:30,4,2,1,0.3801
2024/12/11 13:30,12,2,0,0.5765
2024/12/11 13:30,20,2,1,0.3901
2024/12/11 13:30,16,2,1,0.6514
2024/12/11 13:30,18,2,1,0.6593
2024/12/11 13:30,20,2,1,0.5598
2024/12/11 13:30,20,2,1,0.6349
2024/12/11 13:30,20,2,1,0.3707
2024/12/11 13:30,16,2,1,0.6185
2024/12/11 13:30,18,2,1,0.6349
2024/12/11 13:30,20,2,1,0.5624
2024/12/11 13:30,20,2,1,0.639
2024/12/11 13:30,12,2,1,0.3414
2024/12/11 13:30,20,2,1,0.5499
2024/12/11 13:30,12,2,1,0.6308
2024/12/11 13:30,12,1,1,0.5311
2024/12/11 13:30,20,2,0,0.6535
2024/12/11 13:30,20,2,0,0.4876
2024/12/11 13:30,12,1,1,0.6062
2024/12/11 13:30,18,2,1,0.394
2024/12/11 13:30,22,2,1,0.4304
2024/12/11 13:30,4,2,0,0.3921
2024/12/11 13:30,18,2,1,0.6349
2024/12/11 13:30,14,1,1,0.6349
2024/12/11 13:30,12,2,1,0.6349
2024/12/11 13:30,6,2,1,5.5773
2024/12/11 13:30,8,0,1,0.8944
2024/12/11 13:30,6,0,1,0.4228
2024/12/11 13:30,20,1,0,0.314
2024/12/11 13:30,12,2,1,0.7183
2024/12/11 13:30,20,2,1,0.4439
2024/12/11 13:30,14,2,1,0.6717
2024/12/11 13:30,10,2,1,0.8028
2024/12/11 13:30,12,2,1,0.7966
2024/12/11 13:30,16,0,1,0.8039
2024/12/11 13:31,20,2,0,0.3788
2024/12/11 13:31,18,2,1,0.7168
2024/12/11 13:31,6,2,1,0.5091
2024/12/11 13:31,8,1,1,0.7127
2024/12/11 13:31,16,1,1,0.8225
2024/12/11 13:31,20,1,1,1.4098
2024/12/11 13:31,14,2,1,0.684
2024/12/11 13:31,20,2,1,0.3002
2024/12/11 13:31,20,1,1,0.6676
2024/12/11 13:31,12,2,1,0.4568
2024/12/11 13:31,14,1,0,0.7823
2024/12/11 13:31,12,1,1,0.8868
2024/12/11 13:31,18,1,0,0.4837
2024/12/11 13:31,18,2,1,0.7086
2024/12/11 13:31,20,2,1,0.8107
2024/12/11 13:31,14,2,1,0.3284
2024/12/11 13:31,18,2,1,0.7138
2024/12/11 13:31,18,2,1,0.7304
2024/12/11 13:31,12,1,1,1.0748
2024/12/11 13:31,20,1,1,0.5103
2024/12/11 13:31,12,1,1,0.684
2024/12/11 13:31,12,2,1,0.8052
2024/12/11 13:31,20,2,0,1.0088
2024/12/11 13:31,14,2,1,0.9506
2024/12/11 13:31,12,2,1,1.017
2024/12/11 13:31,6,2,1,0.525
2024/12/11 13:31,18,2,0,0.5049
2024/12/11 13:31,22,2,0,0.536
2024/12/11 13:31,18,2,0,0.684
2024/12/11 13:31,16,1,1,0.5042
2024/12/11 13:31,14,2,1,0.6554
2024/12/11 13:31,18,2,1,0.4299
2024/12/11 13:31,18,1,1,0.6761
2024/12/11 13:31,12,1,1,0.6545
2024/12/11 13:31,6,1,1,0.4752
2024/12/11 13:31,20,2,1,0.8157
2024/12/11 13:31,18,2,0,0.8157
2024/12/11 13:31,12,2,1,1.886
2024/12/11 13:31,18,2,1,0.7495
2024/12/11 13:31,26,2,1,0.454
2024/12/11 13:31,10,2,1,0.7167
2024/12/11 13:31,10,1,1,0.3872
2024/12/11 13:31,6,0,1,0.6635
2024/12/11 13:31,18,2,1,0.6759
2024/12/11 13:31,18,1,0,0.6717
2024/12/11 13:31,14,2,1,0.4253
2024/12/11 13:31,14,1,1,0.7849
2024/12/11 13:31,20,1,0,0.5937
2024/12/11 13:31,18,2,0,0.6758
2024/12/11 13:31,26,2,0,0.5952
2024/12/11 13:32,20,2,0,0.6584
2024/12/11 13:32,20,1,0,0.5353
2024/12/11 13:32,18,1,0,0.6376
2024/12/11 13:32,20,2,0,0.413
2024/12/11 13:32,14,2,1,0.6717
2024/12/11 13:32,30,2,1,0.4975
2024/12/11 13:32,20,2,0,0.6758
2024/12/11 13:32,6,2,0,0.5251
2024/12/11 13:32,6,2,0,0.684
2024/12/11 13:32,12,2,0,0.5933
2024/12/11 13:32,16,1,1,0.6817
2024/12/11 13:32,12,1,1,0.6569
2024/12/11 13:32,8,2,0,0.6871
2024/12/11 13:32,20,2,0,0.6923
2024/12/11 13:32,16,2,0,0.4875
2024/12/11 13:32,12,2,1,0.7208
2024/12/11 13:32,26,2,1,0.5772
2024/12/11 13:32,12,1,1,0.6717
2024/12/11 13:32,20,1,1,0.6899
2024/12/11 13:32,14,1,0,0.6963
2024/12/11 13:32,14,2,1,0.7332
2024/12/11 13:32,20,2,1,0.5975
2024/12/11 13:32,16,2,0,0.6963
2024/12/11 13:32,20,1,0,0.6311
2024/12/11 13:32,14,2,1,0.6636
2024/12/11 13:32,12,1,0,0.5394
2024/12/11 13:32,14,2,1,0.5394
2024/12/11 13:32,12,2,1,0.3573
2024/12/11 13:32,16,2,0,0.6799
2024/12/11 13:32,12,2,0,0.414
2024/12/11 13:32,16,1,0,0.6594
2024/12/11 13:32,18,1,0,0.3442
2024/12/11 13:32,8,2,1,0.6339
2024/12/11 13:32,20,2,1,0.643
2024/12/11 13:32,18,2,0,0.5588
2024/12/11 13:32,20,2,0,0.6759
2024/12/11 13:32,18,2,1,0.5952
2024/12/11 13:32,18,2,1,0.688
2024/12/11 13:32,18,2,0,0.6746
2024/12/11 13:32,18,2,1,0.6922
2024/12/11 13:32,20,2,1,0.6553
2024/12/11 13:32,14,2,1,0.6692
2024/12/11 13:32,12,2,1,0.6384
2024/12/11 13:32,18,2,1,0.6553
2024/12/11 13:32,6,2,0,0.6534
2024/12/11 13:32,20,2,1,0.6806
2024/12/11 13:32,20,2,1,0.6789
2024/12/11 13:32,18,2,0,0.7127
2024/12/11 13:32,10,1,0,0.6818
2024/12/11 13:32,12,1,0,0.386
2024/12/11 13:32,12,1,0,0.6211
2024/12/11 13:32,12,2,1,0.6308
2024/12/11 13:32,8,2,0,0.5345
2024/12/11 13:32,20,1,0,0.6388
2024/12/11 13:32,20,2,0,0.4246
2024/12/11 13:32,12,1,0,0.639
2024/12/11 13:32,14,1,0,0.6387
2024/12/11 13:32,16,2,1,0.5751
2024/12/11 13:33,16,2,0,0.6349
2024/12/11 13:33,6,2,0,0.4179
2024/12/11 13:33,16,2,0,0.6021
2024/12/11 13:33,14,1,0,0.6149
2024/12/11 13:33,20,2,0,0.6149
2024/12/11 13:33,8,0,0,0.4279
2024/12/11 13:33,14,1,0,0.7413
2024/12/11 13:33,12,2,0,0.442
2024/12/11 13:33,20,2,1,0.598
2024/12/11 13:33,20,2,0,0.598
2024/12/11 13:33,12,2,1,0.4238
2024/12/11 13:33,18,2,1,0.6184
2024/12/11 13:33,18,2,0,0.6636
2024/12/11 13:33,12,2,1,0.5943
2024/12/11 13:33,12,2,0,0.6759
2024/12/11 13:33,12,1,0,0.5884
2024/12/11 13:33,26,2,1,0.647
2024/12/11 13:33,18,1,0,0.4981
2024/12/11 13:33,18,2,1,0.635
2024/12/11 13:33,20,2,1,0.4014
2024/12/11 13:33,18,2,1,0.5688
2024/12/11 13:33,20,0,0,0.5693
2024/12/11 13:33,18,2,1,0.313
2024/12/11 13:33,20,2,1,0.6267
2024/12/11 13:33,12,1,1,0.639
2024/12/11 13:33,12,1,1,0.6184
2024/12/11 13:33,20,2,1,0.5734
2024/12/11 13:33,4,1,1,0.6348
2024/12/11 13:33,12,2,1,0.448
2024/12/11 13:33,14,1,1,0.6415
2024/12/11 13:33,12,0,1,0.4116
2024/12/11 13:33,14,1,1,0.6349
2024/12/11 13:33,18,2,1,0.6417
2024/12/11 13:33,20,1,1,0.6103
2024/12/11 13:33,24,2,0,0.3033
2024/12/11 13:33,20,1,0,0.445
2024/12/11 13:33,20,2,0,0.5819
2024/12/11 13:33,20,1,0,0.598
2024/12/11 13:33,18,2,1,0.356
2024/12/11 13:33,20,1,1,0.466
2024/12/11 13:33,22,2,1,0.5202
2024/12/11 13:33,20,2,0,0.3569
2024/12/11 13:33,20,2,1,0.5475
2024/12/11 13:33,12,2,0,0.5585
2024/12/11 13:33,12,2,1,0.3866
2024/12/11 13:33,24,2,1,0.5797
2024/12/11 13:36,14,1,1,0.6062
2024/12/11 13:36,12,2,1,0.5939
2024/12/11 13:36,6,1,1,0.3286
2024/12/11 13:36,12,1,1,0.6592
2024/12/11 13:36,12,2,1,0.6592
2024/12/11 13:36,14,1,1,0.7045
2024/12/11 13:36,12,2,0,0.6963
2024/12/11 13:36,16,2,1,0.4277
2024/12/11 13:36,4,1,1,0.6882
2024/12/11 13:37,20,2,1,0.4655
2024/12/11 13:37,14,2,0,0.6718
2024/12/11 13:37,18,1,0,0.4314
2024/12/11 13:37,6,2,0,0.68
2024/12/11 13:37,8,1,0,0.5281
2024/12/11 13:37,20,1,0,0.7385
2024/12/11 13:37,8,2,1,0.6764
2024/12/11 13:37,12,2,1,0.6799
2024/12/11 13:37,12,2,1,0.688
2024/12/11 13:37,4,2,0,0.4397
2024/12/11 13:37,12,2,0,0.7086
2024/12/11 13:37,14,2,0,0.5611
2024/12/11 13:37,10,2,0,0.7168
2024/12/11 13:37,18,2,1,0.7055
2024/12/11 13:37,8,2,0,0.4146
2024/12/11 13:37,20,1,1,0.6877
2024/12/11 13:37,14,2,1,0.484
2024/12/11 13:37,18,1,1,0.6799
2024/12/11 13:37,12,1,1,0.5013
2024/12/11 13:37,14,2,0,0.684
2024/12/11 13:37,14,2,0,0.5763
2024/12/11 13:37,16,2,0,0.6784
2024/12/11 13:37,16,2,1,0.5918
2024/12/11 13:37,12,2,0,0.6758
2024/12/11 13:37,18,2,1,0.6138
2024/12/11 13:37,12,1,1,0.6963
2024/12/11 13:37,12,2,0,0.7128
2024/12/11 13:37,16,2,0,0.4089
2024/12/11 13:37,16,2,1,0.7092
2024/12/11 13:37,12,2,0,0.5124
2024/12/11 13:37,20,1,1,0.6717
2024/12/11 13:37,18,2,0,1.086
2024/12/11 13:37,20,2,1,0.9005
2024/12/11 13:37,20,2,1,0.5138
2024/12/11 13:37,12,2,0,0.7596
2024/12/11 13:37,10,2,1,0.5648
2024/12/11 13:37,12,2,0,0.6742
2024/12/11 13:37,12,2,0,0.5937
2024/12/11 13:37,18,1,1,0.7357
2024/12/11 13:37,12,2,1,0.5798
2024/12/11 13:37,10,1,1,0.6959
2024/12/11 13:37,8,2,1,0.6319
2024/12/11 13:37,8,1,0,0.6554
2024/12/11 13:37,12,2,1,0.5502
2024/12/11 13:37,12,2,1,0.6609
2024/12/11 13:37,14,2,1,0.4449
2024/12/11 13:37,10,2,0,0.6962
2024/12/11 13:37,10,2,1,0.5305
2024/12/11 13:37,14,2,1,0.7102
2024/12/11 13:37,12,2,1,0.5401
2024/12/11 13:37,14,1,0,0.6799
2024/12/11 13:37,14,1,1,0.6622
2024/12/11 13:37,12,2,1,0.6799
2024/12/11 13:37,18,2,1,0.683
2024/12/11 13:37,12,2,1,0.7127
2024/12/11 13:37,6,1,1,0.7126
2024/12/11 13:37,12,2,1,0.461
2024/12/11 13:37,20,2,0,0.6758
2024/12/11 13:37,6,2,1,0.5509
2024/12/11 13:37,20,2,1,0.7086
2024/12/11 13:38,8,1,1,0.6246
2024/12/11 13:38,6,1,1,0.6699
2024/12/11 13:38,18,2,1,0.5906
2024/12/11 13:38,12,2,1,0.6635
2024/12/11 13:38,12,2,0,0.5999
2024/12/11 13:38,14,2,0,1.051
2024/12/11 13:38,14,2,1,0.4071
2024/12/11 13:38,14,2,1,0.5977
2024/12/11 13:38,16,2,0,0.7332
2024/12/11 13:38,12,2,0,0.7414
2024/12/11 13:38,20,2,0,0.5538
2024/12/11 13:38,14,2,0,0.7293
2024/12/11 13:38,20,2,0,0.6786
2024/12/11 13:38,14,2,1,0.6922
2024/12/11 13:38,14,2,0,0.7209
2024/12/11 13:38,20,2,0,0.5602
2024/12/11 13:38,8,2,1,0.7372
2024/12/11 13:38,18,2,1,0.7097
2024/12/11 13:38,20,2,0,0.4819
2024/12/11 13:38,18,2,0,0.7536
2024/12/11 13:38,14,2,1,0.6621
2024/12/11 13:38,14,2,0,0.7537
2024/12/11 13:38,16,2,1,0.7495
2024/12/11 13:38,20,2,1,0.5865
2024/12/11 13:38,20,1,0,0.7292
2024/12/11 13:38,20,1,0,0.729
2024/12/11 13:38,14,1,1,0.5135
2024/12/11 13:38,12,2,1,0.7447
2024/12/11 13:38,8,2,1,0.7582
2024/12/11 13:38,14,2,0,0.3906
2024/12/11 13:38,18,2,0,0.6758
2024/12/11 13:38,20,2,0,0.4563
2024/12/11 13:38,16,2,0,0.725
2024/12/11 13:38,18,2,1,0.6166
2024/12/11 13:38,10,2,1,0.7332
2024/12/11 13:38,16,2,1,0.7291
2024/12/11 13:38,18,1,1,0.4649
2024/12/11 13:38,18,2,1,0.678
2024/12/11 13:38,12,2,1,0.4567
2024/12/11 13:38,18,2,0,0.6881
2024/12/11 13:38,12,2,0,0.5488
2024/12/11 13:38,12,2,0,0.6923
2024/12/11 13:38,10,2,1,0.5348
2024/12/11 13:38,18,2,1,0.6758
2024/12/11 13:38,6,2,1,0.6881
2024/12/11 13:38,18,2,0,0.6534
2024/12/11 13:38,8,0,1,0.6635
2024/12/11 13:38,14,2,1,0.6799
2024/12/11 13:38,12,2,1,0.6635
2024/12/11 13:38,14,2,1,0.6553
2024/12/11 13:38,20,2,1,0.6595
2024/12/11 13:38,12,2,0,0.6373
2024/12/11 13:38,18,2,0,0.7045
2024/12/11 13:38,12,2,1,0.7168
2024/12/11 13:38,14,2,0,0.4618
2024/12/11 13:38,12,2,1,0.6593
2024/12/11 13:38,16,2,1,0.8227
2024/12/11 13:38,20,2,1,0.4286
2024/12/11 13:39,12,2,1,0.7291
2024/12/11 13:39,20,2,0,0.6491
2024/12/11 13:39,12,2,1,0.725
2024/12/11 13:39,12,1,0,0.6921
2024/12/11 13:39,20,2,0,0.4339
2024/12/11 13:39,18,2,1,0.7086
2024/12/11 13:39,16,2,1,0.5245
2024/12/11 13:39,16,1,0,0.7004
2024/12/11 13:39,14,2,0,0.6769
2024/12/11 13:39,20,2,1,0.7209
2024/12/11 13:39,14,2,0,0.6963
2024/12/11 13:39,18,2,0,0.4464
2024/12/11 13:39,14,2,1,0.7004
2024/12/11 13:39,14,2,0,0.5265
2024/12/11 13:39,12,2,1,0.68
2024/12/11 13:39,12,2,0,0.6223
2024/12/11 13:39,16,2,0,0.7127
2024/12/11 13:39,20,2,0,0.7127
2024/12/11 13:39,8,2,0,0.4141
2024/12/11 13:39,20,2,1,0.6677
2024/12/11 13:39,16,2,1,0.4444
2024/12/11 13:39,14,2,1,0.7169
2024/12/11 13:39,16,2,1,0.5732
2024/12/11 13:39,14,2,0,0.7017
2024/12/11 13:39,20,2,1,0.6395
2024/12/11 13:39,16,2,1,0.6922
2024/12/11 13:39,18,2,1,0.6734
2024/12/11 13:39,8,2,1,0.6865
2024/12/11 13:39,20,2,0,0.6922
2024/12/11 13:39,20,2,0,0.4019
2024/12/11 13:39,16,2,0,0.6759
2024/12/11 13:39,16,2,0,0.4992
2024/12/11 13:39,14,2,1,0.6909
2024/12/11 13:39,16,2,0,0.5734
2024/12/11 13:39,20,2,0,0.7054
2024/12/11 13:39,10,2,1,0.6707
2024/12/11 13:39,14,1,0,0.671
2024/12/11 13:39,12,2,0,0.6509
2024/12/11 13:39,20,2,1,0.6553
2024/12/11 13:39,10,2,1,0.6161
2024/12/11 13:39,14,2,0,0.6839
2024/12/11 13:39,10,2,1,0.7045
2024/12/11 13:39,14,2,1,0.4578
2024/12/11 13:39,16,2,1,0.7168
2024/12/11 13:39,20,1,1,0.5623
2024/12/11 13:39,18,2,0,0.7032
2024/12/11 13:39,6,2,1,0.6404
2024/12/11 13:39,8,2,1,0.684
2024/12/11 13:39,14,2,0,0.6566
2024/12/11 13:39,12,2,1,0.6594
2024/12/11 13:39,16,1,0,0.6507
2024/12/11 13:39,12,2,1,0.6513
2024/12/11 13:39,12,2,0,0.5578
2024/12/11 13:39,18,2,1,0.639
2024/12/11 13:39,12,2,0,0.4495
2024/12/11 13:39,12,2,1,0.6471
2024/12/11 13:39,20,2,1,0.3685
2024/12/11 13:39,20,2,1,0.643
2024/12/11 13:39,8,1,1,0.6554
2024/12/11 13:39,12,1,0,0.6519
2024/12/11 13:40,12,2,1,0.6798
2024/12/11 13:40,14,2,1,0.6554
2024/12/11 13:40,12,2,1,0.6389
2024/12/11 13:40,12,2,1,0.5683
2024/12/11 13:40,18,2,0,0.6554
2024/12/11 13:40,12,2,1,0.5368
2024/12/11 13:40,12,2,1,0.6349
2024/12/11 13:40,12,2,1,0.437
2024/12/11 13:40,20,2,0,0.6431
2024/12/11 13:40,20,2,0,0.6308
2024/12/11 13:40,6,2,1,0.5672
2024/12/11 13:40,18,1,1,0.598
2024/12/11 13:40,12,2,1,0.5955
2024/12/11 13:40,10,2,1,0.6513
2024/12/11 13:40,12,2,0,0.6388
2024/12/11 13:40,20,2,1,0.666
2024/12/11 13:40,8,2,1,0.5326
2024/12/11 13:40,12,2,1,0.6144
2024/12/11 13:40,12,2,1,0.392
2024/12/11 13:40,12,2,1,0.6011
2024/12/11 13:40,10,2,1,0.6513
2024/12/11 13:40,14,2,1,0.6072
2024/12/11 13:40,10,2,1,0.6634
2024/12/11 13:40,14,2,1,0.5652
2024/12/11 13:40,16,2,1,0.639
2024/12/11 13:40,12,2,1,0.4195
2024/12/11 13:40,20,2,0,0.6471
2024/12/11 13:40,10,2,1,0.6585
2024/12/11 13:40,8,2,1,0.6431
2024/12/11 13:40,12,1,0,0.5394
2024/12/11 13:40,12,2,1,0.6185
2024/12/11 13:40,12,2,1,0.3856
2024/12/11 13:40,12,2,1,0.6348
2024/12/11 13:40,12,1,1,0.6553
2024/12/11 13:40,12,2,0,0.5704
2024/12/11 13:40,6,2,0,0.6382
2024/12/11 13:40,10,2,1,0.5277
2024/12/11 13:40,6,2,1,0.4593
2024/12/11 13:40,12,2,0,0.6308
2024/12/11 13:40,12,2,1,0.3545
2024/12/11 13:40,20,2,1,0.6758
2024/12/11 13:40,14,2,0,0.6746
2024/12/11 13:40,12,1,1,0.6718
2024/12/11 13:40,14,2,0,0.6716
2024/12/11 13:40,12,2,1,0.6389
2024/12/11 13:40,6,2,1,0.6431
2024/12/11 13:40,16,1,1,0.5646
2024/12/11 13:40,12,2,1,0.6431
2024/12/11 13:40,14,1,0,0.5014
2024/12/11 13:40,10,2,1,0.7045
2024/12/11 13:40,10,2,1,0.6738
2024/12/11 13:40,12,2,1,0.7495
2024/12/11 13:40,14,1,1,0.7087
2024/12/11 13:40,14,2,0,0.5682
2024/12/11 13:40,18,2,1,0.7045
2024/12/11 13:40,18,2,1,0.6782
2024/12/11 13:41,12,1,1,0.6881
2024/12/11 13:41,14,0,1,0.7086
2024/12/11 13:41,12,2,0,0.5245
2024/12/11 13:41,20,2,1,0.7004
2024/12/11 13:41,14,1,1,0.5106
2024/12/11 13:41,10,2,1,0.6594
2024/12/11 13:41,12,2,1,0.5571
2024/12/11 13:41,16,2,1,0.7126
2024/12/11 13:41,14,2,1,0.679
2024/12/11 13:41,12,2,1,0.7024
2024/12/11 13:41,6,2,1,0.6963
2024/12/11 13:41,12,2,1,0.7127
2024/12/11 13:41,14,2,1,0.6461
2024/12/11 13:41,14,2,1,0.7168
2024/12/11 13:41,14,2,1,0.7004
2024/12/11 13:41,12,2,1,0.3652
2024/12/11 13:41,12,2,1,0.5793
2024/12/11 13:41,18,2,1,0.6097
2024/12/11 13:41,18,2,1,0.4731
2024/12/11 13:41,12,2,1,0.5972
2024/12/11 13:41,18,2,1,0.7495
2024/12/11 13:41,12,2,1,0.5679
2024/12/11 13:41,16,2,1,0.7167
2024/12/11 13:41,16,2,1,0.6349
2024/12/11 13:41,8,2,1,0.6716
2024/12/11 13:41,12,2,1,0.5918
2024/12/11 13:41,12,1,1,0.6635
2024/12/11 13:41,18,2,0,0.6255
2024/12/11 13:41,12,1,1,0.7086
2024/12/11 13:41,14,2,1,0.7171
2024/12/11 13:41,16,2,1,0.466
2024/12/11 13:41,12,2,0,0.68
2024/12/11 13:41,18,2,1,0.4212
2024/12/11 13:41,10,2,1,0.6513
2024/12/11 13:41,18,2,1,0.6594
2024/12/11 13:41,12,2,1,0.6758
2024/12/11 13:41,14,2,0,0.432
2024/12/11 13:41,10,1,1,0.7126
2024/12/11 13:41,6,2,0,0.572
2024/12/11 13:41,20,2,1,0.6676
2024/12/11 13:41,8,2,1,0.509
2024/12/11 13:41,8,0,1,0.509
2024/12/11 13:41,12,2,1,0.3311
2024/12/11 13:41,12,1,0,0.5361
2024/12/11 13:41,12,2,1,0.6553
2024/12/11 13:41,20,2,1,0.5736
2024/12/11 13:41,20,2,1,0.6717
2024/12/11 13:41,12,2,1,0.559
2024/12/11 13:41,18,2,0,0.6266
2024/12/11 13:41,12,1,1,0.4023
2024/12/11 13:41,10,2,1,0.5768
2024/12/11 13:41,20,2,1,0.5898
2024/12/11 13:41,10,2,1,0.4601
2024/12/11 13:41,12,2,1,0.5898
2024/12/11 13:41,8,2,1,0.5816
2024/12/11 13:41,8,2,1,0.4382
2024/12/11 13:42,10,2,1,0.5857
2024/12/11 13:42,8,2,0,0.4006
2024/12/11 13:42,20,2,1,0.614
2024/12/11 13:42,20,2,0,0.5979
2024/12/11 13:42,10,2,1,0.428
2024/12/11 13:42,8,2,1,0.598
2024/12/11 13:42,6,1,0,0.598
2024/12/11 13:42,12,1,0,0.398
2024/12/11 13:42,12,2,1,0.6307
2024/12/11 13:42,12,2,1,0.6371
2024/12/11 13:42,20,2,0,0.5478
2024/12/11 13:42,20,2,1,0.6103
2024/12/11 13:42,20,1,0,0.364
2024/12/11 13:42,20,2,1,0.377
2024/12/11 13:42,12,2,0,0.639
2024/12/11 13:42,10,1,0,0.5654
2024/12/11 13:42,10,2,0,0.6922
2024/12/11 13:42,8,1,0,0.6347
2024/12/11 13:43,10,2,1,0.6986
2024/12/11 13:43,20,1,1,0.3689
2024/12/11 13:43,8,2,1,1.0958
2024/12/11 13:43,18,1,0,0.8445
2024/12/11 13:43,20,1,1,0.6594
2024/12/11 13:43,20,2,1,0.6595
2024/12/11 13:43,14,2,1,0.6214
2024/12/11 13:43,20,2,0,0.6226
2024/12/11 13:43,10,1,1,0.5529
2024/12/11 13:43,18,1,1,0.6594
2024/12/11 13:43,18,2,1,0.5228
2024/12/11 13:43,12,1,1,0.6511
2024/12/11 13:43,12,2,0,0.4597
2024/12/11 13:43,4,0,1,0.6185
2024/12/11 13:43,8,2,1,0.6375
2024/12/11 13:43,10,2,1,0.6963
2024/12/11 13:43,12,2,1,0.3482
2024/12/11 13:43,8,2,1,0.6594
2024/12/11 13:43,24,2,0,0.6676
2024/12/11 13:43,6,2,1,0.6594
2024/12/11 13:43,8,2,0,0.6431
2024/12/11 13:43,14,2,1,0.639
2024/12/11 13:43,14,2,1,0.4863
2024/12/11 13:43,12,2,1,0.4379
2024/12/11 13:43,20,2,0,0.6922
2024/12/11 13:43,14,2,1,0.4459
2024/12/11 13:43,10,1,1,0.676
2024/12/11 13:43,12,2,0,0.4526
2024/12/11 13:43,12,2,1,0.6717
2024/12/11 13:43,20,2,1,0.4751
2024/12/11 13:43,12,2,0,0.6595
2024/12/11 13:43,12,2,0,0.4478
2024/12/11 13:43,12,2,0,0.6799
2024/12/11 13:43,10,2,0,0.4843
2024/12/11 13:43,14,2,1,0.6717
2024/12/11 13:43,14,2,0,0.5171
2024/12/11 13:43,12,2,0,0.6799
2024/12/11 13:43,16,1,1,0.5535
2024/12/11 13:43,12,1,0,0.6595
2024/12/11 13:43,10,1,0,0.5275
2024/12/11 13:43,18,2,0,0.6266
2024/12/11 13:43,12,2,0,0.3596
2024/12/11 13:43,12,2,0,0.6348
2024/12/11 13:43,16,1,1,0.6553
2024/12/11 13:43,14,1,0,0.6963
2024/12/11 13:43,18,2,0,0.6676
2024/12/11 13:43,20,2,0,0.6566
2024/12/11 13:43,12,2,1,0.6513
2024/12/11 13:44,6,1,1,0.6348
2024/12/11 13:44,8,1,1,0.6376
2024/12/11 13:44,6,0,1,0.6472
2024/12/11 13:44,18,2,1,0.5607
2024/12/11 13:44,14,2,0,0.6595
2024/12/11 13:44,20,2,1,0.5032
2024/12/11 13:44,20,2,0,0.6799
2024/12/11 13:44,12,1,0,0.534
2024/12/11 13:44,8,2,1,0.6594
2024/12/11 13:44,14,2,0,0.5251
2024/12/11 13:44,14,2,1,0.6533
2024/12/11 13:44,14,2,1,0.4423
2024/12/11 13:44,20,2,0,0.6594
2024/12/11 13:44,10,1,0,0.4349
2024/12/11 13:44,18,2,0,0.6595
2024/12/11 13:44,6,0,1,0.6595
2024/12/11 13:44,14,2,1,0.6389
2024/12/11 13:44,20,2,1,0.6389
2024/12/11 13:44,12,2,0,0.5601
2024/12/11 13:44,12,2,1,0.6512
2024/12/11 13:44,8,0,1,0.5284
2024/12/11 13:44,12,1,1,0.6389
2024/12/11 13:44,20,2,0,0.4479
2024/12/11 13:44,14,1,0,0.6431
2024/12/11 13:44,20,1,1,0.3775
2024/12/11 13:44,20,1,0,0.643
2024/12/11 13:44,18,2,0,0.6553
2024/12/11 13:44,20,2,0,0.6267
2024/12/11 13:44,14,2,1,0.6636
2024/12/11 13:44,12,2,1,0.5574
2024/12/11 13:44,20,2,0,0.6471
2024/12/11 13:44,20,2,1,0.49
2024/12/11 13:44,14,2,0,0.6472
2024/12/11 13:44,20,2,0,0.5172
2024/12/11 13:44,16,2,0,0.7234
2024/12/11 13:44,14,2,0,0.6485
2024/12/11 13:44,12,1,1,0.7127
2024/12/11 13:44,12,2,1,0.6624
2024/12/11 13:44,12,2,0,0.7126
2024/12/11 13:44,8,2,0,0.6963
2024/12/11 13:44,14,2,1,0.4347
2024/12/11 13:44,14,2,0,0.6963
2024/12/11 13:44,14,2,0,0.4891
2024/12/11 13:44,18,2,0,0.6758
2024/12/11 13:44,18,1,1,0.6035
2024/12/11 13:44,18,2,0,0.7454
2024/12/11 13:44,14,2,1,0.7085
2024/12/11 13:45,14,2,0,0.4339
2024/12/11 13:45,12,2,0,0.6676
2024/12/11 13:45,18,2,0,0.4882
2024/12/11 13:45,20,2,0,0.7536
2024/12/11 13:45,12,1,0,0.7637
2024/12/11 13:45,12,2,1,0.4906
2024/12/11 13:45,20,2,1,0.7414
2024/12/11 13:45,12,2,0,0.6328
2024/12/11 13:45,14,2,0,0.7086
2024/12/11 13:45,18,2,1,0.7149
2024/12/11 13:45,12,2,1,0.4303
2024/12/11 13:45,16,2,0,0.7291
2024/12/11 13:45,10,2,1,0.6294
2024/12/11 13:45,16,2,1,0.7089
2024/12/11 13:45,12,2,0,0.7372
2024/12/11 13:45,20,2,0,0.5941
2024/12/11 13:45,6,2,0,0.725
2024/12/11 13:45,14,1,0,0.7455
2024/12/11 13:45,20,2,0,0.5869
2024/12/11 13:45,12,1,0,0.7208
2024/12/11 13:45,18,2,1,1.0355
2024/12/11 13:45,18,2,0,0.5232
2024/12/11 13:45,18,1,0,0.6946
2024/12/11 13:45,20,2,0,0.6115
2024/12/11 13:45,16,2,0,0.7413
2024/12/11 13:45,14,2,0,0.7045
2024/12/11 13:45,12,2,1,0.443
2024/12/11 13:45,12,2,0,0.729
2024/12/11 13:45,12,2,0,0.5977
2024/12/11 13:45,18,2,0,0.7619
2024/12/11 13:45,16,1,0,0.7946
2024/12/11 13:45,16,2,1,0.6583
2024/12/11 13:45,16,1,0,0.7045
2024/12/11 13:45,16,2,0,0.6431
2024/12/11 13:45,18,2,1,0.6512
2024/12/11 13:45,6,1,1,0.5082
2024/12/11 13:45,16,2,0,0.6635
2024/12/11 13:45,20,2,0,0.7371
2024/12/11 13:45,20,2,0,0.458
2024/12/11 13:45,12,1,0,0.7537
2024/12/11 11:24,6,2,1,
2024/12/11 11:24,14,2,1,
2024/12/11 11:24,12,1,1,
2024/12/11 11:24,6,1,1,
2024/12/11 11:24,10,2,1,
2024/12/11 11:24,14,2,1,
2024/12/11 11:24,14,2,1,
2024/12/11 11:24,16,1,1,
2024/12/11 11:24,14,1,1,
2024/12/11 11:24,18,1,1,
2024/12/11 11:24,14,2,1,
2024/12/11 11:24,12,2,1,
2024/12/11 11:24,12,2,1,
2024/12/11 11:24,18,2,1,
2024/12/11 11:24,18,1,1,
2024/12/11 11:24,12,1,1,
2024/12/11 11:24,18,1,1,
2024/12/11 11:24,20,2,1,
2024/12/11 11:24,20,2,1,
2024/12/11 11:24,10,0,1,
2024/12/11 11:24,20,2,1,
2024/12/11 11:24,20,2,1,
2024/12/11 11:24,12,1,1,
2024/12/11 11:24,20,2,1,
2024/12/11 11:24,6,2,1,
2024/12/11 11:24,8,1,1,
2024/12/11 11:24,8,2,1,
2024/12/11 11:24,16,2,1,
2024/12/11 11:24,18,2,1,
2024/12/11 11:24,6,2,1,
2024/12/11 11:24,12,1,1,
2024/12/11 11:24,24,2,1,
2024/12/11 11:24,22,2,1,
2024/12/11 11:24,24,2,0,
2024/12/11 11:24,22,1,0,
2024/12/11 11:24,28,2,0,
2024/12/11 11:24,22,2,1,
2024/12/11 11:24,26,2,1,
2024/12/11 11:24,4,1,1,
2024/12/11 11:24,18,2,0,
2024/12/11 11:24,18,2,1,
2024/12/11 11:24,20,1,1,
2024/12/11 11:24,20,1,1,
2024/12/11 11:24,22,2,1,
2024/12/11 11:25,14,2,1,
2024/12/11 11:25,24,2,1,
2024/12/11 11:25,18,2,0,
2024/12/11 11:25,20,2,1,
2024/12/11 11:25,14,2,1,
2024/12/11 11:25,24,2,1,
2024/12/11 11:25,24,2,0,
2024/12/11 11:25,6,1,1,
2024/12/11 11:25,18,2,1,
2024/12/11 11:25,20,2,0,
2024/12/11 11:25,22,2,0,
2024/12/11 11:25,20,1,1,
2024/12/11 11:25,22,1,1,
2024/12/11 11:25,6,1,1,
2024/12/11 11:25,20,2,1,
2024/12/11 11:25,24,2,1,
2024/12/11 11:25,18,1,1,
2024/12/11 11:25,22,1,1,
2024/12/11 11:25,10,1,1,
2024/12/11 11:25,20,2,1,
2024/12/11 11:25,24,2,1,
2024/12/11 11:25,24,2,0,
2024/12/11 11:25,18,1,1,
2024/12/11 11:25,20,1,1,
2024/12/11 11:25,6,2,1,
2024/12/11 11:25,24,2,1,
2024/12/11 11:25,22,2,1,
2024/12/11 11:25,20,1,1,
2024/12/11 11:25,24,1,1,
2024/12/11 11:25,26,2,1,
2024/12/11 11:25,24,1,1,
2024/12/11 11:25,24,1,1,
2024/12/11 11:25,24,1,1,
2024/12/11 11:25,20,1,1,
2024/12/11 11:25,18,2,1,
2024/12/11 11:25,24,1,1,
2024/12/11 11:25,18,1,1,
2024/12/11 11:25,26,1,1,
2024/12/11 11:25,20,1,1,
2024/12/11 11:25,20,2,1,
2024/12/11 11:25,20,1,1,
2024/12/11 11:25,24,2,1,
2024/12/11 11:25,20,1,1,
2024/12/11 11:25,20,2,1,
2024/12/11 11:25,20,1,0,
2024/12/11 11:25,24,1,0,
2024/12/11 11:25,24,2,1,
2024/12/11 11:25,20,1,0,
2024/12/11 11:26,20,2,1,
2024/12/11 11:26,20,2,1,
2024/12/11 11:26,18,2,1,
2024/12/11 11:26,16,1,1,
2024/12/11 11:26,20,2,1,
2024/12/11 11:26,18,2,1,
2024/12/11 11:26,14,2,1,
2024/12/11 11:26,6,2,1,
2024/12/11 11:26,20,2,1,
2024/12/11 11:26,12,2,1,
2024/12/11 11:26,18,1,1,
2024/12/11 11:26,28,2,0,
2024/12/11 11:26,18,2,1,
2024/12/11 11:26,20,1,0,
2024/12/11 11:26,12,1,1,
2024/12/11 11:26,22,1,0,
2024/12/11 11:26,18,1,0,
2024/12/11 11:26,16,0,1,
2024/12/11 11:26,20,1,1,
2024/12/11 11:26,12,1,1,
2024/12/11 11:26,20,1,1,
2024/12/11 11:26,18,2,0,
2024/12/11 11:26,20,2,0,
2024/12/11 11:26,20,1,1,
2024/12/11 11:26,18,1,1,
2024/12/11 11:26,20,1,1,
2024/12/11 11:26,18,1,1,
2024/12/11 11:26,18,2,1,
2024/12/11 11:26,12,2,1,
2024/12/11 11:26,18,2,1,
2024/12/11 11:26,12,1,0,
2024/12/11 11:26,16,1,1,
2024/12/11 11:26,18,1,1,
2024/12/11 11:26,12,2,0,
2024/12/11 11:26,18,1,1,
2024/12/11 11:26,20,1,1,
2024/12/11 11:26,12,1,1,
2024/12/11 11:26,18,1,1,
2024/12/11 11:26,12,1,1,
2024/12/11 11:26,10,1,1,
2024/12/11 11:26,20,1,1,
2024/12/11 11:26,14,1,1,
2024/12/11 11:26,20,1,0,
2024/12/11 11:26,20,1,1,
2024/12/11 11:26,14,1,0,
2024/12/11 11:26,20,1,1,
2024/12/11 11:27,16,1,1,
2024/12/11 11:27,12,1,1,
2024/12/11 11:27,20,1,1,
2024/12/11 11:27,14,1,1,
2024/12/11 11:27,12,2,1,
2024/12/11 11:27,14,1,1,
2024/12/11 11:27,12,2,1,
2024/12/11 11:27,14,1,0,
2024/12/11 11:27,20,1,0,
2024/12/11 11:27,20,1,1,
2024/12/11 11:27,6,0,1,
2024/12/11 11:27,18,1,1,
2024/12/11 11:27,14,1,0,
2024/12/11 11:27,14,1,0,
2024/12/11 11:27,18,1,1,
2024/12/11 11:27,14,2,1,
2024/12/11 11:27,12,1,1,
2024/12/11 11:27,12,1,0,
2024/12/11 11:27,16,2,1,
2024/12/11 11:27,6,2,1,
2024/12/11 11:27,18,1,1,
2024/12/11 11:27,14,1,1,
2024/12/11 11:27,6,0,1,
2024/12/11 11:27,6,2,1,
2024/12/11 11:27,12,1,1,
2024/12/11 11:27,12,2,1,
2024/12/11 11:27,18,2,0,
2024/12/11 11:27,12,1,1,
2024/12/11 11:27,6,2,1,
2024/12/11 11:27,16,2,1,
2024/12/11 11:27,12,2,1,
2024/12/11 11:27,8,2,1,
2024/12/11 11:27,14,1,1,
2024/12/11 11:27,14,2,1,
2024/12/11 11:27,8,2,1,
2024/12/11 11:27,12,1,1,
2024/12/11 11:27,14,1,0,
2024/12/11 11:27,12,1,1,
2024/12/11 11:27,12,1,0,
2024/12/11 11:27,10,2,1,
2024/12/11 11:27,12,1,1,
2024/12/11 11:28,14,2,1,
2024/12/11 11:28,14,1,0,
2024/12/11 11:28,12,2,1,
2024/12/11 11:28,12,1,1,
2024/12/11 11:28,12,1,1,
2024/12/11 11:28,12,2,1,
2024/12/11 11:28,20,2,1,
2024/12/11 11:28,14,1,1,
2024/12/11 11:28,12,2,1,
2024/12/11 11:28,12,2,1,
2024/12/11 11:28,12,1,0,
2024/12/11 11:28,20,0,1,
2024/12/11 11:28,12,2,1,
2024/12/11 11:28,16,2,1,
2024/12/11 11:28,14,1,1,
2024/12/11 11:28,16,1,0,
2024/12/11 11:28,12,1,1,
2024/12/11 11:28,14,1,1,
2024/12/11 11:28,20,1,1,
2024/12/11 11:28,16,1,1,
2024/12/11 11:28,10,2,1,
2024/12/11 11:28,14,1,1,
2024/12/11 11:28,18,2,0,
2024/12/11 11:28,18,1,1,
2024/12/11 11:28,22,2,1,
2024/12/11 11:28,18,2,1,
2024/12/11 11:28,14,0,1,
2024/12/11 11:28,12,2,1,
2024/12/11 11:28,14,2,0,
2024/12/11 11:28,12,1,0,
2024/12/11 11:28,18,1,1,
2024/12/11 11:28,12,2,1,
2024/12/11 11:28,20,2,0,
2024/12/11 11:28,12,1,1,
2024/12/11 11:28,12,2,1,
2024/12/11 11:28,12,1,1,
2024/12/11 11:28,12,1,1,
2024/12/11 11:28,16,1,1,
2024/12/11 11:28,12,1,1,
2024/12/11 11:28,20,2,1,
2024/12/11 11:28,12,1,0,
2024/12/11 11:28,12,1,1,
2024/12/11 11:28,12,1,1,
2024/12/11 11:29,12,1,0,
2024/12/11 11:29,14,2,1,
2024/12/11 11:29,18,1,0,
2024/12/11 11:29,14,2,0,
2024/12/11 11:29,20,2,1,
2024/12/11 11:29,14,2,1,
2024/12/11 11:29,18,1,0,
2024/12/11 11:29,20,1,1,
2024/12/11 11:29,18,1,1,
2024/12/11 11:29,18,1,1,
2024/12/11 11:29,20,1,1,
2024/12/11 11:29,22,1,0,
2024/12/11 11:29,14,2,1,
2024/12/11 11:29,12,1,0,
2024/12/11 11:29,20,1,0,
2024/12/11 11:29,14,1,1,
2024/12/11 11:29,12,2,1,
2024/12/11 11:29,20,2,0,
2024/12/11 11:29,12,1,1,
2024/12/11 11:29,12,1,1,
2024/12/11 11:29,14,1,0,
2024/12/11 11:29,18,2,1,
2024/12/11 11:29,14,2,0,
2024/12/11 11:29,20,1,1,
2024/12/11 11:29,18,2,1,
2024/12/11 11:29,18,1,0,
2024/12/11 11:29,18,1,0,
2024/12/11 11:29,20,1,1,
2024/12/11 11:29,18,2,1,
2024/12/11 11:29,18,2,1,
2024/12/11 11:29,12,1,1,
2024/12/11 11:29,20,2,1,
2024/12/11 11:29,16,2,0,
2024/12/11 11:29,20,2,0,
2024/12/11 11:29,4,2,1,
2024/12/11 11:29,14,1,1,
2024/12/11 11:29,12,2,1,
2024/12/11 11:29,14,2,1,
2024/12/11 11:29,6,1,1,
2024/12/11 11:29,6,1,1,
2024/12/11 11:29,6,0,1,
2024/12/11 11:29,18,2,1,
2024/12/11 11:29,8,2,1,
2024/12/11 11:29,8,2,0,
2024/12/11 11:29,16,2,1,
2024/12/11 11:29,8,1,1,
2024/12/11 11:29,22,2,1,
2024/12/11 11:29,8,2,1,
2024/12/11 11:30,18,2,1,
2024/12/11 11:30,18,2,1,
2024/12/11 11:30,6,2,1,
2024/12/11 11:30,6,1,1,
2024/12/11 11:30,8,1,1,
2024/12/11 11:30,6,1,1,
2024/12/11 11:30,14,2,1,
2024/12/11 11:30,16,2,1,
2024/12/11 11:30,20,2,1,
2024/12/11 11:30,8,2,1,
2024/12/11 11:30,6,1,1,
2024/12/11 11:30,6,1,1,
2024/12/11 11:30,18,2,1,
2024/12/11 11:30,12,2,1,
2024/12/11 11:30,14,1,1,
2024/12/11 11:30,20,1,1,
2024/12/11 11:30,12,2,1,
2024/12/11 11:30,12,2,0,
2024/12/11 11:30,12,2,1,
2024/12/11 11:30,12,2,1,
2024/12/11 11:30,10,2,1,
2024/12/11 11:30,6,1,1,
2024/12/11 11:30,4,2,1,
2024/12/11 11:30,6,1,1,
2024/12/11 11:32,20,2,1,
2024/12/11 11:32,20,1,1,
2024/12/11 11:32,14,2,1,
2024/12/11 11:32,14,2,1,
2024/12/11 11:32,24,2,1,
2024/12/11 11:32,18,1,1,
2024/12/11 11:32,14,1,1,
2024/12/11 11:32,20,1,1,
2024/12/11 11:32,20,1,1,
2024/12/11 11:32,18,1,1,
2024/12/11 11:32,20,2,1,
2024/12/11 11:32,20,1,1,
2024/12/11 11:33,20,2,1,
2024/12/11 11:33,6,2,1,
2024/12/11 11:33,20,2,1,
2024/12/11 11:33,8,2,1,
2024/12/11 11:33,6,1,1,
2024/12/11 11:33,10,2,1,
2024/12/11 11:33,12,2,0,
2024/12/11 11:33,6,2,1,
2024/12/11 11:33,20,2,1,
2024/12/11 11:33,18,1,1,
2024/12/11 11:33,18,2,0,
2024/12/11 11:33,20,1,0,
2024/12/11 11:33,18,1,1,
2024/12/11 11:33,18,2,1,
2024/12/11 11:33,4,1,1,
2024/12/11 11:33,20,2,0,
2024/12/11 11:33,16,2,1,
2024/12/11 11:33,20,2,0,
2024/12/11 11:33,20,2,0,
2024/12/11 11:33,20,1,0,
2024/12/11 11:33,14,2,0,
2024/12/11 11:33,14,2,0,
2024/12/11 11:33,16,1,1,
2024/12/11 11:33,16,1,0,
2024/12/11 11:33,20,1,0,
2024/12/11 11:33,12,2,0,
2024/12/11 11:33,14,2,0,
2024/12/11 11:34,12,1,0,
2024/12/11 11:34,16,1,1,
2024/12/11 11:34,20,2,1,
2024/12/11 11:34,10,2,0,
2024/12/11 11:34,18,2,1,
2024/12/11 11:34,8,2,1,
2024/12/11 11:34,6,2,1,
2024/12/11 11:34,14,1,1,
2024/12/11 11:34,8,1,1,
2024/12/11 11:34,14,2,0,
2024/12/11 11:34,14,2,0,
2024/12/11 11:34,24,1,0,
2024/12/11 11:34,18,1,0,
2024/12/11 11:34,16,2,1,
2024/12/11 11:34,18,2,1,
2024/12/11 11:34,12,1,1,
2024/12/11 11:34,18,1,0,
2024/12/11 11:34,6,1,1,
2024/12/11 11:34,20,1,1,
2024/12/11 11:34,14,1,1,
2024/12/11 11:34,10,1,1,
2024/12/11 11:34,12,1,0,
2024/12/11 11:34,12,2,1,
2024/12/11 11:34,10,2,0,
2024/12/11 11:34,8,2,0,
2024/12/11 11:34,6,2,0,
2024/12/11 11:34,6,1,1,
2024/12/11 11:34,18,2,1,
2024/12/11 11:34,18,1,0,
2024/12/11 11:34,12,2,1,
2024/12/11 11:34,8,2,1,
2024/12/11 11:34,6,2,0,
2024/12/11 11:34,18,2,1,
2024/12/11 11:34,12,2,1,
2024/12/11 11:34,16,2,1,
2024/12/11 11:35,8,0,1,
2024/12/11 11:35,6,2,1,
2024/12/11 11:35,16,1,1,
2024/12/11 11:35,8,1,1,
2024/12/11 11:35,16,2,1,
2024/12/11 11:35,8,2,1,
2024/12/11 11:35,4,2,1,
2024/12/11 11:35,6,2,1,
2024/12/11 11:35,12,1,1,
2024/12/11 11:35,12,1,1,
2024/12/11 11:35,14,1,1,
2024/12/11 11:35,20,2,1,
2024/12/11 11:35,4,1,1,
2024/12/11 11:35,16,1,1,
2024/12/11 11:35,18,1,1,
2024/12/11 11:35,16,2,1,
2024/12/11 11:35,8,2,1,
2024/12/11 11:35,20,2,1,
2024/12/11 11:35,6,2,1,
2024/12/11 11:35,6,2,1,
2024/12/11 11:35,18,2,1,
2024/12/11 11:35,26,1,1,
2024/12/11 11:35,18,2,0,
2024/12/11 11:35,12,2,1,
2024/12/11 11:35,12,1,1,
2024/12/11 11:35,14,2,1,
2024/12/11 11:35,10,2,1,
2024/12/11 11:35,12,1,0,
2024/12/11 11:35,12,1,0,
2024/12/11 11:35,16,1,1,
2024/12/11 11:35,8,1,1,
2024/12/11 11:35,14,1,0,
2024/12/11 11:35,10,2,1,
2024/12/11 11:35,14,2,0,
2024/12/11 11:35,14,1,0,
2024/12/11 11:35,16,1,1,
2024/12/11 11:35,16,2,0,
2024/12/11 11:35,12,2,1,
2024/12/11 11:36,20,2,1,
2024/12/11 11:36,12,1,1,
2024/12/11 11:36,10,2,1,
2024/12/11 11:36,12,1,0,
2024/12/11 11:36,18,1,0,
2024/12/11 11:36,6,1,1,
2024/12/11 11:36,14,2,1,
2024/12/11 11:36,8,2,1,
2024/12/11 11:36,12,1,0,
2024/12/11 11:36,18,1,1,
2024/12/11 11:36,6,1,1,
2024/12/11 11:36,6,2,0,
2024/12/11 11:36,6,2,0,
2024/12/11 11:36,6,0,0,
2024/12/11 11:36,10,2,1,
2024/12/11 11:36,6,0,0,
2024/12/11 11:36,8,1,0,
2024/12/11 11:36,10,2,0,
2024/12/11 11:36,14,1,1,
2024/12/11 11:36,16,1,1,
2024/12/11 11:36,12,1,1,
2024/12/11 11:36,14,1,1,
2024/12/11 11:36,14,1,1,
2024/12/11 11:36,14,1,1,
2024/12/11 11:36,14,1,1,
2024/12/11 11:36,14,1,1,
2024/12/11 11:36,20,1,1,
2024/12/11 11:36,20,1,1,
2024/12/11 11:36,12,1,1,
2024/12/11 11:36,16,2,0,
2024/12/11 11:36,14,1,1,
2024/12/11 11:36,16,1,0,
2024/12/11 11:36,6,2,1,
2024/12/11 11:36,18,2,0,
2024/12/11 11:36,16,1,0,
2024/12/11 11:36,12,1,1,
2024/12/11 11:36,8,2,1,
2024/12/11 11:36,14,1,1,
2024/12/11 11:36,14,1,1,
2024/12/11 11:36,12,2,0,
2024/12/11 11:48,20,2,1,
2024/12/11 11:48,8,2,1,
2024/12/11 11:48,16,1,1,
2024/12/11 11:48,8,2,1,
2024/12/11 11:48,8,2,0,
2024/12/11 11:48,8,1,0,
2024/12/11 11:48,12,2,1,
2024/12/11 11:48,12,1,0,
2024/12/11 11:48,6,1,1,
2024/12/11 11:49,14,2,0,
2024/12/11 11:49,8,1,1,
2024/12/11 11:53,14,1,1,
2024/12/11 11:53,10,2,1,
2024/12/11 11:53,8,2,1,
2024/12/11 12:00,16,1,1,
2024/12/11 12:02,16,1,1,
2024/12/11 12:04,12,1,1,
2024/12/11 12:06,10,1,1,
2024/12/11 12:13,14,2,1,
2024/12/11 12:13,12,1,1,
2024/12/11 12:24,6,2,1,
2024/12/11 12:24,10,2,1,
2024/12/11 12:24,6,2,0,
2024/12/11 12:24,6,2,0,
2024/12/11 12:24,4,2,0,
2024/12/11 12:25,6,2,1,
2024/12/11 12:25,6,2,1,
2024/12/11 12:25,12,2,0,
2024/12/11 12:25,20,2,1,
2024/12/11 12:25,12,2,1,
2024/12/11 12:25,8,2,1,
2024/12/11 12:25,14,2,1,
2024/12/11 12:25,18,2,0,
2024/12/11 12:25,12,2,0,
2024/12/11 12:25,12,2,0,
2024/12/11 12:25,6,2,1,
2024/12/11 12:25,8,2,1,
2024/12/11 12:25,6,2,0,
2024/12/11 12:25,6,2,1,
2024/12/11 12:25,6,2,1,
2024/12/11 12:25,12,2,1,
2024/12/11 12:26,4,2,1,
2024/12/11 12:26,10,1,0,
2024/12/11 12:26,12,2,1,
2024/12/11 12:26,6,2,1,
2024/12/11 12:26,6,1,0,
2024/12/11 12:26,6,2,0,
2024/12/11 12:26,10,2,1,
2024/12/11 12:26,8,2,0,
2024/12/11 12:26,6,2,0,
2024/12/11 12:26,6,2,1,
2024/12/11 12:26,20,0,1,
2024/12/11 12:26,4,2,1,
2024/12/11 12:26,8,2,0,
2024/12/11 12:26,6,2,0,
2024/12/11 12:26,6,2,1,
2024/12/11 12:26,8,2,1,
2024/12/11 12:26,8,2,0,
2024/12/11 12:27,6,2,1,
2024/12/11 12:27,8,2,1,
2024/12/11 12:27,20,2,1,
2024/12/11 12:27,20,2,0,
2024/12/11 12:27,6,2,1,
2024/12/11 12:27,12,2,0,
2024/12/11 12:27,4,2,1,
2024/12/11 12:27,6,2,1,
2024/12/11 12:27,6,2,0,
2024/12/11 12:27,6,2,1,
2024/12/11 12:27,12,1,1,
2024/12/11 12:27,12,2,1,
2024/12/11 12:27,8,2,0,
2024/12/11 12:27,6,2,1,
2024/12/11 12:27,6,2,1,
2024/12/11 12:27,8,2,1,
2024/12/11 12:27,8,2,0,
2024/12/11 12:27,8,2,0,
2024/12/11 12:27,6,2,0,
2024/12/11 12:27,6,2,0,
2024/12/11 12:27,6,2,0,
2024/12/11 12:27,6,2,1,
2024/12/11 12:27,8,2,0,
2024/12/11 12:27,6,2,0,
2024/12/11 12:27,6,2,0,
2024/12/11 12:27,6,2,1,
2024/12/11 12:27,8,2,0,
2024/12/11 12:28,6,2,0,
2024/12/11 12:28,8,2,0,
2024/12/11 12:28,4,2,0,
2024/12/11 12:28,6,2,0,
2024/12/11 12:28,6,2,0,
2024/12/11 12:28,6,2,0,
2024/12/11 12:28,6,2,0,
2024/12/11 12:28,6,2,1,
2024/12/11 12:28,8,2,1,
2024/12/11 12:28,10,2,0,
2024/12/11 12:28,6,2,1,
2024/12/11 12:28,6,2,1,
2024/12/11 12:28,6,2,0,
2024/12/11 12:28,12,2,0,
2024/12/11 12:29,6,2,1,
2024/12/11 12:29,6,2,1,
2024/12/11 12:29,8,1,1,
2024/12/11 12:29,8,2,1,
2024/12/11 12:29,8,2,1,
2024/12/11 12:30,12,2,1,
2024/12/11 12:30,18,2,0,
2024/12/11 12:30,6,2,1,
2024/12/11 12:30,6,2,1,
2024/12/11 12:32,8,2,1,
2024/12/11 12:44,10,2,1,
2024/12/11 12:48,6,2,1,
2024/12/11 12:50,8,2,0,
2024/12/11 12:56,6,2,1,
2024/12/11 13:03,8,2,1,
2024/12/11 13:13,22,2,1,
2024/12/11 13:13,16,2,1,
2024/12/11 13:13,14,0,0,
2024/12/11 13:13,18,2,1,
2024/12/11 13:13,6,2,0,
2024/12/11 13:13,4,0,1,
2024/12/11 13:13,36,2,0,
2024/12/11 13:13,38,0,1,
2024/12/11 13:13,36,2,1,
2024/12/11 13:13,36,0,1,
2024/12/11 13:13,46,2,1,
2024/12/11 13:13,60,1,0,
2024/12/11 13:13,46,2,1,
2024/12/11 13:13,30,0,1,
2024/12/11 13:13,14,2,1,
2024/12/11 13:14,36,1,1,
2024/12/11 13:14,32,1,1,
2024/12/11 13:14,30,2,1,
2024/12/11 13:14,40,2,1,
2024/12/11 13:14,18,2,1,
2024/12/11 13:14,38,2,1,
2024/12/11 13:14,36,2,1,
2024/12/11 13:14,42,2,1,
2024/12/11 13:14,36,2,1,
2024/12/11 13:14,14,2,1,
2024/12/11 13:14,16,2,1,
2024/12/11 13:14,18,2,0,
2024/12/11 13:14,20,2,1,
2024/12/11 13:14,20,2,1,
2024/12/11 13:14,26,2,1,
2024/12/11 13:14,20,1,0,
2024/12/11 13:14,18,2,1,
2024/12/11 13:14,20,1,1,
2024/12/11 13:14,12,1,1,
2024/12/11 13:14,20,2,1,
2024/12/11 13:14,10,2,0,
2024/12/11 13:14,22,2,1,
2024/12/11 13:14,18,2,1,
2024/12/11 13:14,10,2,1,
2024/12/11 13:14,14,1,1,
2024/12/11 13:14,12,2,1,
2024/12/11 13:14,12,2,1,
2024/12/11 13:14,20,2,0,
2024/12/11 13:14,20,1,1,
2024/12/11 13:14,20,2,0,
2024/12/11 13:14,18,2,1,
2024/12/11 13:14,16,2,1,
2024/12/11 13:14,28,1,1,
2024/12/11 13:15,18,1,1,
2024/12/11 13:15,16,1,1,
2024/12/11 13:15,28,2,1,
2024/12/11 13:15,18,2,0,
2024/12/11 13:15,14,0,1,
2024/12/11 13:15,20,1,1,
2024/12/11 13:15,24,1,1,
2024/12/11 13:15,20,2,0,
2024/12/11 13:15,22,1,0,
2024/12/11 13:15,10,0,1,
2024/12/11 13:15,12,1,1,
2024/12/11 13:15,14,2,0,
2024/12/11 13:15,18,2,0,
2024/12/11 13:15,20,2,1,
2024/12/11 13:15,26,2,0,
2024/12/11 13:15,16,2,1,
2024/12/11 13:15,18,2,0,
2024/12/11 13:15,20,2,0,
2024/12/11 13:15,20,2,1,
2024/12/11 13:15,20,2,1,
2024/12/11 13:15,18,2,0,
2024/12/11 13:15,12,2,1,
2024/12/11 13:16,18,2,1,
2024/12/11 13:16,24,2,1,
2024/12/11 13:16,20,1,1,
2024/12/11 13:16,18,1,1,
2024/12/11 13:16,14,1,0,
2024/12/11 13:16,20,2,0,
2024/12/11 13:16,18,2,1,
2024/12/11 13:16,8,2,1,
2024/12/11 13:16,10,2,1,
2024/12/11 13:16,16,1,1,
2024/12/11 13:16,12,1,1,
2024/12/11 13:16,10,1,1,
2024/12/11 13:16,14,1,0,
2024/12/11 13:18,18,2,1,
2024/12/11 13:19,6,1,1,
2024/12/11 13:19,10,0,1,
2024/12/11 13:20,12,2,1,
2024/12/11 13:23,8,2,1,
2024/12/11 13:26,16,2,1,
2024/12/11 13:26,6,2,1,
2024/12/11 13:26,18,1,1,
2024/12/11 13:26,20,2,1,
2024/12/11 13:30,12,2,1,
2024/12/11 13:30,10,2,1,
2024/12/11 13:33,18,1,1,
2024/12/11 13:36,20,2,1,
2024/12/11 13:36,18,1,1,
2024/12/11 13:40,12,1,0,
2024/12/11 13:42,14,2,1,
2024/12/11 13:42,20,1,1,
2024/12/11 13:43,16,2,1,
2024/12/11 13:43,14,2,1,
2024/12/11 13:43,16,2,1,