2024-11-20 12:57:17,6,1,1,0.4891,0.108099
2024-11-20 12:57:18,4,2,1,0.8069,0.113038
2024-11-20 12:57:31,14,2,1,0.8847,0.130817
2024-11-20 12:57:32,16,2,1,0.928,0.12274
2024-11-20 12:57:37,12,2,1,0.733,0.122372
2024-11-20 12:57:38,14,2,1,0.7086,0.122377
2024-11-20 12:57:39,8,1,1,0.4993,0.1204
2024-11-20 12:57:40,8,2,1,0.7616,0.133091
2024-11-20 12:57:41,12,2,1,0.7825,0.100983
2024-11-20 12:57:42,8,2,1,0.4683,0.101435
2024-11-20 12:58:27,18,0,1,0.7963,0.0464334
2024-11-20 12:58:28,18,1,1,0.645,0.0454383
2024-11-20 12:58:29,20,0,1,0.4127,0.0486905
2024-11-20 12:58:31,12,1,1,0.8571,0.0441977
2024-11-20 12:58:34,10,1,1,0.8067,0.0471988
2024-11-20 12:58:43,12,1,1,0.734,0.0305796
2024-11-20 12:59:04,6,0,1,0.8028,0.0167051
2024-11-20 12:59:05,6,2,1,1.2222,0.0278332
2024-11-20 12:59:37,12,2,1,0.7958,0.0416869
2024-11-20 12:59:45,18,2,1,0.8835,0.0359163
2024-11-20 12:59:46,20,2,0,0.5022,0.196485
2024-11-20 12:59:49,18,2,1,0.4213,0.172075
2024-11-20 12:59:50,14,2,1,0.7494,0.173875
2024-11-20 12:59:52,18,2,1,0.4851,0.170959
2024-11-20 12:59:53,16,1,1,0.7946,0.176841
2024-11-20 12:59:54,24,2,1,0.8116,0.175194
2024-11-20 12:59:55,18,2,1,0.9105,0.170783
2024-11-20 12:59:56,12,2,1,0.4463,0.181182
2024-11-20 12:59:58,14,2,1,0.8175,0.176859
2024-11-20 12:59:59,16,2,1,0.487,0.185304
2024-11-20 13:01:03,14,1,1,0.7168,0.132156
2024-11-20 13:01:05,12,1,1,0.7331,0.129477
2024-11-20 13:01:06,12,1,1,0.7986,0.137281
2024-11-20 13:20:27,12,1,1,0.7331,
2024-11-20 13:20:28,12,2,1,0.7618,
2024-11-20 13:20:30,14,0,1,0.5495,
2024-11-20 13:20:31,6,2,1,0.8616,
2024-11-20 13:20:33,10,1,1,0.8397,
2024-11-20 13:20:34,12,1,1,0.5145,
2024-11-20 13:20:35,8,1,1,0.7127,
2024-11-20 13:20:36,12,1,1,0.7168,
2024-11-20 13:20:37,10,1,1,0.3959,
2024-11-20 13:20:38,10,1,1,0.6512,
2024-11-20 13:20:39,12,1,1,0.3041,
2024-11-20 13:20:40,14,1,1,0.6797,
2024-11-20 13:20:41,56,0,1,0.5008,
2024-11-20 13:20:42,8,0,1,0.8656,
2024-11-20 13:20:43,10,1,1,0.8091,
2024-11-20 13:20:44,12,1,0,0.8988,
2024-11-20 13:20:45,8,1,1,0.4712,
2024-11-20 13:20:46,12,2,0,0.7782,
2024-11-20 13:20:47,12,1,1,0.776,
2024-11-20 13:20:48,8,1,1,0.5913,
2024-11-20 13:20:49,12,1,1,0.8561,
2024-11-20 13:20:50,12,1,1,0.8273,
2024-11-20 13:20:51,10,2,1,0.8478,
2024-11-20 13:20:52,4,2,1,0.8918,
2024-11-20 13:20:53,8,2,1,0.5734,
2024-11-20 13:20:54,6,0,0,0.7966,
2024-11-20 13:20:55,12,0,0,0.791,
2024-11-20 13:20:56,8,1,0,0.8335,
2024-11-20 13:20:57,6,1,1,0.5568,
2024-11-20 13:21:00,6,0,1,0.8458,
2024-11-20 13:21:02,6,1,1,0.7454,
2024-11-20 13:21:03,6,1,0,0.7842,
2024-11-20 13:21:08,14,2,1,0.7577,
2024-11-20 13:21:09,12,1,1,0.4489,
2024-11-20 13:21:10,12,2,1,0.3407,
2024-11-20 13:21:11,8,2,0,0.7577,
2024-11-20 13:21:12,12,1,1,0.8143,
2024-11-20 13:21:13,6,2,1,0.4438,
2024-11-20 13:21:14,8,1,1,0.7905,
2024-11-20 13:21:15,12,2,1,0.7782,
2024-11-20 13:21:16,12,2,1,0.5788,
2024-11-20 13:21:17,10,1,1,0.8071,
2024-11-20 13:21:18,12,2,1,0.7698,
2024-11-20 13:21:19,8,1,1,0.8734,
2024-11-20 13:21:20,8,2,1,0.4423,
2024-11-20 13:21:21,12,0,1,0.7701,
2024-11-20 13:21:22,12,2,1,0.6466,
2024-11-20 13:21:23,6,2,1,0.3908,
2024-11-20 13:21:24,12,0,1,0.7619,
2024-11-20 13:21:25,8,1,1,0.8736,
2024-11-20 13:21:26,10,2,1,0.4673,
2024-11-20 13:21:27,8,2,1,0.7536,
2024-11-20 13:21:28,6,0,1,0.8243,
2024-11-20 13:21:30,6,1,1,0.3998,0.0641754
2024-11-20 13:21:31,6,2,1,0.7208,0.0698647
2024-11-20 13:21:32,8,2,1,0.651,0.0659602
2024-11-20 13:21:35,6,2,1,0.788,0.0615622
2024-11-20 13:21:36,8,2,1,0.5732,0.0632031
2024-11-20 13:21:37,6,1,1,0.721,0.0650908
2024-11-20 13:21:38,20,0,1,0.7414,0.0626965
2024-11-20 13:21:41,8,2,1,0.7769,0.0817796
2024-11-20 13:21:42,8,2,1,0.458,0.0856465
2024-11-20 13:21:43,12,1,1,0.7495,0.0882131
2024-11-20 13:21:44,8,2,1,0.7902,0.0864245
2024-11-20 13:21:45,6,1,1,0.3546,0.0929981
2024-11-20 13:21:46,6,2,1,0.6881,0.0894659
2024-11-20 13:21:47,6,1,1,0.4383,0.0933842
2024-11-20 13:21:48,6,1,1,0.7495,0.0867774
2024-11-20 13:21:49,6,2,1,0.6417,0.0835812
2024-11-20 13:21:50,6,2,0,0.3752,0.0836469
2024-11-20 13:21:51,8,2,0,0.7291,0.0775778
2024-11-20 13:21:54,8,1,1,0.7931,0.0721073
2024-11-20 13:21:55,10,2,0,0.4925,0.07737
2024-11-20 13:21:56,6,2,0,0.77,0.0818257
2024-11-20 13:21:57,10,1,1,0.7374,0.0822382
2024-11-20 13:22:00,10,1,1,0.7475,0.0815701
2024-11-20 13:22:01,4,2,1,0.5121,0.0879097
2024-11-20 13:22:02,8,2,0,0.7392,0.0982
2024-11-20 13:22:05,6,1,1,0.9673,0.153723
2024-11-20 13:22:06,10,1,0,0.4174,0.182541
2024-11-20 13:22:07,8,1,0,0.7332,0.183081
2024-11-20 13:22:08,8,2,1,0.5968,0.186265
2024-11-20 13:22:09,4,2,1,0.729,0.204305
2024-11-20 13:22:10,10,0,1,0.7126,0.193394
2024-11-20 13:22:12,14,0,1,0.6758,0.198317
2024-11-20 13:22:14,14,0,1,0.6267,0.194247
2024-11-20 13:22:16,8,2,1,0.516,0.190567
2024-11-20 13:22:18,10,2,1,0.4883,0.189299
2024-11-20 13:22:20,8,1,1,0.7645,0.200087
2024-11-20 13:22:21,8,2,1,0.4062,0.206498
2024-11-20 13:22:22,12,1,1,0.6595,
2024-11-20 13:25:18,12,2,1,0.9413,0.204391
2024-11-20 13:25:19,12,2,1,0.4534,0.236977
2024-11-20 13:25:20,16,2,1,0.8088,0.232922
2024-11-20 13:25:21,18,1,1,0.7477,0.220833
2024-11-20 13:25:22,12,1,1,0.4225,0.231689
2024-11-20 13:25:23,16,1,1,0.3016,0.190308
2024-11-20 13:25:24,12,1,1,0.6028,0.174945
2024-11-20 13:25:25,12,1,1,0.7374,0.190685
2024-11-20 13:25:26,14,1,0,0.7083,0.203643
2024-11-20 13:25:27,12,0,1,0.384,0.227557
2024-11-20 13:25:28,20,1,1,0.6717,0.222904
2024-11-20 13:25:29,12,2,1,0.4165,0.21961
2024-11-20 13:25:30,10,1,0,0.7536,0.236168
2024-11-20 13:25:31,10,1,0,0.8942,0.235419
2024-11-20 13:25:32,14,2,0,0.6302,0.22946
2024-11-20 13:25:33,12,1,0,0.8642,0.225096
2024-11-20 13:25:34,6,2,0,0.8396,0.216971
2024-11-20 13:25:35,8,2,0,0.7987,0.219998
2024-11-20 13:25:36,6,0,0,0.8749,0.198127
2024-11-20 13:25:37,6,1,0,0.4551,0.206271
2024-11-20 13:25:38,12,1,1,0.7372,0.216363
2024-11-20 13:25:39,12,1,1,0.6205,0.209167
2024-11-20 13:25:40,12,1,0,0.7209,0.204791
2024-11-20 13:25:41,4,2,1,0.7372,0.215538
2024-11-20 13:25:43,12,1,1,0.7987,0.195545
2024-11-20 13:25:44,10,1,1,0.7332,0.184024
2024-11-20 13:25:45,6,2,1,0.3312,0.218115
2024-11-20 13:25:48,4,2,1,0.6715,0.232409
2024-11-20 13:25:49,8,2,1,0.77,0.222683
2024-11-20 13:25:50,8,2,1,1.2282,0.195658
2024-11-20 13:25:51,12,1,1,0.8853,0.132122
2024-11-20 13:25:52,18,1,0,0.5499,0.134805
2024-11-20 13:25:53,14,2,1,0.6595,0.140642
2024-11-20 13:25:54,14,2,0,0.5359,0.149824
2024-11-20 13:25:55,20,2,0,0.7279,0.140582
2024-11-20 13:25:56,14,1,1,0.7542,0.131996
2024-11-20 13:25:57,16,1,0,0.4726,0.136491
2024-11-20 13:25:58,12,1,0,0.77,0.144245
2024-11-20 13:25:59,12,2,0,0.7595,0.133448
2024-11-20 13:26:00,12,1,0,0.3553,0.149043
2024-11-20 13:26:01,12,1,1,0.6799,0.1388
2024-11-20 13:26:02,10,1,1,0.3195,0.134663
2024-11-20 13:26:03,20,2,0,0.7495,0.147212
2024-11-20 13:26:04,12,1,1,0.811,0.130853
2024-11-20 13:26:05,14,2,1,0.9175,0.113098
2024-11-20 13:26:06,12,2,1,0.5637,0.117843
2024-11-20 13:26:07,12,2,0,0.8315,0.12262
2024-11-20 13:26:08,10,2,1,0.77,0.108571
2024-11-20 13:26:09,12,2,0,0.6509,0.115067
2024-11-20 13:26:10,20,1,1,0.3778,0.110832
2024-11-20 13:26:11,12,1,1,0.7332,0.113528
2024-11-20 13:26:12,14,2,0,0.3708,0.120212
2024-11-20 13:26:13,14,1,1,0.7905,0.12492
2024-11-20 13:26:14,12,1,1,0.8375,0.113475
2024-11-20 13:26:15,12,1,1,0.776,0.109578
2024-11-20 13:26:16,14,1,1,0.5031,0.108388
2024-11-20 13:26:17,12,1,1,0.7495,0.107528
2024-11-20 13:26:18,20,1,1,0.7467,0.108854
2024-11-20 13:26:19,8,1,1,0.4177,0.104697
2024-11-20 13:26:20,12,1,1,0.6922,0.104958
2024-11-20 13:26:21,12,2,1,0.6922,
2024-11-20 13:26:22,12,0,1,2.2559,
2024-11-20 13:26:23,18,2,1,0.4994,
2024-11-20 13:26:24,12,2,1,0.8109,
2024-11-20 13:26:25,12,2,1,0.8192,
2024-11-20 13:26:26,6,2,1,0.8792,
2024-11-20 13:26:27,10,2,1,0.4771,
2024-11-20 13:26:28,14,2,1,0.77,
2024-11-20 13:26:29,14,2,1,0.7784,
2024-11-20 13:26:30,14,1,1,0.5368,
2024-11-20 13:26:31,16,2,1,0.7536,
2024-11-20 13:26:32,14,2,1,0.8296,
2024-11-20 13:26:33,12,1,1,1.2323,
2024-11-20 13:26:34,12,2,1,0.8667,
2024-11-20 13:26:35,20,2,1,1.1332,
2024-11-20 13:26:36,12,2,1,1.1495,
2024-11-20 13:26:37,12,1,1,0.8797,
2024-11-20 13:26:38,4,2,1,1.2623,
2024-11-20 13:26:40,8,2,1,1.2623,
2024-11-20 13:26:41,6,2,1,1.2623,
2024-11-20 13:26:43,6,2,1,0.939,
2024-11-20 13:26:44,14,1,1,1.0476,
2024-11-20 13:26:45,8,0,1,1.0334,
2024-11-20 13:26:46,12,1,1,0.9207,
2024-11-20 13:26:47,12,0,1,0.3623,
2024-11-20 13:26:48,12,1,0,0.7496,
2024-11-20 13:26:49,12,2,0,0.929,
2024-11-20 13:26:50,12,2,0,0.3281,
2024-11-20 13:26:51,14,1,1,0.7589,
2024-11-20 13:26:52,14,1,1,0.3741,
2024-11-20 13:26:53,10,1,1,0.6099,
2024-11-20 13:26:54,12,1,1,1.1391,
2024-11-20 13:26:55,12,1,1,0.7863,
2024-11-20 13:26:56,10,1,0,0.9373,
2024-11-20 13:26:57,12,1,0,0.4095,
2024-11-20 13:26:58,14,1,0,0.7714,
2024-11-20 13:26:59,12,1,0,0.8033,
2024-11-20 13:27:00,12,1,0,0.3022,
2024-11-20 13:27:01,8,1,1,1.0723,
2024-11-20 13:27:02,8,2,0,0.3017,
2024-11-20 13:27:03,6,1,0,0.7823,
2024-11-20 13:27:04,6,2,0,0.822,
2024-11-20 13:27:05,6,2,1,0.6364,
2024-11-20 13:27:06,6,2,1,0.7618,
2024-11-20 13:27:07,12,0,0,0.7127,
2024-11-20 13:27:10,12,2,1,0.7904,
2024-11-20 13:27:12,14,2,1,0.3681,
2024-11-20 13:27:14,10,1,1,0.5451,
2024-11-20 13:27:16,8,2,1,0.8478,
2024-11-20 13:27:17,6,1,1,0.8519,
2024-11-20 13:27:18,8,1,1,0.993,
2024-11-20 13:27:19,6,1,1,0.9819,
2024-11-20 13:27:21,6,2,1,0.3068,
2024-11-20 13:27:26,6,1,1,0.4309,
2024-11-20 13:32:44,12,0,1,0.7126,0.108058
2024-11-20 13:32:45,12,0,1,0.3634,0.1084
2024-11-20 13:32:46,12,2,1,0.3634,0.115591
2024-11-20 13:32:47,6,1,0,0.3036,0.123846
2024-11-20 13:32:48,6,2,1,0.5326,0.12866
2024-11-20 13:32:49,12,2,0,0.6022,0.130167
2024-11-20 13:32:50,12,2,1,0.4285,0.133065
2024-11-20 13:32:51,12,2,0,0.7168,0.132386
2024-11-20 13:32:52,12,2,1,0.429,0.131723
2024-11-20 13:32:55,36,1,1,0.5891,0.1228
2024-11-20 13:32:56,8,2,1,0.4027,0.127166
2024-11-20 13:33:07,10,0,1,0.7823,0.130031
2024-11-20 13:33:09,6,2,1,0.4309,0.12792
2024-11-20 13:33:11,6,1,1,0.64,0.126686
2024-11-20 13:33:12,12,2,1,0.3524,0.155875
2024-11-20 13:33:13,8,1,1,0.7127,0.181769
2024-11-20 13:33:14,6,1,1,0.4255,0.18317
2024-11-20 13:33:15,8,2,1,0.7126,0.182491
2024-11-20 13:33:16,6,1,1,0.5228,0.181825
2024-11-20 13:33:17,6,1,0,0.7659,0.184145
2024-11-20 13:33:18,6,2,1,0.7495,0.185321
2024-11-20 13:33:21,20,2,1,0.7462,0.186033
2024-11-20 13:33:25,10,1,1,0.6635,0.178734
2024-11-20 13:33:26,8,2,1,0.4912,0.1697
2024-11-20 13:33:28,6,2,1,0.789,0.162155
2024-11-20 13:33:29,6,2,1,0.4002,0.142967
2024-11-20 13:33:31,12,2,1,0.5481,0.470515
2024-11-20 13:33:32,10,2,1,0.6799,0.0563163
2024-11-20 13:33:33,6,2,1,0.5968,0.0792943
2024-11-20 13:33:34,10,2,1,0.6861,0.1126
2024-11-20 13:33:35,8,2,0,0.7075,0.137505
2024-11-20 13:33:36,8,2,1,0.3974,0.125624
2024-11-20 13:33:37,6,2,0,0.6963,0.122482
2024-11-20 13:33:40,6,2,1,0.6107,0.112164
2024-11-20 13:33:43,12,2,1,0.5283,0.113286
2024-11-20 13:33:44,8,2,1,0.725,0.134966
2024-11-20 13:33:45,6,2,1,0.7343,0.146515
2024-11-20 13:33:49,10,1,1,0.7168,0.135791
2024-11-20 13:33:50,12,2,1,0.7414,0.103652
2024-11-20 13:33:51,6,2,1,0.4976,0.0727098
2024-11-20 13:33:52,6,1,1,0.7782,0.0655675
2024-11-20 13:33:53,8,1,1,0.7454,0.0688863
2024-11-20 13:33:54,8,1,1,0.6103,0.0698122
2024-11-20 13:33:55,8,2,1,0.8028,0.0708053
2024-11-20 13:33:56,10,1,1,0.7987,0.065948
2024-11-20 13:33:57,20,2,1,0.7927,0.0570436
2024-11-20 13:33:58,20,2,0,0.4438,0.059909
2024-11-20 13:33:59,14,1,1,0.6719,0.0674305
2024-11-20 13:34:00,8,2,1,0.436,0.06856
2024-11-20 13:34:01,12,2,1,0.6513,0.0710787
2024-11-20 13:34:02,12,2,1,0.5287,0.0684616
2024-11-20 13:34:03,20,2,1,0.7787,0.0710557
2024-11-20 13:34:05,12,2,1,0.6522,0.07338
2024-11-20 13:34:06,6,0,1,0.4728,0.0872498
2024-11-20 13:34:07,18,1,1,0.8273,0.121705
2024-11-20 13:34:08,6,2,1,0.8478,0.15239
2024-11-20 13:34:09,8,1,1,0.5664,
2024-11-20 13:34:10,8,1,1,0.4047,
2024-11-20 13:34:11,10,1,1,0.7372,
2024-11-20 13:34:12,12,2,1,0.6027,
2024-11-20 13:34:13,6,0,1,0.7168,
2024-11-20 13:34:14,18,0,1,0.7004,
2024-11-20 13:34:15,10,1,1,0.4282,
2024-11-20 13:34:16,18,0,1,0.7577,
2024-11-20 13:35:09,12,2,1,0.3481,0.117214
2024-11-20 13:35:10,12,2,1,0.604,0.115328
2024-11-20 13:35:11,36,1,1,0.9718,0.111098
2024-11-20 13:35:12,24,0,1,0.5083,0.149321
2024-11-20 13:35:13,10,2,1,0.897,0.197067
2024-11-20 13:35:14,58,1,1,0.8601,0.192618
2024-11-20 13:35:15,12,2,1,0.8191,0.179521
2024-11-20 13:35:16,12,2,0,0.4391,0.194979
2024-11-20 13:35:17,14,1,1,0.4761,0.175994
2024-11-20 13:35:18,12,1,1,0.8069,0.180246
2024-11-20 13:35:19,14,1,1,0.8315,0.168687
2024-11-20 13:35:20,8,2,0,0.9227,0.181187
2024-11-20 13:35:21,12,1,0,0.5535,0.180613
2024-11-20 13:35:22,8,1,1,0.8683,0.195829
2024-11-20 13:35:23,6,1,0,0.7946,0.179272
2024-11-20 13:35:24,12,1,1,0.8087,0.167776
2024-11-20 13:35:25,6,1,1,0.5662,0.169815
2024-11-20 13:35:26,6,1,1,0.7495,0.174578
2024-11-20 13:35:27,12,0,1,0.7659,0.165546
2024-11-20 13:35:28,12,2,1,0.5307,0.168002
2024-11-20 13:35:29,12,1,1,0.7577,0.170266
2024-11-20 13:35:30,28,0,0,0.7619,0.163475
2024-11-20 13:35:31,12,1,1,0.5808,0.167341
2024-11-20 13:35:32,12,2,1,0.7331,0.167395
2024-11-20 13:35:33,6,1,0,0.77,0.153336
2024-11-20 13:35:34,8,2,1,0.5647,0.169505
2024-11-20 13:35:35,8,0,0,0.7373,0.155947
2024-11-20 13:35:36,6,2,1,0.7454,0.146808
2024-11-20 13:35:37,12,1,0,0.4655,0.151153
2024-11-20 13:35:38,8,0,0,0.7208,0.162112
2024-11-20 13:35:39,10,0,1,0.8727,0.152822
2024-11-20 13:35:43,56,0,1,0.5542,0.164049
2024-11-20 13:35:45,10,0,1,0.8192,0.159055
2024-11-20 13:35:46,8,0,1,0.8135,0.14706
2024-11-20 13:35:47,8,0,0,0.4473,0.15895
2024-11-20 13:35:48,6,1,1,0.725,0.15722
2024-11-20 13:35:49,6,0,1,0.8182,0.152293
2024-11-20 13:35:50,20,0,1,0.5495,0.15718
2024-11-20 13:35:51,6,1,1,0.8478,0.165873
2024-11-20 13:35:52,10,0,0,0.8069,0.157316
2024-11-20 13:35:53,6,0,1,0.81,0.149262
2024-11-20 13:35:55,18,0,1,0.7196,0.152347
2024-11-20 13:35:57,8,0,1,0.729,0.147926
2024-11-20 13:35:58,12,1,1,0.7332,0.147517
2024-11-20 13:35:59,12,0,0,0.4978,0.150325
2024-11-20 13:36:00,20,2,1,0.7537,0.154166
2024-11-20 13:36:03,12,1,1,0.7086,0.157435
2024-11-20 13:36:04,22,2,1,0.6527,0.158987
2024-11-20 13:36:05,6,0,1,0.3318,0.150477
2024-11-20 13:36:06,18,2,1,0.6835,0.143544
2024-11-20 13:36:09,20,0,1,0.8028,0.139284
2024-11-20 13:36:10,28,1,1,0.6434,
2024-11-20 13:36:11,20,1,1,0.7947,0.141078
2024-11-20 13:36:12,12,1,1,0.7823,0.134021
2024-11-20 13:36:13,6,0,1,0.7807,0.11959
2024-11-20 13:36:15,6,1,1,0.7127,
2024-11-20 13:36:18,26,2,1,0.7782,
2024-11-20 13:36:19,20,2,1,0.3953,
2024-11-20 13:36:20,8,1,1,0.4104,
2024-11-20 13:36:21,6,2,1,0.7659,
2024-11-20 13:36:22,6,2,1,0.6293,
2024-11-20 13:36:23,20,2,1,0.7372,
2024-11-20 13:36:24,24,1,1,0.7209,
2024-11-20 13:36:25,8,1,1,0.5441,
2024-11-20 13:36:28,6,1,1,0.5329,
2024-11-20 13:36:29,8,1,0,0.7606,
2024-11-20 13:36:30,12,2,1,0.759,
2024-11-20 13:36:31,20,0,1,0.4804,
2024-11-20 13:36:32,60,0,1,0.7086,
2024-11-20 13:36:33,20,0,1,0.6139,
2024-11-20 13:36:34,28,1,1,0.6718,
2024-11-20 13:36:36,40,0,1,0.6718,0.119427
2024-11-20 13:36:37,20,2,1,0.6266,0.13529
2024-11-20 13:36:38,12,2,1,0.6267,0.129805
2024-11-20 13:36:39,12,0,1,0.5594,0.125014
2024-11-20 13:38:36,6,1,1,0.8806,
2024-11-20 13:38:40,12,2,1,0.4796,
2024-11-20 13:38:48,46,2,1,0.8314,
2024-11-20 13:38:56,12,2,1,0.8558,0.0232328
2024-11-20 13:38:59,6,2,1,0.7529,
2024-11-20 13:39:02,10,2,1,0.9083,0.0319848
2024-11-20 13:39:03,22,2,1,0.9102,0.034021
2024-11-20 13:39:05,6,1,1,0.408,0.0303829
2024-11-20 13:39:07,6,2,1,0.8397,0.0283857
2024-11-20 13:39:08,6,1,1,0.8958,0.028573
2024-11-20 13:39:09,12,2,1,0.4828,0.0258876
2024-11-20 13:39:10,10,2,1,0.848,0.0270725
2024-11-20 13:39:11,6,2,1,1.0341,0.0293738
2024-11-20 13:39:13,10,1,1,0.9695,0.0399435
2024-11-20 13:39:14,6,1,0,0.852,0.0422363
2024-11-20 13:39:15,6,1,1,0.9636,0.0432842
2024-11-20 13:39:16,6,1,1,0.9582,0.0458702
2024-11-20 13:39:17,6,1,1,0.6411,0.045371
2024-11-20 13:39:18,6,2,1,0.3915,0.048095
2024-11-20 13:39:20,6,1,1,1.0267,0.047243
2024-11-20 13:39:21,6,2,1,1.0689,0.0542567
2024-11-20 13:39:22,10,2,1,1.0399,0.0596768
2024-11-20 13:39:25,6,1,1,0.609,0.0567952
2024-11-20 13:39:26,6,1,1,0.8109,0.0555696
2024-11-20 13:39:28,6,2,1,0.7987,0.0547071
2024-11-20 13:39:29,6,2,1,0.6085,0.0535939
2024-11-20 13:39:31,6,2,1,0.852,0.0523937
2024-11-20 13:39:32,6,2,1,0.7864,0.0514721
2024-11-20 13:39:37,8,1,1,0.8069,0.035601
2024-11-20 13:39:39,4,1,1,0.6113,0.0318275
2024-11-20 13:39:40,10,2,1,0.85,0.0310835
2024-11-20 13:39:41,6,2,0,0.847,0.0312
2024-11-20 13:39:42,6,1,1,0.7657,0.0310564
2024-11-20 13:39:43,6,2,1,0.5602,0.0316747
2024-11-20 13:39:44,6,1,1,0.7085,0.0332797
2024-11-20 13:39:45,4,2,1,0.7496,0.030885
2024-11-20 13:39:46,6,2,0,0.5012,0.030752
2024-11-20 13:39:47,6,2,1,0.7742,0.0305109
2024-11-20 13:39:48,8,2,0,0.815,0.0303968
2024-11-20 13:39:49,4,1,0,0.926,0.0306106
2024-11-20 13:39:50,4,1,1,0.5786,0.0159114
2024-11-20 13:39:52,6,1,1,0.8397,0.0133493
2024-11-20 13:39:53,6,1,1,0.801,0.0122228
2024-11-20 13:39:54,6,1,1,0.5888,0.0119663
2024-11-20 13:39:55,4,2,1,0.8068,0.0104462
2024-11-20 13:39:56,6,1,1,0.77,0.00832336
2024-11-20 13:40:01,6,1,1,0.8705,0.00626944
2024-11-20 13:40:06,6,1,1,0.9432,0.00824826
2024-11-20 13:40:07,6,2,1,0.5974,0.0136058
2024-11-20 13:40:08,4,2,1,0.811,0.0179636
2024-11-20 13:40:09,6,2,1,0.8314,0.0202399
2024-11-20 13:40:10,8,2,1,0.8028,0.0208794
2024-11-20 13:40:11,6,1,1,0.6113,0.0221516
2024-11-20 13:40:12,8,2,1,0.8233,0.0249361
2024-11-20 13:40:13,6,2,1,0.8028,0.0246513
2024-11-20 13:40:17,4,1,1,0.8274,0.0256512
2024-11-20 13:40:24,6,1,1,0.6391,0.0233334
2024-11-20 13:40:26,6,1,1,0.4137,0.0086599
2024-11-20 13:40:30,8,2,1,0.7618,0.038939
2024-11-20 13:40:31,4,2,0,0.872,0.0397336
2024-11-20 13:40:33,4,2,1,0.8191,0.0373426
2024-11-20 13:40:34,4,2,1,0.7659,0.0369294
2024-11-20 13:40:35,8,1,1,0.6167,0.0372621
2024-11-20 13:40:39,4,1,1,0.6699,0.31621
2024-11-20 13:40:42,6,1,1,0.8273,0.23605
2024-11-20 13:40:43,4,1,1,0.8738,0.229462
2024-11-20 13:40:44,8,1,1,1.0329,0.272761
2024-11-20 13:40:45,10,1,1,0.4933,0.257668
2024-11-20 13:40:46,4,1,1,0.8069,0.24783
2024-11-20 13:40:49,6,1,1,0.7364,0.265451
2024-11-20 13:40:52,6,1,1,0.8478,0.21262
2024-11-20 13:40:53,8,1,1,0.856,0.21001
2024-11-20 13:40:56,6,1,1,0.5914,0.202969
2024-11-20 13:40:57,4,2,0,0.7414,0.198051
2024-11-20 13:41:01,8,2,1,0.4288,0.151945
2024-11-20 13:41:02,6,1,1,0.7618,0.145455
2024-11-20 13:41:03,8,1,1,0.6098,0.142931
2024-11-20 13:41:06,4,2,1,0.3033,0.153443
2024-11-20 13:42:39,10,1,1,0.6348,0.143619
2024-11-20 13:42:41,22,0,1,0.5543,0.159094
2024-11-20 13:42:42,20,2,1,0.6717,
2024-11-20 13:42:43,12,1,1,0.4178,0.148207
2024-11-20 13:42:44,6,1,0,0.7495,0.149679
2024-11-20 13:42:45,6,1,1,0.8274,0.155747
2024-11-20 13:42:48,8,2,1,0.815,0.15158
2024-11-20 13:42:52,12,1,1,0.7414,0.156969
2024-11-20 13:42:54,10,1,1,0.53,0.144389
2024-11-20 13:42:55,6,1,1,0.8397,0.145214
2024-11-20 13:42:56,8,2,1,0.8314,0.155019
2024-11-20 13:42:57,8,2,1,0.8519,0.155682
2024-11-20 13:43:03,4,1,1,0.5661,
2024-11-20 13:43:07,4,1,1,0.856,
2024-11-20 13:43:08,14,1,1,0.9606,
2024-11-20 13:43:09,12,2,0,0.5203,
2024-11-20 13:43:10,12,2,0,0.8028,
2024-11-20 13:43:12,6,1,1,0.901,
2024-11-20 13:43:16,12,1,1,0.8601,
2024-11-20 13:43:17,12,1,1,0.8757,
2024-11-20 13:43:18,8,0,1,1.0015,
2024-11-20 13:43:24,8,0,1,0.7782,
2024-11-20 13:43:26,8,0,1,0.8565,
2024-11-20 13:43:27,6,0,1,0.6172,
2024-11-20 13:43:28,6,1,0,0.8477,
2024-11-20 13:43:29,8,0,1,0.8478,
2024-11-20 13:43:30,6,0,1,0.7905,
2024-11-20 13:43:31,8,2,1,0.5884,
2024-11-20 13:43:33,8,0,1,0.7208,
2024-11-20 13:43:38,6,1,1,0.4229,
2024-11-20 13:43:39,8,0,1,0.7208,
2024-11-20 13:43:40,6,0,1,0.8572,
2024-11-20 13:43:41,8,0,1,0.4566,
2024-11-20 13:43:45,6,0,1,0.5005,
2024-11-20 13:43:46,8,1,1,0.7782,
2024-11-20 13:43:48,8,0,1,0.517,
2024-11-20 13:43:52,12,2,1,0.7537,
2024-11-20 13:43:53,10,1,1,0.7609,
2024-11-20 13:43:54,8,1,1,0.4414,
2024-11-20 13:43:56,8,0,1,0.8543,
2024-11-20 13:43:57,6,0,1,0.984,
2024-11-20 13:43:58,12,0,1,0.513,
2024-11-20 13:44:17,12,1,1,0.646,0.0488334
2024-11-20 13:44:18,10,2,1,0.6635,0.0485883
2024-11-20 13:44:20,14,1,1,0.6349,0.0677479
2024-11-20 13:44:21,4,2,1,0.4446,0.0810152
2024-11-20 13:44:25,12,2,1,0.7987,0.0915541
2024-11-20 13:44:26,4,2,0,0.828,0.0942598
2024-11-20 13:44:27,6,1,1,0.4565,0.0988463
2024-11-20 13:44:28,4,2,1,0.7657,0.0970221
2024-11-20 13:44:29,6,0,1,0.7798,0.0983625
2024-11-20 13:44:30,12,1,0,0.4171,0.103715
2024-11-20 13:44:31,12,1,1,0.573,0.0791609
2024-11-20 13:44:34,12,2,1,0.7986,0.0639899
2024-11-20 13:44:35,4,2,1,0.9533,0.0516327
2024-11-20 13:44:53,8,2,1,0.4912,0.0476709
2024-11-20 13:45:06,12,2,1,0.6554,0.0766772
2024-11-20 13:45:09,6,2,1,0.7946,0.0725498
2024-11-20 13:45:14,12,1,1,0.7577,0.0682846
2024-11-20 13:45:15,12,2,1,0.5062,0.0658572
2024-11-20 13:45:20,12,2,1,0.7537,0.0756671
2024-11-20 13:45:32,14,2,1,0.6455,0.0437282
2024-11-20 13:45:35,12,1,1,0.5091,0.0404827
2024-11-20 13:45:36,10,1,1,0.8273,0.0474674
2024-11-20 13:45:39,8,1,1,0.9211,0.0165459
2024-11-20 13:45:40,12,1,1,0.9922,0.00957302
2024-11-20 13:45:55,10,1,1,0.5658,0.00551915
2024-11-20 13:46:03,4,0,1,0.8359,0.0076965
2024-11-20 13:46:11,6,2,1,0.8356,0.0436094
2024-12-02 10:56:33,42,2,0,0.3003,
2024-12-02 10:56:34,14,2,0,0.3606,
2024-12-02 10:56:35,18,2,0,0.3606,
2024-12-02 10:56:36,14,2,0,0.3606,
2024-12-02 10:56:37,26,2,0,0.3606,
2024-12-02 10:56:38,28,2,0,0.3606,
2024-12-02 10:56:39,18,2,0,0.3606,
2024-12-02 10:56:40,6,0,0,0.3606,
2024-12-02 10:56:41,22,2,0,0.3606,
2024-12-02 10:56:42,30,2,0,0.3606,
2024-12-02 10:56:43,28,2,0,0.3606,
2024-12-02 10:56:44,24,2,0,0.3606,
2024-12-02 10:56:45,14,2,0,0.3606,
2024-12-02 10:56:46,34,2,0,0.3606,
2024-12-02 10:56:47,24,2,0,0.3606,
2024-12-02 10:56:48,12,2,0,0.3606,
2024-12-02 10:56:49,26,2,0,0.3606,
2024-12-02 10:56:50,72,2,0,0.3606,
2024-12-02 10:56:51,12,2,0,0.3606,
2024-12-02 10:56:52,24,2,0,0.3606,
2024-12-02 10:56:53,6,2,0,0.3606,
2024-12-02 10:56:54,30,2,0,0.3606,
2024-12-02 10:56:55,20,2,0,0.3606,
2024-12-02 10:56:56,32,2,0,0.3606,
2024-12-02 10:56:57,20,2,0,0.3606,
2024-12-02 10:56:58,18,2,0,0.3606,
2024-12-02 10:56:59,24,2,0,0.3606,
2024-12-02 10:57:01,6,2,1,0.3606,
2024-12-02 10:57:02,12,2,1,0.3606,
2024-12-02 10:57:03,26,2,0,0.3606,
2024-12-02 10:57:04,6,2,1,0.3606,
2024-12-02 10:57:05,6,1,1,0.3606,
2024-12-02 10:57:06,56,2,1,0.3606,
2024-12-02 10:57:07,46,2,0,0.3606,
2024-12-02 10:57:08,58,2,0,34.32,
2024-12-02 10:57:09,48,2,0,34.32,
2024-12-02 10:57:10,20,2,0,34.32,
2024-12-02 10:57:11,44,2,0,34.32,
2024-12-02 10:57:12,50,2,0,34.32,
2024-12-02 10:57:13,40,2,1,34.32,
2024-12-02 10:57:14,8,2,0,34.32,
2024-12-02 10:57:15,24,2,0,34.32,
2024-12-02 10:57:16,6,2,0,34.32,
2024-12-02 10:57:17,34,2,0,34.32,
2024-12-02 10:57:18,36,2,0,34.32,
2024-12-02 10:57:19,36,2,0,34.32,
2024-12-02 10:57:20,20,2,0,34.32,
2024-12-02 10:57:21,20,2,0,34.32,
2024-12-02 10:57:22,20,2,0,34.32,
2024-12-02 10:57:23,20,2,0,34.32,
2024-12-02 10:57:24,14,1,0,34.32,
2024-12-02 10:57:25,12,2,0,34.32,
2024-12-02 10:57:26,22,2,0,34.32,
2024-12-02 10:57:27,30,2,0,34.32,
2024-12-02 10:57:28,16,2,0,34.32,
2024-12-02 10:57:29,24,2,0,34.32,
2024-12-02 10:57:30,26,2,0,34.32,
2024-12-02 10:57:31,22,2,0,34.32,
2024-12-02 10:57:32,32,2,0,34.32,
2024-12-02 10:57:33,26,2,0,34.32,
2024-12-02 10:57:34,30,2,0,34.32,
2024-12-02 10:57:35,34,2,0,34.32,
2024-12-02 10:57:36,8,2,0,34.32,
2024-12-02 10:57:37,28,2,0,34.32,
2024-12-02 10:57:38,16,2,0,34.32,
2024-12-02 10:57:39,24,2,0,34.32,
2024-12-02 10:57:40,26,2,0,34.32,
2024-12-02 10:57:41,28,2,0,33.2331,
2024-12-02 10:57:42,20,2,0,33.2331,
2024-12-02 10:57:43,28,2,0,33.2331,
2024-12-02 10:57:44,4,2,0,33.2331,
2024-12-02 10:57:45,32,2,0,3.6479,
2024-12-02 10:57:46,38,2,0,3.6479,
2024-12-02 10:57:47,24,2,0,3.6479,
2024-12-02 10:57:48,18,2,0,3.6479,
2024-12-02 10:57:49,14,2,0,3.6479,
2024-12-02 10:57:50,42,2,0,3.6479,
2024-12-02 10:57:51,18,2,0,3.6479,
2024-12-02 10:57:52,22,2,0,3.6479,
2024-12-02 10:57:53,28,2,0,3.6479,
2024-12-02 10:57:54,20,1,0,3.6479,
2024-12-02 10:57:55,44,1,0,3.6479,
2024-12-02 10:57:56,12,2,0,3.6479,
2024-12-02 10:57:57,20,1,0,3.6479,
2024-12-02 10:57:58,20,2,0,3.6479,
2024-12-02 10:57:59,16,2,0,3.6479,
2024-12-02 10:58:00,20,2,0,3.6479,
2024-12-02 10:58:01,20,1,0,3.6479,
2024-12-02 10:58:02,12,2,0,3.6479,
2024-12-02 10:58:03,14,2,0,3.6479,
2024-12-02 10:58:04,14,2,0,3.6479,
2024-12-02 10:58:05,12,2,0,3.6479,
2024-12-02 10:58:06,6,1,0,3.6479,
2024-12-02 10:58:07,34,2,0,3.6479,
2024-12-02 10:58:08,24,2,0,23.5971,
2024-12-02 10:58:09,20,1,0,23.5971,
2024-12-02 10:58:10,36,2,0,23.5971,
2024-12-02 10:58:11,28,2,0,23.5971,
2024-12-02 10:58:12,36,2,0,23.5971,2.0
2024-12-02 10:58:13,18,2,0,23.5971,2.0
2024-12-02 10:58:14,36,2,0,23.5971,2.0
2024-12-02 10:58:15,58,2,0,23.5971,2.0
2024-12-02 10:58:16,56,2,0,7.9131,2.0
2024-12-02 11:35:27,14,1,1,0.7045,2.0
2024-12-02 11:35:28,12,2,1,0.3559,2.0
2024-12-02 11:35:29,20,2,1,0.6415,2.0
2024-12-02 11:35:30,8,2,1,0.6389,2.0
2024-12-02 11:35:31,18,2,1,1.2083,2.0
2024-12-02 11:35:32,12,1,0,0.6147,2.0
2024-12-02 11:35:33,24,2,1,0.3531,2.0
2024-12-02 11:35:39,10,1,1,0.3664,2.0
2024-12-02 11:35:47,20,2,1,0.7222,2.0
2024-12-02 11:35:48,18,2,0,0.3782,2.0
2024-12-02 11:35:49,20,2,1,0.7331,2.0
2024-12-02 11:35:50,6,0,1,0.8452,
2024-12-02 11:35:54,20,1,1,0.3512,2.0
2024-12-02 11:35:59,24,1,1,0.3759,2.0
2024-12-02 11:36:00,12,2,1,0.6881,2.0
2024-12-02 11:36:01,12,2,0,0.6881,2.0
2024-12-02 11:36:02,18,2,1,1.9127,2.0
2024-12-02 11:36:11,18,2,1,0.5724,2.0
2024-12-02 11:36:13,20,1,1,0.3122,2.0
2024-12-02 11:36:16,20,1,1,0.4984,2.0
2024-12-02 11:36:24,12,2,1,0.3283,2.0
2024-12-02 11:36:25,18,2,1,0.6842,2.0
2024-12-02 11:36:26,12,2,0,0.9889,2.0
2024-12-02 11:36:27,18,1,1,0.451,2.0
2024-12-02 11:36:28,20,1,1,0.6184,2.0
2024-12-02 11:36:29,18,2,0,0.3082,2.0
2024-12-02 11:36:30,20,1,1,0.3082,2.0
2024-12-02 11:36:31,26,2,1,1.685,2.0
2024-12-02 11:36:44,18,1,1,0.3511,2.0
2024-12-02 11:36:45,18,1,1,0.6781,2.0
2024-12-02 11:36:47,18,1,1,0.598,2.0
2024-12-02 11:36:48,6,2,1,0.6676,2.0
2024-12-02 11:36:49,20,2,1,0.6383,2.0
2024-12-02 11:36:50,10,2,1,0.6335,1.64004
2024-12-02 11:36:53,12,2,1,0.7075,1.6656
2024-12-02 11:36:54,18,2,1,0.3292,1.40647
2024-12-02 11:36:55,20,2,1,0.7045,1.1087
2024-12-02 11:36:56,14,2,0,1.1246,0.764971
2024-12-02 11:36:57,14,1,1,0.8824,0.98555
2024-12-02 11:36:58,14,0,1,1.1342,0.0961295
2024-12-02 11:36:59,18,2,0,0.4351,0.0789876
2024-12-02 11:37:00,12,2,1,0.5732,0.0790526
2024-12-02 11:37:01,10,2,1,0.4311,0.0802607
2024-12-02 11:37:03,8,1,1,0.3556,0.0769159
2024-12-02 11:37:04,20,2,1,0.6318,0.0855561
2024-12-02 11:37:05,20,1,1,0.9883,0.0847126
2024-12-02 11:37:06,6,2,1,1.0401,0.092997
2024-12-02 11:37:12,18,2,1,0.6562,0.0978966
2024-12-02 11:37:16,12,2,1,0.6799,0.0921529
2024-12-02 11:37:17,18,2,1,0.4558,0.0834871
2024-12-02 11:37:18,12,2,1,0.7167,0.076457
2024-12-02 11:37:20,18,1,1,0.3134,0.0783338
2024-12-02 11:37:27,16,1,1,0.35,0.0555776
2024-12-02 11:37:28,12,1,0,0.724,0.0553414
2024-12-02 11:37:33,12,2,1,0.7212,0.0464735
2024-12-02 11:37:39,12,2,1,0.7331,0.0981807
2024-12-02 11:37:40,14,2,1,0.3836,0.0960736
2024-12-02 11:37:41,6,2,1,0.6963,0.126503
2024-12-02 11:37:42,12,1,1,0.4195,0.0645353
2024-12-02 11:37:43,20,1,1,0.6799,0.0776685
2024-12-02 11:37:44,20,2,0,0.39,0.0793262
2024-12-02 11:37:45,18,1,1,0.623,0.0819643
2024-12-02 11:37:46,20,2,1,0.3025,0.0824919
2024-12-02 11:37:47,14,2,0,0.7191,0.0792577
2024-12-02 11:37:48,12,2,1,1.0072,0.0837235
2024-12-02 11:37:49,12,1,1,1.0528,0.0985936
2024-12-02 11:37:50,12,2,0,0.4812,0.0880148
2024-12-02 11:37:51,12,2,1,0.6594,0.0857024
2024-12-02 11:37:55,20,2,1,0.6758,0.0656544
2024-12-02 11:37:56,20,1,1,1.3229,0.0667753
2024-12-02 11:37:57,20,2,1,0.3165,0.0403884
2024-12-02 11:37:58,20,1,0,0.7187,0.0383088
2024-12-02 11:37:59,18,1,1,0.3456,0.0365942
2024-12-02 11:38:01,20,1,1,0.4218,0.0351566
2024-12-02 11:38:02,18,1,1,0.7776,0.0275138
2024-12-02 11:38:03,18,1,1,0.4827,
2024-12-02 11:38:04,18,1,1,0.7304,
2024-12-02 11:38:07,8,2,1,0.3039,
2024-12-02 11:38:09,12,1,1,0.3001,
2024-12-02 11:38:11,14,2,1,0.999,
2024-12-02 11:38:12,20,1,1,0.9877,
2024-12-02 11:38:13,20,1,1,0.3801,
2024-12-02 11:38:14,18,1,0,0.6225,
2024-12-02 11:38:17,6,1,1,1.0121,
2024-12-02 11:38:21,10,1,1,0.6431,
2024-12-02 11:38:22,14,1,1,0.3694,
2024-12-02 11:38:23,6,0,1,0.6922,
2024-12-02 11:38:24,20,2,1,0.9432,
2024-12-02 11:38:25,14,1,1,1.0269,
2024-12-02 11:38:26,14,1,0,0.4258,
2024-12-02 11:38:27,18,1,1,0.4258,
2024-12-02 11:38:28,20,2,1,1.5613,
2024-12-02 11:38:29,20,1,0,1.0764,
2024-12-02 11:38:30,20,1,1,0.5112,
2024-12-02 11:38:33,8,1,1,0.688,
2024-12-02 11:38:34,8,2,1,0.688,
2024-12-02 11:38:36,6,2,1,2.8463,0.13942
2024-12-02 11:38:37,12,2,1,0.407,0.0105625
2024-12-02 11:38:38,16,1,1,1.0227,0.017992
2024-12-02 11:38:39,6,1,1,0.302,0.0183316
2024-12-02 11:38:40,6,0,0,0.7235,0.0202533
2024-12-02 11:38:42,20,1,1,0.628,0.0223776
2024-12-02 11:38:43,6,2,1,0.3612,0.0223592
2024-12-02 11:38:45,20,1,1,0.3694,0.0205726
2024-12-02 11:38:46,6,1,1,0.7167,0.0246464
2024-12-02 11:38:47,8,2,0,0.5113,0.0292641
2024-12-02 11:38:50,6,1,1,0.3384,0.0331737
2024-12-02 11:38:51,12,2,1,0.6797,0.0302871
2024-12-02 11:38:53,12,1,1,0.6676,0.0252889
2024-12-02 11:38:54,20,1,1,0.5127,0.0270886
2024-12-02 11:38:55,18,1,1,0.7331,0.029941
2024-12-02 11:38:56,8,2,0,0.6386,0.0304751
2024-12-02 11:38:58,12,1,1,0.5675,0.0300842
2024-12-02 11:39:00,20,1,1,0.366,0.027187
2024-12-02 11:39:01,18,1,1,0.6963,0.0265649
2024-12-02 11:39:02,20,2,1,1.0102,0.0270438
2024-12-02 11:39:03,20,1,1,0.9229,0.0271839
2024-12-02 11:39:04,18,2,1,1.0003,0.0279341
2024-12-02 11:39:05,14,2,1,1.0111,0.0168304
2024-12-02 11:39:06,6,2,1,1.0318,0.0113718
2024-12-02 11:39:07,8,1,1,0.7535,0.0104693
2024-12-02 11:39:08,12,1,1,1.4091,0.0145959
2024-12-02 11:39:09,6,2,1,0.7956,0.00611888
2024-12-02 11:39:11,6,2,1,1.025,0.00206507
2024-12-02 11:39:12,12,1,1,0.9709,0.00362591
2024-12-02 11:39:13,8,1,0,1.0062,0.00659409
2024-12-02 11:39:15,8,1,1,1.0024,0.0128764
2024-12-02 11:39:16,14,2,1,0.9942,0.0114285
2024-12-02 11:39:17,18,1,0,1.0626,0.00905452
2024-12-02 11:39:18,20,2,1,0.4946,0.0014968
2024-12-02 11:39:19,18,1,1,0.688,0.000658547
2024-12-02 11:39:20,18,0,1,0.8247,0.00302076
2024-12-02 11:39:21,20,2,1,0.3197,0.00489356
2024-12-02 11:39:24,18,2,1,0.9763,0.00418077
2024-12-02 11:39:25,20,1,0,1.0057,0.00339414
2024-12-02 11:39:28,6,1,1,0.4857,0.00483598
2024-12-02 11:39:32,20,1,1,0.7372,0.0264906
2024-12-02 11:39:33,6,2,1,0.8529,0.0272601
2024-12-02 11:39:34,12,2,1,1.0185,0.0251705
2024-12-02 11:39:35,12,1,1,1.0014,0.0192877
2024-12-02 11:39:36,14,1,1,0.3971,0.0216347
2024-12-02 11:39:37,12,1,1,0.7169,0.00951073
2024-12-02 11:39:39,12,2,1,0.7004,0.00978274
2024-12-02 11:39:43,20,2,1,0.5489,0.0105746
2024-12-02 11:39:45,20,1,1,0.7506,0.0108229
2024-12-02 11:39:46,12,2,1,0.4066,0.0406799
2024-12-02 11:39:47,20,1,0,0.7578,0.0228555
2024-12-02 11:39:48,14,2,1,0.8787,0.0120807
2024-12-02 11:39:49,18,1,0,0.36,0.00424227
2024-12-02 11:39:53,16,1,1,0.7733,0.00426123
2024-12-02 11:39:54,14,1,1,0.3218,0.00683656
2024-12-02 11:39:55,14,2,0,0.7167,0.00855321
2024-12-02 11:39:57,12,1,1,0.6858,
2024-12-02 11:39:58,20,1,1,0.6858,
2024-12-02 11:40:00,14,2,1,0.6953,
2024-12-02 11:40:03,12,2,1,0.5369,
2024-12-02 11:40:04,12,2,1,0.6713,
2024-12-02 11:40:07,12,2,1,0.5992,
2024-12-02 11:40:08,12,1,1,0.7291,
2024-12-02 11:40:09,12,2,1,0.725,
2024-12-02 11:41:10,6,2,1,0.7373,0.113452
2024-12-02 11:41:19,6,2,1,0.407,0.0912232
2024-12-02 11:41:20,12,1,1,0.6512,0.0926007
2024-12-02 11:41:22,16,1,1,0.6764,0.0989525
2024-12-02 11:41:23,12,2,1,0.4824,0.0991559
2024-12-02 11:41:24,14,1,1,0.7331,0.0971014
2024-12-02 11:41:28,20,1,1,0.7987,0.0764089
2024-12-02 11:41:29,10,1,0,0.9458,0.0775633
2024-12-02 11:41:30,14,2,0,0.3486,0.0656054
2024-12-02 11:41:32,6,1,1,0.5562,0.06281
2024-12-02 11:41:33,14,1,1,0.7454,0.0633603
2024-12-02 11:41:34,12,2,0,0.7189,0.0558821
2024-12-02 11:41:41,20,2,1,0.5181,0.00654386
2024-12-02 11:41:52,6,1,1,0.6662,
2024-12-02 11:41:56,16,1,1,0.9188,
2024-12-02 11:42:03,18,2,1,0.3501,
2024-12-02 11:42:04,18,2,1,0.643,
2024-12-02 11:42:06,12,2,1,1.0283,
2024-12-02 11:42:08,6,2,1,1.0629,
2024-12-02 11:42:19,10,1,1,0.6922,
2024-12-02 11:42:20,14,1,1,0.3013,
2024-12-02 11:42:24,12,2,1,0.312,
2024-12-02 11:42:25,12,2,0,0.4993,
2024-12-02 11:42:26,4,2,1,0.6144,0.000512526
2024-12-02 11:42:27,6,2,0,0.418,
2024-12-02 11:42:29,6,2,1,0.9837,
2024-12-02 11:42:33,8,2,1,0.4754,
2024-12-02 11:42:35,12,1,1,0.3633,
2024-12-02 11:42:36,8,2,1,0.5038,
2024-12-02 11:42:39,8,2,1,0.4743,
2024-12-02 11:42:40,8,2,0,0.557,
2024-12-02 11:42:41,6,2,1,0.553,
2024-12-02 11:42:45,18,1,1,0.5612,
2024-12-02 11:42:46,18,1,1,0.9099,
2024-12-02 11:42:47,12,1,1,0.3423,
2024-12-02 11:42:48,10,2,1,0.4312,
2024-12-02 11:42:49,18,2,1,0.5611,
2024-12-02 11:42:57,8,0,1,0.4113,
2024-12-02 11:43:02,20,1,1,0.4115,
2024-12-02 11:43:05,18,2,1,0.5442,0.0103508
2024-12-02 11:43:08,20,2,1,0.5365,0.014118
2024-12-02 11:43:09,6,2,1,0.9822,0.0199843
2024-12-02 11:43:17,18,1,1,0.6021,0.00489211
2024-12-02 11:43:18,14,2,1,0.3003,0.00523371
2024-12-02 11:43:22,12,2,1,0.6612,0.0134546
2024-12-02 11:43:25,6,0,1,0.6062,0.0200767
2024-12-02 11:43:31,20,2,1,0.7331,0.0156514
2024-12-02 11:43:40,12,1,1,1.002,0.0110308
2024-12-02 11:43:47,20,2,1,0.9978,0.0501417
2024-12-02 11:43:49,18,2,1,0.9807,0.0512151
2024-12-02 11:43:52,18,2,1,0.99,0.0867007
2024-12-02 11:43:55,12,2,1,0.4016,0.0812976
2024-12-02 11:43:56,16,1,1,0.6734,0.0802761
2024-12-02 11:43:57,12,2,1,1.2558,0.0812208
2024-12-02 11:43:58,12,2,0,0.7035,0.0804209
2024-12-02 11:43:59,6,1,1,0.9844,0.0822477
2024-12-02 11:44:01,8,1,1,0.3191,0.0813557
2024-12-02 11:44:02,6,2,1,0.6811,0.0813542
2024-12-02 11:44:03,6,2,1,1.0166,0.07205
2024-12-02 11:44:12,6,2,1,0.7332,0.0780082
2024-12-02 11:44:16,12,0,1,0.6881,0.0665419
2024-12-02 11:44:18,6,1,1,0.6881,0.0671045
2024-12-02 11:44:27,16,1,1,0.6717,
2024-12-02 11:44:28,12,2,1,1.425,0.0618066
2024-12-02 11:44:31,6,2,1,0.547,0.0348347
2024-12-02 11:44:45,8,2,1,1.2533,0.0915366
2024-12-02 11:44:46,6,2,1,0.8151,
2024-12-02 11:44:49,20,2,1,1.364,
2024-12-02 11:44:50,12,2,1,0.8075,
2024-12-02 11:44:52,6,2,1,1.0146,
2024-12-02 11:44:55,20,2,1,0.9908,
2024-12-02 11:45:04,16,1,1,0.9914,
2024-12-02 11:45:06,12,2,1,0.956,
2024-12-02 11:45:08,6,0,1,0.681,
2024-12-02 11:45:18,16,2,1,0.985,
2024-12-02 11:45:19,16,1,0,0.3134,
2024-12-02 11:45:20,16,1,1,0.6886,
2024-12-02 11:45:21,12,2,0,0.3502,
2024-12-02 11:45:23,18,2,1,0.9402,
2024-12-02 11:45:24,20,1,1,0.9924,
2024-12-02 11:45:25,8,2,1,1.0197,
2024-12-02 11:45:26,12,2,1,1.1843,
2024-12-02 11:45:34,6,2,1,1.3092,
2024-12-02 11:45:36,10,2,1,0.7086,
2024-12-02 11:45:37,12,1,1,0.8329,
2024-12-02 11:45:38,12,1,1,1.0198,
2024-12-02 11:45:44,12,2,1,1.011,
2024-12-02 11:45:45,6,2,1,1.0431,
2024-12-02 11:45:48,6,1,1,0.7823,
2024-12-02 11:45:49,20,2,1,0.7742,
2024-12-02 11:45:50,16,1,0,1.0101,
2024-12-02 11:45:54,12,2,1,0.5112,0.111598
2024-12-02 11:45:56,8,2,1,0.4294,0.101635
2024-12-02 11:45:58,12,1,1,0.7194,0.113746
2024-12-02 11:46:04,20,1,1,1.0164,0.127978
2024-12-02 11:46:06,12,1,1,0.6594,0.121754
2024-12-02 11:46:08,20,2,1,0.6676,0.13904
2024-12-02 11:46:09,20,2,0,0.5363,0.172111
2024-12-02 11:46:10,12,2,1,0.6594,0.18589
2024-12-02 11:46:11,6,1,1,0.4701,0.19794
2024-12-02 11:46:12,14,1,0,0.4701,0.207589
2024-12-02 11:46:14,12,1,1,0.754,0.2205
2024-12-02 11:46:15,20,2,1,1.0604,0.217637
2024-12-02 11:46:16,20,2,1,0.438,0.199991
2024-12-02 11:46:17,8,2,0,1.1676,0.185912
2024-12-02 11:46:19,12,2,1,0.5209,0.184216
2024-12-02 11:46:21,6,2,1,0.9948,0.175113
2024-12-02 11:46:24,8,1,1,1.3135,0.169822
2024-12-02 11:46:25,14,1,1,0.6565,0.164753
2024-12-02 11:46:26,4,1,1,1.1216,0.158811
2024-12-02 11:46:27,12,1,1,0.9045,0.162988
2024-12-02 11:46:28,6,1,1,1.158,0.165902
2024-12-02 11:46:29,6,2,0,1.1862,0.181924
2024-12-02 11:46:30,8,1,0,0.6277,0.174392
2024-12-02 11:46:31,12,2,1,0.414,0.181404
2024-12-02 11:46:32,12,1,0,0.5887,0.184493
2024-12-02 11:46:33,8,2,1,0.9898,0.173257
2024-12-02 11:46:34,12,2,1,0.9978,0.173095
2024-12-02 11:46:35,6,2,1,0.9858,0.172877
2024-12-02 11:46:36,6,2,0,0.3064,0.153183
2024-12-02 11:46:38,12,1,1,0.9996,0.14282
2024-12-02 11:46:42,6,2,1,0.6321,0.124301
2024-12-02 11:46:43,4,2,1,0.9824,0.114399
2024-12-02 11:46:44,12,2,0,0.455,0.100432
2024-12-02 11:46:45,12,1,0,0.916,0.0886288
2024-12-02 11:46:46,12,2,1,0.36,0.0762427
2024-12-02 11:46:48,10,2,1,0.3656,0.0937707
2024-12-02 11:46:49,12,2,0,0.6517,0.0993741
2024-12-02 11:46:50,6,2,1,0.9893,0.090668
2024-12-02 11:46:51,8,2,0,1.5127,0.10356
2024-12-02 11:46:54,12,2,1,0.6881,0.0854818
2024-12-02 11:46:55,10,2,0,0.4315,0.0865825
2024-12-02 11:46:59,6,2,1,0.4208,0.0964839
2024-12-02 11:47:08,12,2,1,0.3604,0.0703722
2024-12-02 11:47:09,12,2,1,0.684,0.0648857
2024-12-02 11:47:11,12,1,1,0.6962,0.0763885
2024-12-02 11:47:12,18,2,1,0.3999,0.0770827
2024-12-02 11:47:14,12,2,1,0.937,0.0595655
2024-12-02 11:47:15,12,1,1,1.0863,0.084093
2024-12-02 11:47:18,18,2,1,0.5848,0.0708391
2024-12-02 11:47:19,6,0,1,0.4104,0.065315
2024-12-02 11:47:21,6,1,1,0.3827,0.0552086
2024-12-02 11:47:22,12,2,0,0.7397,0.0552786
2024-12-02 11:47:23,8,0,1,0.8898,0.0517428
2024-12-02 11:47:29,12,1,1,0.5145,0.039362
2024-12-02 11:47:30,14,2,0,0.739,0.0365598
2024-12-02 11:47:31,6,2,1,0.7453,0.0502661
2024-12-02 11:47:32,18,1,0,0.4663,0.0509303
2024-12-02 11:47:33,12,2,1,0.6962,0.0517756
2024-12-02 11:47:35,12,2,1,0.6782,0.053818
2024-12-02 11:47:36,6,2,1,0.627,0.0453929
2024-12-02 11:47:38,10,2,1,0.7211,0.0467708
2024-12-02 11:47:39,6,2,1,0.3885,0.0466989
2024-12-02 11:47:40,12,2,0,0.7295,0.0448411
2024-12-02 11:47:45,12,1,1,0.9904,0.0814883
2024-12-02 11:47:46,14,1,1,0.9998,0.0879703
2024-12-02 11:47:47,12,1,0,1.0132,0.0948831
2024-12-02 11:47:48,6,2,1,1.1902,0.106447
2024-12-02 11:47:51,12,1,1,1.0018,0.106207
2024-12-02 11:47:52,12,2,1,1.0838,0.104386
2024-12-02 11:47:57,18,2,1,1.0144,0.201561
2024-12-02 11:48:05,20,2,1,1.0586,0.210602
2024-12-02 11:48:10,20,1,1,0.9812,0.173209
2024-12-02 11:48:11,14,1,1,0.4223,0.164269
2024-12-02 11:48:14,12,2,1,0.303,0.161926
2024-12-02 11:48:16,16,1,1,1.7018,0.144678
2024-12-02 11:48:17,20,1,1,0.989,0.149017
2024-12-02 11:48:19,6,0,1,0.7373,0.14136
2024-12-02 11:48:20,12,1,1,0.9,0.138151
2024-12-02 11:48:22,8,2,1,0.7454,0.139027
2024-12-02 11:48:23,12,1,0,0.8791,0.140971
2024-12-02 11:48:24,20,1,1,0.3661,0.142202
2024-12-02 11:48:25,12,1,0,0.7127,0.146182
2024-12-02 11:48:27,6,2,1,0.9302,0.144501
2024-12-02 11:48:29,14,2,1,0.883,0.143259
2024-12-02 11:48:31,12,2,1,0.4436,
2024-12-02 11:48:33,16,2,1,0.9894,0.141851
2024-12-02 11:48:35,12,2,1,0.9968,0.144526
2024-12-02 11:48:39,8,2,1,0.9749,0.14503
2024-12-02 11:48:40,12,2,1,1.0328,0.144435
2024-12-02 11:48:42,10,2,1,1.0007,0.143706
2024-12-02 11:48:46,12,2,1,0.8123,0.147689
2024-12-02 11:48:49,6,2,1,1.0604,0.151819
2024-12-02 11:48:54,12,2,1,1.0132,0.14459
2024-12-02 11:48:56,8,1,1,1.058,
2024-12-02 11:48:58,18,2,1,1.008,0.150758
2024-12-02 11:48:59,20,2,0,0.9844,
2024-12-02 11:49:00,12,2,1,1.0248,0.151134
2024-12-02 11:49:09,10,2,1,0.9462,
2024-12-02 11:49:13,12,2,1,0.9848,0.130528
2024-12-02 11:49:17,12,2,1,0.9609,
2024-12-02 11:49:22,12,1,1,0.8327,
2024-12-02 11:49:26,6,2,1,0.355,
2024-12-02 11:49:27,12,1,1,0.7701,
2024-12-02 11:49:31,6,2,1,0.3674,0.127614
2024-12-02 11:49:39,12,2,1,0.3162,
2024-12-02 11:49:40,10,2,1,0.7013,
2024-12-02 11:49:42,4,2,1,1.9878,
2024-12-02 11:49:43,12,2,0,0.4334,0.0545967
2024-12-02 11:49:54,12,1,1,0.3012,
2024-12-02 11:49:56,6,1,1,1.231,
2024-12-02 11:49:57,6,2,1,1.0665,
2024-12-02 11:50:00,8,2,1,2.9726,
2024-12-02 11:50:01,10,1,1,0.9606,
2024-12-02 11:50:02,6,2,1,0.9606,
2024-12-02 11:50:03,6,2,1,0.3743,
2024-12-02 11:50:08,6,2,1,0.9962,
2024-12-02 11:50:10,10,1,1,0.9825,
2024-12-02 11:50:11,6,2,1,1.0146,
2024-12-02 11:50:12,6,1,1,1.0157,
2024-12-02 11:50:13,6,2,1,0.9922,
2024-12-02 11:50:14,8,2,1,1.0396,
2024-12-02 11:50:16,12,2,1,0.3073,
2024-12-02 11:50:17,12,2,1,0.6765,
2024-12-02 11:50:24,12,1,1,0.594,
2024-12-02 11:50:28,12,1,1,1.025,0.0866987
2024-12-02 11:50:29,6,2,1,0.525,0.081672
2024-12-02 11:50:34,6,1,1,0.3091,0.0757623
2024-12-02 11:50:35,8,1,1,0.7039,0.0775817
2024-12-02 11:50:36,18,1,1,0.4279,0.078783
2024-12-02 11:50:37,6,2,1,0.7074,0.0796434
2024-12-02 11:50:38,10,1,1,1.2454,0.0750779
2024-12-02 11:50:41,6,2,1,0.4035,0.0733612
2024-12-02 11:50:47,14,2,1,0.7215,0.0786082
2024-12-02 11:50:53,6,2,1,0.7045,0.066435
2024-12-02 11:50:55,6,1,1,0.4102,0.0707256
2024-12-02 11:51:01,6,2,1,0.9462,0.0693731
2024-12-02 11:51:02,10,1,1,0.9757,0.0709289
2024-12-02 11:51:05,18,2,1,0.6682,0.0730346
2024-12-02 11:51:06,6,1,1,1.0268,0.0749494
2024-12-02 11:51:07,6,0,1,1.0077,0.0769374
2024-12-02 11:51:10,20,1,1,0.309,0.0783523
2024-12-02 11:51:15,12,1,1,1.01,0.0858078
2024-12-02 11:51:18,14,2,1,0.9936,0.0886468
2024-12-02 11:51:19,18,2,0,0.9867,0.0932806
2024-12-02 11:51:20,12,2,1,0.9993,0.0915365
2024-12-02 11:51:21,6,2,1,0.998,0.0920287
2024-12-02 11:51:24,20,2,1,1.0145,0.151799
2024-12-02 11:51:25,6,2,1,1.0121,0.15351
2024-12-02 11:51:27,20,2,1,0.3437,0.145807
2024-12-02 11:51:31,12,1,1,1.0016,0.145064
2024-12-02 11:51:33,6,1,1,1.0007,0.14678
2024-12-02 11:51:39,12,2,1,1.0007,0.144417
2024-12-02 11:51:41,12,1,1,1.0179,0.164556
2024-12-02 11:51:46,20,2,1,0.5579,0.223568
2024-12-02 11:51:47,10,2,1,1.3191,0.18385
2024-12-02 11:51:50,12,2,1,0.7139,0.164638
2024-12-02 11:51:51,8,2,0,0.4479,0.162595
2024-12-02 11:51:52,6,2,1,0.6975,0.159841
2024-12-02 11:51:53,6,1,1,0.8504,0.154127
2024-12-02 11:51:56,6,2,1,0.3323,0.167128
2024-12-02 11:51:58,12,2,1,0.4795,0.165617
2024-12-02 11:51:59,6,2,1,0.7331,0.164811
2024-12-02 11:52:00,10,1,1,0.811,0.163077
2024-12-02 11:58:17,6,1,1,0.988,0.197931
2024-12-02 11:58:19,6,2,1,0.9903,0.202963
2024-12-02 11:58:20,6,2,1,0.3873,0.206517
2024-12-02 11:58:24,12,1,1,0.3848,0.197828
2024-12-02 11:58:25,10,2,0,0.6903,0.196746
2024-12-02 11:58:26,12,2,1,0.3072,0.201433
2024-12-02 11:58:27,6,2,1,0.6825,0.203471
2024-12-02 11:58:28,8,2,1,1.0118,0.196534
2024-12-02 11:58:29,8,2,1,0.9941,0.199798
2024-12-02 11:58:33,6,2,1,0.4697,0.204074
2024-12-02 11:58:40,6,2,1,0.6938,0.260499
2024-12-02 11:58:44,12,1,1,0.6799,0.243078
2024-12-02 11:58:49,4,2,1,0.466,0.262727
2024-12-02 11:58:52,12,2,1,0.3215,0.264275
2024-12-02 11:58:54,8,2,1,0.4451,
2024-12-02 11:59:02,8,1,1,0.906,
2024-12-02 11:59:13,6,2,1,0.9275,
2024-12-02 11:59:19,6,2,1,1.0084,
2024-12-02 11:59:21,6,2,1,0.9672,
2024-12-02 11:59:26,12,2,1,0.9851,
2024-12-02 11:59:27,6,2,0,1.118,
2024-12-02 11:59:45,6,2,1,1.0039,
2024-12-02 11:59:50,6,1,1,1.0185,
2024-12-02 11:59:51,6,0,0,0.9994,
2024-12-02 12:00:07,10,2,1,1.0009,0.226183
2024-12-02 12:00:08,6,2,1,0.3457,0.218857
2024-12-02 12:00:11,6,2,1,0.9966,0.217925
2024-12-02 12:00:13,12,2,1,0.4205,0.214549
2024-12-02 12:00:14,10,2,0,0.6758,0.213199
2024-12-02 12:00:21,6,2,1,0.8317,0.145835
2024-12-02 12:00:24,8,1,1,0.7429,0.139141
2024-12-02 12:00:25,8,2,1,0.9155,0.130769
2024-12-02 12:00:27,8,2,1,0.7618,0.114302
2024-12-02 12:00:28,6,1,1,0.8067,0.106774
2024-12-02 12:00:34,12,2,1,0.7577,0.074903
2024-12-02 12:00:42,6,0,1,1.3826,
2024-12-02 12:00:45,6,1,1,1.012,
2024-12-02 12:00:46,6,2,1,1.0004,
2024-12-02 12:00:47,6,2,0,1.0626,
2024-12-02 12:00:48,12,1,1,0.9392,
2024-12-02 12:00:49,6,1,1,1.0303,
2024-12-02 12:00:53,6,2,1,0.9271,
2024-12-02 12:00:56,6,2,1,0.986,
2024-12-02 12:00:59,12,2,1,1.0183,
2024-12-02 12:01:04,8,1,1,0.9493,
2024-12-02 12:01:09,4,2,1,0.9917,
2024-12-02 12:01:10,8,2,1,1.0178,
2024-12-02 12:01:16,6,2,1,1.0152,
2024-12-02 12:01:17,12,2,0,0.992,
2024-12-02 12:01:19,12,1,1,1.0135,
2024-12-02 12:01:20,8,2,0,1.0114,
2024-12-02 12:01:21,6,2,1,0.9696,
2024-12-02 12:01:24,6,1,1,1.0097,
2024-12-02 12:01:30,6,1,1,0.9868,
2024-12-02 12:01:32,6,1,1,1.1056,
2024-12-02 12:01:41,10,2,1,0.3016,
2024-12-02 12:01:42,6,2,1,0.7928,
2024-12-02 12:01:44,12,2,1,0.9702,
2024-12-02 12:01:45,8,2,1,1.0182,
2024-12-02 12:01:46,8,2,1,0.3406,
2024-12-02 12:01:51,12,2,1,0.9156,
2024-12-02 12:01:57,6,2,1,0.9427,
2024-12-02 12:01:58,6,2,0,0.3153,
2024-12-02 12:01:59,8,2,1,0.7601,
2024-12-02 12:02:25,6,1,1,1.0106,0.478087
2024-12-02 12:02:39,6,1,1,0.9898,0.223677
2024-12-02 12:02:49,6,2,1,1.0234,0.224001
2024-12-02 12:02:50,12,1,1,1.0042,0.224018
2024-12-02 12:10:25,12,2,1,0.9699,
2024-12-02 12:10:35,12,1,1,0.8972,
2024-12-02 12:10:38,8,2,0,0.8972,
2024-12-02 12:10:39,8,2,1,0.8972,
2024-12-02 12:10:40,6,2,0,0.8972,
2024-12-02 12:10:41,6,2,0,0.8972,
2024-12-02 12:10:43,8,2,1,0.8816,
2024-12-02 12:10:48,20,2,1,0.9872,
2024-12-02 12:10:52,20,1,1,1.0334,
2024-12-02 12:10:53,12,1,1,0.9836,
2024-12-02 12:10:55,16,2,1,0.9836,
2024-12-02 12:10:56,20,1,0,0.9836,
2024-12-02 12:10:57,16,1,1,0.9836,
2024-12-02 12:10:58,16,1,0,0.9836,
2024-12-02 12:10:59,20,1,0,0.9836,
2024-12-02 12:11:00,12,2,0,7.0154,
2024-12-02 12:11:04,20,2,1,0.9934,
2024-12-02 12:11:05,20,1,0,0.9934,
2024-12-02 12:11:06,4,0,1,4.0077,
2024-12-02 12:11:07,20,2,1,4.0077,
2024-12-02 12:11:08,18,2,1,2.0717,
2024-12-02 12:11:12,12,2,1,1.0314,
2024-12-02 12:11:13,14,1,1,1.9972,
2024-12-02 12:11:32,18,1,1,1.1469,
2024-12-02 12:11:40,20,2,1,3.8342,
2024-12-02 12:11:41,12,1,1,3.8342,
2024-12-02 12:11:42,16,1,0,3.8342,
2024-12-02 12:11:51,12,2,1,2.9032,0.0620119
2024-12-02 12:11:52,12,2,1,2.9032,0.0630061
2024-12-02 12:11:53,12,1,1,2.9032,0.0635469
2024-12-02 12:11:54,10,1,1,2.8759,0.0633037
2024-12-02 12:11:55,6,1,1,1.3745,0.0630872
2024-12-02 12:12:07,20,2,1,0.5675,0.0861994
2024-12-02 12:12:08,14,1,0,0.5675,0.0879707
2024-12-02 12:12:09,16,1,1,0.5675,0.089732
2024-12-02 12:12:10,6,1,1,4.0135,0.081315
2024-12-02 12:12:18,12,1,1,0.3029,0.165982
2024-12-02 12:12:19,18,1,1,1.1199,0.166357
2024-12-02 12:12:21,18,1,1,1.1199,0.164455
2024-12-02 12:12:24,18,1,1,1.1199,0.162539
2024-12-02 12:12:26,16,2,1,1.2707,0.135228
2024-12-02 12:12:28,12,1,1,1.2707,0.132191
2024-12-02 12:12:39,20,1,1,0.802,0.343187
2024-12-02 12:12:40,12,1,0,1.3047,
2024-12-02 12:12:41,6,0,1,1.334,
2024-12-02 12:12:42,18,1,1,0.9818,
2024-12-02 12:12:43,10,2,1,0.7448,
2024-12-02 12:12:44,20,2,0,1.1638,0.339291
2024-12-02 12:12:45,20,1,1,0.5139,
2024-12-02 12:12:46,12,1,1,0.5139,
2024-12-02 12:12:47,14,1,1,2.579,
2024-12-02 12:12:48,14,1,0,2.579,
2024-12-02 12:12:49,12,1,1,2.579,
2024-12-02 12:12:51,12,2,0,2.579,0.472097
2024-12-02 12:12:52,24,2,0,2.579,
2024-12-02 12:12:53,10,1,1,2.579,0.464561
2024-12-02 12:12:54,20,2,0,2.579,0.460542
2024-12-02 12:12:55,20,1,0,2.579,0.487637
2024-12-02 12:12:56,10,2,0,2.579,
2024-12-02 12:12:57,20,2,0,2.579,
2024-12-02 12:12:58,20,2,0,2.579,0.483281
2024-12-02 12:12:59,18,2,0,2.579,0.484246
2024-12-02 12:13:00,12,1,0,2.579,0.486071
2024-12-02 12:13:01,12,1,0,2.579,
2024-12-02 12:13:02,12,1,0,2.579,0.48394
2024-12-02 12:13:03,14,1,1,2.579,
2024-12-02 12:13:05,20,1,0,2.579,0.485279
2024-12-02 12:13:06,12,1,0,2.579,
2024-12-02 12:13:07,14,1,1,2.579,0.482101
2024-12-02 12:13:08,16,2,0,2.579,0.483886
2024-12-02 12:13:09,12,2,1,2.579,0.485756
2024-12-02 12:13:10,18,1,0,2.579,
2024-12-02 12:13:11,20,2,0,2.579,0.474293
2024-12-02 12:13:12,14,2,0,2.579,0.483212
2024-12-02 12:13:13,20,2,0,2.579,0.492325
2024-12-02 12:13:14,18,1,0,2.579,0.486145
2024-12-02 12:13:15,20,1,1,2.579,0.479717
2024-12-02 12:13:18,18,1,1,28.371,1.29749
2024-12-02 12:13:19,18,1,1,28.371,1.60817
2024-12-02 12:13:20,18,1,0,28.371,1.8788
2024-12-02 12:13:21,14,1,1,28.371,2.0
2024-12-02 12:13:22,16,1,1,28.371,2.0
2024-12-02 12:13:23,14,1,1,28.371,2.0
2024-12-02 12:13:25,14,1,1,28.371,
2024-12-02 12:13:26,18,1,0,10.3972,
2024-12-02 12:13:27,14,2,1,10.3972,
2024-12-02 12:13:28,20,1,0,2.6225,
2024-12-02 12:13:29,18,1,0,2.6225,
2024-12-02 12:13:30,8,1,1,1.5063,
2024-12-02 12:13:32,14,1,1,1.5063,2.0
2024-12-02 12:13:33,20,2,1,1.5063,2.0
2024-12-02 12:13:34,20,2,1,1.5063,2.0
2024-12-02 12:13:35,12,1,1,1.5063,2.0
2024-12-02 12:13:36,4,0,1,1.5063,2.0
2024-12-02 12:13:37,10,1,1,1.5063,2.0
2024-12-02 12:13:38,12,1,1,1.5063,2.0
2024-12-02 12:13:39,12,1,0,1.5063,2.0
2024-12-02 12:13:40,12,2,0,1.5063,2.0
2024-12-02 12:13:41,6,1,1,1.5063,2.0
2024-12-02 12:13:42,12,2,0,1.5063,2.0
2024-12-02 12:13:43,20,1,0,1.5063,2.0
2024-12-02 12:13:44,18,2,1,1.5063,2.0
2024-12-02 12:13:45,20,2,0,1.5063,2.0
2024-12-02 12:13:49,14,2,0,16.4349,
2024-12-02 12:13:50,12,1,0,16.4349,2.0
2024-12-02 12:13:51,12,1,1,16.4349,
2024-12-02 12:13:52,18,1,0,16.4349,
2024-12-02 12:13:53,14,1,0,16.4349,2.0
2024-12-02 12:13:54,14,1,0,16.4349,
2024-12-02 12:13:56,12,1,0,16.4349,2.0
2024-12-02 12:13:57,20,1,1,16.4349,2.0
2024-12-02 12:13:58,18,1,1,16.4349,2.0
2024-12-02 12:13:59,18,1,1,16.4349,2.0
2024-12-02 12:14:00,18,1,1,16.4349,2.0
2024-12-02 12:14:01,18,1,0,16.4349,2.0
2024-12-02 12:14:02,18,2,1,16.4349,2.0
2024-12-02 12:14:03,16,1,0,16.4349,2.0
2024-12-02 12:14:05,20,2,1,16.4349,2.0
2024-12-02 12:14:06,18,1,0,16.4349,2.0
2024-12-02 12:14:07,20,2,1,16.4349,2.0
2024-12-02 12:14:08,20,1,0,16.4349,2.0
2024-12-02 12:14:09,16,1,1,16.4349,2.0
2024-12-02 12:14:10,14,1,1,16.4349,2.0
2024-12-02 12:14:11,14,1,1,16.4349,2.0
2024-12-02 12:14:12,18,1,1,16.4349,2.0
2024-12-02 12:14:13,12,2,0,16.4349,2.0
2024-12-02 12:14:14,20,0,1,16.4349,2.0
2024-12-02 12:14:15,20,1,1,16.4349,2.0
2024-12-02 12:14:16,10,1,1,16.4349,2.0
2024-12-02 12:14:17,12,1,1,16.4349,2.0
2024-12-02 12:14:18,20,1,0,16.4349,2.0
2024-12-02 12:14:19,12,1,0,16.4349,2.0
2024-12-02 12:14:20,12,2,1,16.4349,2.0
2024-12-02 12:14:21,20,1,0,16.4349,2.0
2024-12-02 12:14:23,18,2,1,16.4349,2.0
2024-12-02 12:14:24,16,2,1,16.4349,2.0
2024-12-02 12:16:28,14,2,0,0.8035,2.0
2024-12-02 12:16:29,20,2,0,0.8035,2.0
2024-12-02 12:16:30,14,1,1,0.8035,2.0
2024-12-02 12:16:31,20,2,1,2.7516,2.0
2024-12-02 12:16:32,20,1,1,2.7516,2.0
2024-12-02 12:16:33,18,1,1,2.7516,2.0
2024-12-02 12:16:35,12,1,1,2.7516,2.0
2024-12-02 12:16:36,20,1,1,2.7516,2.0
2024-12-02 12:16:37,20,1,1,5.9375,2.0
2024-12-02 12:16:38,20,1,1,5.9375,2.0
2024-12-02 12:16:39,12,1,1,2.1395,2.0
2024-12-02 12:16:40,20,1,0,2.1395,2.0
2024-12-02 12:16:41,14,1,1,2.1395,2.0
2024-12-02 12:16:42,20,1,1,2.1395,2.0
2024-12-02 12:16:43,18,2,0,2.1395,2.0
2024-12-02 12:16:44,14,1,1,2.1395,2.0
2024-12-02 12:16:45,12,1,0,2.1395,2.0
2024-12-02 12:16:46,14,1,1,2.1395,2.0
2024-12-02 12:16:47,12,2,1,2.1395,2.0
2024-12-02 12:16:48,14,1,1,2.1395,2.0
2024-12-02 12:16:49,20,1,1,2.1395,2.0
2024-12-02 12:16:50,14,1,1,2.1395,2.0
2024-12-02 12:16:51,8,2,1,11.7595,2.0
2024-12-02 12:16:52,14,2,1,1.2633,2.0
2024-12-02 12:16:53,12,1,1,0.8599,2.0
2024-12-02 12:16:54,18,2,1,1.2598,2.0
2024-12-02 12:16:55,12,1,1,1.2598,2.0
2024-12-02 12:16:56,12,2,1,1.9606,2.0
2024-12-02 12:16:58,12,2,1,0.8172,2.0
2024-12-02 12:16:59,12,1,1,0.8072,2.0
2024-12-02 12:17:00,14,1,0,0.8072,2.0
2024-12-02 12:17:01,18,1,0,2.134,2.0
2024-12-02 12:17:02,14,1,1,2.134,2.0
2024-12-02 12:17:03,12,1,0,2.134,2.0
2024-12-02 12:17:04,14,2,0,2.134,2.0
2024-12-02 12:17:05,8,2,1,2.134,2.0
2024-12-02 12:17:11,20,1,1,2.134,2.0
2024-12-02 12:17:12,12,2,1,2.134,2.0
2024-12-02 12:17:13,16,1,0,2.134,2.0
2024-12-02 12:17:14,12,1,1,2.134,2.0
2024-12-02 12:17:15,12,1,1,2.134,2.0
2024-12-02 12:17:16,12,2,0,2.134,2.0
2024-12-02 12:17:17,16,1,1,2.134,2.0
2024-12-02 12:17:18,16,1,0,2.134,2.0
2024-12-02 12:17:19,20,1,1,2.134,2.0
2024-12-02 12:17:20,12,2,1,2.134,2.0
2024-12-02 12:17:21,14,2,1,20.3806,2.0
2024-12-02 12:17:24,12,1,1,1.9694,1.76198
2024-12-02 12:17:26,12,1,1,1.9694,1.759
2024-12-02 12:17:27,12,2,1,2.7879,1.75572
2024-12-02 12:17:28,14,2,1,2.7879,
2024-12-02 12:17:29,12,1,1,2.7879,
2024-12-02 12:17:33,6,1,1,2.7879,
2024-12-02 12:17:34,16,2,1,2.7879,
2024-12-02 12:17:35,14,2,1,2.7879,
2024-12-02 12:17:36,14,1,0,2.7879,
2024-12-02 12:17:37,14,1,1,2.7879,
2024-12-02 12:17:38,18,2,1,2.7879,
2024-12-02 12:17:39,12,2,1,12.0259,
2024-12-02 12:17:40,14,1,1,12.0259,
2024-12-02 12:17:41,12,1,1,12.0259,
2024-12-02 12:17:42,16,2,1,12.0259,
2024-12-02 12:17:43,14,2,1,12.0259,
2024-12-02 12:17:44,12,1,1,12.0259,
2024-12-02 12:17:45,14,1,1,12.0259,
2024-12-02 12:17:46,14,0,1,12.0259,
2024-12-02 12:17:47,18,1,0,12.0259,
2024-12-02 12:17:48,20,1,0,12.0259,
2024-12-02 12:17:49,18,1,1,12.0259,
2024-12-02 12:17:50,12,1,1,11.0692,
2024-12-02 12:17:51,14,2,1,1.0967,
2024-12-02 12:17:52,12,2,1,1.0967,
2024-12-02 12:17:53,12,2,1,1.0967,
2024-12-02 12:17:55,12,0,1,1.0967,
2024-12-02 12:17:57,12,1,1,1.0967,
2024-12-02 12:17:59,18,1,1,7.9229,
2024-12-02 12:18:00,12,1,1,1.236,
2024-12-02 12:18:01,14,1,1,1.236,
2024-12-02 12:18:02,14,2,0,1.236,
2024-12-02 12:18:03,18,2,1,1.236,
2024-12-02 12:18:06,16,2,1,5.3181,0.605007
2024-12-02 12:18:08,8,2,1,5.3181,0.623663
2024-12-02 12:18:09,20,1,1,5.3181,0.620602
2024-12-02 12:18:10,8,2,1,5.3181,0.617305
2024-12-02 12:18:11,12,2,0,0.3806,0.605085
2024-12-02 12:18:12,12,2,1,0.7814,0.609944
2024-12-02 12:18:13,12,2,1,0.7814,0.614166
2024-12-02 12:18:14,18,2,0,0.7814,0.618331
2024-12-02 12:18:16,12,2,1,0.7814,0.626494
2024-12-02 12:18:17,12,1,1,0.7814,0.635956
2024-12-02 12:18:18,12,2,0,0.7814,0.637244
2024-12-02 12:18:19,14,1,1,0.7814,0.64869
2024-12-02 12:18:20,12,1,1,0.7814,0.651732
2024-12-02 12:18:21,14,1,1,0.7814,0.654746
2024-12-02 12:18:22,10,1,1,0.7814,0.657734
2024-12-02 12:18:23,12,1,1,10.8287,0.60961
2024-12-02 12:18:24,12,1,1,10.8287,0.635549
2024-12-02 12:18:25,14,1,1,10.8287,0.660224
2024-12-02 12:18:26,12,2,1,10.8287,0.683705
2024-12-02 12:18:27,18,1,1,10.8287,0.706051
2024-12-02 12:18:28,20,2,1,10.8287,0.727318
2024-12-02 12:18:29,12,2,0,10.8287,0.747554
2024-12-02 12:18:30,20,1,0,10.8287,0.766802
2024-12-02 12:18:31,12,1,0,10.8287,0.835645
2024-12-02 12:18:32,14,1,0,10.8287,0.926216
2024-12-02 12:18:33,12,1,0,10.8287,0.942234
2024-12-02 12:18:35,20,1,1,10.8287,0.971487
2024-12-02 12:18:41,20,1,1,1.1311,0.910618
2024-12-02 12:18:44,12,1,1,1.134,0.920192
2024-12-02 12:22:28,6,0,1,0.3037,
2024-12-02 12:22:33,12,2,1,1.1802,
2024-12-02 12:22:35,6,1,1,1.1802,
2024-12-02 12:22:36,12,2,1,1.1802,
2024-12-02 12:22:38,8,1,1,1.1802,
2024-12-02 12:22:40,16,1,1,1.1802,
2024-12-02 12:22:41,6,2,0,1.1802,
2024-12-02 12:22:42,14,1,1,1.1802,
2024-12-02 12:22:43,10,1,1,1.1802,
2024-12-02 12:22:44,12,1,0,1.1802,
2024-12-02 12:22:45,20,2,1,13.3376,
2024-12-02 12:22:46,20,1,0,0.7989,
2024-12-02 12:22:47,20,2,0,1.1121,
2024-12-02 12:22:48,20,1,0,0.9355,
2024-12-02 12:22:49,12,2,1,0.3016,
2024-12-02 12:22:51,14,1,1,0.3016,1.27618
2024-12-02 12:22:52,18,1,0,0.3016,1.28342
2024-12-02 12:22:53,18,1,0,0.3016,1.29057
2024-12-02 12:22:54,14,2,0,0.3016,1.29763
2024-12-02 12:22:55,14,2,1,5.0338,1.27399
2024-12-02 12:22:56,10,2,0,5.0338,1.36629
2024-12-02 12:22:57,14,0,1,5.0338,1.33557
2024-12-02 12:22:58,6,2,0,5.0338,1.30383
2024-12-02 12:22:59,20,1,0,5.0338,1.27105
2024-12-02 12:23:00,14,2,0,5.0338,1.23715
2024-12-02 12:23:01,14,1,0,5.0338,1.20208
2024-12-02 12:23:02,20,1,1,5.0338,1.16578
2024-12-02 12:23:03,12,2,0,7.7361,1.12267
2024-12-02 12:23:04,20,2,0,7.7361,
2024-12-02 12:23:06,12,1,1,7.7361,1.06106
2024-12-02 12:23:07,12,1,1,4.0139,1.00937
2024-12-02 12:23:08,14,1,1,4.0139,0.971398
2024-12-02 12:23:09,18,2,0,4.0139,1.06944
2024-12-02 12:23:10,20,1,0,4.0139,1.0652
2024-12-02 12:23:11,6,2,1,4.0139,1.06084
2024-12-02 12:23:12,12,1,0,4.0139,1.05635
2024-12-02 12:23:13,12,2,0,4.0139,1.05174
2024-12-02 12:23:14,20,1,0,4.0139,1.04699
2024-12-02 12:23:15,12,2,1,4.0139,1.04212
2024-12-02 12:23:16,14,2,0,4.0139,1.03711
2024-12-02 12:23:17,12,2,0,4.0139,1.09132
2024-12-02 12:23:18,8,1,0,4.0139,1.14813
2024-12-02 12:23:19,18,1,0,4.0139,1.14324
2024-12-02 12:23:20,14,2,0,4.0139,1.13823
2024-12-02 12:23:21,10,2,0,4.0139,
2024-12-02 12:23:22,16,2,1,4.0139,
2024-12-02 12:23:23,12,1,1,4.0139,
2024-12-02 12:23:25,14,1,1,4.0139,
2024-12-02 12:23:32,18,2,1,4.0139,
2024-12-02 12:23:33,16,1,0,26.8682,
2024-12-02 12:23:34,12,1,1,26.8682,
2024-12-02 12:23:35,12,1,1,26.8682,
2024-12-02 12:23:36,18,1,0,3.0741,
2024-12-02 12:23:37,20,2,0,3.0741,
2024-12-02 12:23:38,14,1,0,3.0741,
2024-12-02 12:23:39,12,2,1,3.0741,
2024-12-02 12:23:40,12,1,1,3.0741,
2024-12-02 12:23:41,12,1,0,3.0741,
2024-12-02 12:23:42,18,2,0,3.0741,
2024-12-02 12:23:43,20,1,0,3.0741,
2024-12-02 12:23:44,20,1,0,3.0741,
2024-12-02 12:23:45,6,0,1,3.0741,
2024-12-02 12:23:46,18,1,0,3.0741,
2024-12-02 12:23:47,14,2,1,3.0741,
2024-12-02 12:23:48,14,2,1,3.0741,
2024-12-02 12:23:49,16,2,0,3.0741,
2024-12-02 12:23:50,12,2,1,3.0741,
2024-12-02 12:23:51,18,2,0,3.0741,
2024-12-02 12:23:52,20,2,0,3.0741,
2024-12-02 12:23:54,4,1,1,3.0741,
2024-12-02 12:23:55,10,2,1,3.0741,
2024-12-02 12:23:56,4,2,1,3.0741,
2024-12-02 12:23:57,16,2,0,3.0741,
2024-12-02 12:23:58,12,2,0,3.0741,
2024-12-02 12:23:59,10,2,0,3.0741,
2024-12-02 12:24:00,6,2,1,3.0741,
2024-12-02 12:24:01,12,2,0,3.0741,
2024-12-02 12:24:02,12,1,1,3.0741,
2024-12-02 12:24:56,14,1,1,0.4473,0.418078
2024-12-02 12:24:57,14,1,1,0.4473,0.419581
2024-12-02 12:24:58,14,2,0,0.4473,0.421078
2024-12-02 12:24:59,6,2,1,0.4473,0.422569
2024-12-02 12:25:00,22,2,0,0.4473,0.424056
2024-12-02 12:25:02,14,2,1,6.4543,0.41297
2024-12-02 12:25:04,18,2,1,6.4543,0.440002
2024-12-02 12:25:05,16,1,0,3.976,0.47034
2024-12-02 12:25:06,24,2,1,3.976,0.466754
2024-12-02 12:25:11,14,1,1,1.7855,0.451027
2024-12-02 12:25:12,12,1,0,1.7855,0.447802
2024-12-02 12:25:13,20,2,1,1.7855,0.454078
2024-12-02 12:25:14,16,1,0,1.7855,0.456241
2024-12-02 12:25:15,20,1,1,1.7855,0.458332
2024-12-02 12:25:16,14,1,0,1.7855,0.460353
2024-12-02 12:25:17,14,1,0,1.7855,0.462302
2024-12-02 12:25:18,12,1,0,1.7855,0.464181
2024-12-02 12:25:19,18,1,0,1.7855,0.465989
2024-12-02 12:25:20,12,1,1,1.7855,0.467728
2024-12-02 12:25:21,20,2,0,1.7855,0.469844
2024-12-02 12:25:26,14,1,1,1.8572,
2024-12-02 12:25:27,20,1,0,1.8572,
2024-12-02 12:25:28,14,1,0,1.8572,0.3988
2024-12-02 12:25:29,18,2,1,1.8572,0.400207
2024-12-02 12:25:30,14,2,0,1.8572,0.401584
2024-12-02 12:25:32,16,2,1,1.8572,0.404254
2024-12-02 12:25:33,20,2,0,1.8572,0.405545
2024-12-02 12:25:34,22,2,1,1.8572,0.406809
2024-12-02 12:25:35,16,1,1,1.8572,0.408044
2024-12-02 12:25:36,20,1,1,1.8572,0.409251
2024-12-02 12:25:37,10,2,0,1.8572,0.410429
2024-12-02 12:25:38,6,2,1,1.8572,0.41158
2024-12-02 12:25:39,8,2,1,1.8572,0.412703
2024-12-02 12:25:40,12,2,0,1.8572,0.413798
2024-12-02 12:25:41,20,1,0,1.8572,
2024-12-02 12:25:43,12,2,1,1.8572,
2024-12-02 12:25:48,16,1,1,1.8572,
2024-12-02 12:25:49,20,2,0,1.8572,
2024-12-02 12:25:51,20,2,0,1.8572,0.513953
2024-12-02 12:25:52,20,2,0,1.8572,0.335069
2024-12-02 12:25:53,18,2,1,26.8383,0.0255349
2024-12-02 12:25:55,18,2,1,26.8383,0.495296
2024-12-02 12:25:56,20,2,0,26.8383,0.651114
2024-12-02 12:25:57,18,2,1,26.8383,0.78886
2024-12-02 12:25:58,12,2,1,5.0209,0.685161
2024-12-02 12:26:01,10,2,1,0.9554,0.685225
2024-12-02 12:26:02,12,2,0,0.9554,0.687134
2024-12-02 12:26:03,12,2,1,0.9554,0.689019
2024-12-02 12:26:06,10,1,1,3.9802,0.686847
2024-12-02 12:26:07,8,0,0,3.9802,0.686653
2024-12-02 12:26:08,12,2,1,3.9802,0.686455
2024-12-02 12:26:12,6,2,1,7.0561,0.685925
2024-12-02 12:26:13,14,2,0,7.0561,0.687597
2024-12-02 12:26:15,14,2,0,7.0561,0.690721
2024-12-02 12:26:17,12,1,1,7.0561,0.693554
2024-12-02 12:26:19,24,2,0,7.0561,0.696097
2024-12-02 12:26:20,18,2,0,7.0561,0.697261
2024-12-02 12:26:21,20,2,0,7.0561,0.841348
2024-12-02 12:26:22,20,2,0,7.0561,1.09646
2024-12-02 12:26:23,20,1,0,7.0561,1.09457
2024-12-02 12:26:24,18,2,0,7.0561,1.09242
2024-12-02 12:26:25,18,2,1,7.0561,1.09001
2024-12-02 12:26:26,8,2,0,7.0561,1.08734
2024-12-02 12:26:27,12,1,0,7.0561,1.08441
2024-12-02 12:26:28,18,2,0,7.0561,1.10217
2024-12-02 12:26:29,12,1,1,7.0561,1.10326
2024-12-02 12:26:30,18,1,0,7.0561,1.10435
2024-12-02 12:26:32,18,2,1,7.0561,1.10909
2024-12-02 12:26:33,14,1,0,7.0561,1.11076
2024-12-02 12:26:34,14,2,0,7.0561,1.1148
2024-12-02 12:26:35,18,1,1,24.2561,1.00993
2024-12-02 12:26:36,20,2,0,0.6412,0.808964
2024-12-02 12:26:37,20,1,1,1.2358,0.807821
2024-12-02 12:26:38,20,2,1,1.2358,0.806206
2024-12-02 12:26:39,8,0,1,1.2358,0.804585
2024-12-02 12:26:40,12,1,1,1.2358,0.80296
2024-12-02 12:26:41,20,2,0,4.0059,0.812342
2024-12-02 12:26:42,12,1,0,4.0059,0.812096
2024-12-02 12:26:43,12,1,0,4.0059,0.811821
2024-12-02 12:26:44,16,1,0,4.0059,0.811515
2024-12-02 12:26:45,20,2,1,3.8586,0.813601
2024-12-02 12:26:46,18,2,1,3.8586,0.813661
2024-12-02 12:26:47,20,2,0,3.8586,0.814374
2024-12-02 12:26:48,6,1,0,3.8586,0.812167
2024-12-02 12:26:49,12,1,1,3.8586,0.809935
2024-12-02 12:26:50,14,1,1,3.8586,0.807678
2024-12-02 12:27:02,12,1,1,0.6301,0.771844
2024-12-02 12:38:32,8,1,0,2.5723,0.897117
2024-12-02 12:38:37,12,1,1,0.657,0.904458
2024-12-02 12:38:40,6,2,1,0.657,0.911835
2024-12-02 12:38:41,16,1,1,0.657,0.914272
2024-12-02 12:38:42,20,1,0,0.657,0.916697
2024-12-02 12:38:43,14,2,1,0.657,0.919111
2024-12-02 12:38:44,20,1,0,0.657,0.921513
2024-12-02 12:38:47,20,2,1,0.657,0.928655
2024-12-02 12:38:48,12,2,1,0.657,0.931014
2024-12-02 12:38:49,12,1,0,0.657,
2024-12-02 12:38:50,8,1,0,0.657,
2024-12-02 12:38:53,12,2,0,0.657,
2024-12-02 12:38:54,6,2,0,0.657,
2024-12-02 12:38:56,12,2,1,0.657,
2024-12-02 12:38:57,6,2,1,0.657,
2024-12-02 12:38:59,14,2,1,23.3556,
2024-12-02 12:39:00,20,1,0,2.0502,
2024-12-02 12:39:01,20,2,1,2.0502,
2024-12-02 12:39:02,12,2,0,2.0502,
2024-12-02 12:39:03,12,1,1,2.6466,
2024-12-02 12:39:04,8,0,1,1.5576,
2024-12-02 12:39:06,6,0,1,1.5576,
2024-12-02 12:39:07,18,1,0,1.5576,
2024-12-02 12:39:08,18,1,0,1.5576,
2024-12-02 12:39:10,18,1,0,1.5576,0.486107
2024-12-02 12:39:11,12,2,1,1.5576,0.484367
2024-12-02 12:39:12,16,1,1,7.0736,0.471807
2024-12-02 12:39:13,14,2,0,7.0736,0.471851
2024-12-02 12:39:14,10,2,0,7.0736,0.471894
2024-12-02 12:39:16,12,2,0,7.0736,0.47198
2024-12-02 12:39:17,12,2,0,7.0736,0.472024
2024-12-02 12:39:18,14,1,0,7.0736,0.472067
2024-12-02 12:39:19,12,2,1,7.1505,0.472204
2024-12-02 12:39:20,10,2,0,7.1505,0.47244
2024-12-02 12:39:21,12,2,0,7.1505,0.472676
2024-12-02 12:39:22,12,1,1,7.1505,0.472912
2024-12-02 12:39:24,20,2,1,4.0125,0.463388
2024-12-02 12:39:25,20,2,0,4.0125,0.459285
2024-12-02 12:39:26,6,2,0,4.0125,0.455095
2024-12-02 12:39:27,14,2,0,4.08,0.450822
2024-12-02 12:39:28,14,2,1,0.6706,0.443986
2024-12-02 12:39:29,8,2,1,1.3362,0.441961
2024-12-02 12:39:30,16,2,1,1.3362,0.439167
2024-12-02 12:39:31,20,2,0,1.3362,0.436107
2024-12-02 12:39:32,18,2,0,1.3362,0.432779
2024-12-02 12:39:33,18,0,1,1.3362,0.4842
2024-12-02 12:39:34,10,2,1,1.3362,0.647409
2024-12-02 12:39:35,14,2,1,1.3362,0.64669
2024-12-02 12:39:36,14,1,0,1.3362,0.646477
2024-12-02 12:39:37,16,1,0,1.3362,0.646264
2024-12-02 12:39:38,20,2,0,8.9844,0.616004
2024-12-02 12:39:40,22,1,1,8.9844,0.654673
2024-12-02 12:39:41,20,1,0,8.9844,0.671318
2024-12-02 12:39:42,12,1,1,8.9844,0.687496
2024-12-02 12:39:49,18,1,1,0.7159,0.720082
2024-12-02 12:39:50,20,1,0,0.7159,0.723761
2024-12-02 12:39:51,18,2,1,0.7159,0.727331
2024-12-02 12:39:52,6,2,1,0.7159,0.730794
2024-12-02 12:39:54,20,1,1,6.3691,0.73898
2024-12-02 12:39:55,20,1,0,6.3691,0.712708
2024-12-02 12:39:56,12,1,1,6.3691,0.685684
2024-12-02 12:39:57,14,1,1,6.3691,0.716762
2024-12-02 12:39:58,10,1,0,6.3691,0.724942
2024-12-02 12:40:00,10,1,1,6.3691,
2024-12-02 12:40:06,16,2,1,12.0385,
2024-12-02 12:40:07,24,2,0,12.0385,
2024-12-02 12:40:10,18,1,1,12.0385,0.877343
2024-12-02 12:40:12,12,1,1,12.0385,0.930856
2024-12-02 12:40:13,20,2,0,12.0385,0.956373
2024-12-02 12:40:14,16,2,0,12.0385,0.981619
2024-12-02 12:40:15,20,1,1,12.0385,1.00117
2024-12-02 12:40:16,12,2,0,12.0385,1.01952
2024-12-02 12:40:17,20,1,0,12.0385,1.0351
2024-12-02 12:40:18,20,2,0,12.0385,1.04939
2024-12-02 12:40:19,12,1,0,12.0385,1.06242
2024-12-02 12:40:20,20,2,0,12.0385,1.07422
2024-12-02 12:40:21,12,2,0,12.0385,1.08482
2024-12-02 12:40:22,18,2,1,16.4991,1.09609
2024-12-02 12:40:25,18,1,1,2.0246,0.927351
2024-12-02 12:40:26,20,1,0,1.35,0.923597
2024-12-02 12:40:27,6,2,1,0.6796,0.922036
2024-12-02 12:40:29,18,1,1,0.6796,0.921865
2024-12-02 12:40:30,14,1,0,0.6796,0.921779
2024-12-02 12:40:31,20,2,0,0.6796,0.921694
2024-12-02 12:40:32,12,2,0,0.6796,0.921608
2024-12-02 12:40:33,12,1,1,0.6796,0.921523
2024-12-02 12:40:35,12,2,0,0.6796,0.921351
2024-12-02 12:40:36,14,2,0,0.6796,0.921266
2024-12-02 12:40:37,6,1,0,0.6796,0.92118
2024-12-02 12:40:38,20,1,0,11.4157,0.85306
2024-12-02 12:40:40,8,2,1,11.4157,1.06537
2024-12-02 12:41:04,12,1,1,1.0597,
2024-12-02 12:41:07,14,1,1,2.9809,
2024-12-02 12:41:08,12,2,1,2.9809,
2024-12-02 12:41:14,12,1,1,6.8638,
2024-12-02 12:41:15,6,2,0,6.8638,
2024-12-02 12:41:21,8,1,1,6.4448,1.52748
2024-12-02 12:41:22,6,2,1,6.4448,1.51971
2024-12-02 12:41:34,8,1,1,0.6761,1.50327
2024-12-02 12:41:36,12,1,1,3.522,1.50821
2024-12-02 12:41:37,16,2,0,0.8162,1.50178
2024-12-02 12:41:38,20,1,1,0.8162,1.51303
2024-12-02 12:41:39,16,1,0,0.8162,1.52383
2024-12-02 12:41:41,14,2,0,0.8162,1.54413
2024-12-02 12:41:43,12,2,1,5.2251,1.51172
2024-12-02 12:41:55,8,2,1,0.7068,1.18024
2024-12-02 12:41:59,8,2,1,0.7068,1.00384
2024-12-02 12:42:00,6,2,1,0.7068,
2024-12-02 12:42:11,6,1,1,1.1366,0.900241
2024-12-02 13:15:29,48,2,0,16.6539,0.617411
2024-12-02 13:15:30,8,2,0,1.2442,0.428588
2024-12-02 13:15:33,10,0,1,0.7016,0.44178
2024-12-02 13:15:34,10,1,1,0.7016,0.444108
2024-12-02 13:15:35,14,2,1,0.7016,
2024-12-02 13:15:36,12,2,1,0.7016,
2024-12-02 13:15:40,20,2,1,0.9085,
2024-12-02 13:15:42,30,2,1,0.9085,
2024-12-02 13:15:43,18,2,0,3.0145,
2024-12-02 13:15:44,18,2,0,3.0145,
2024-12-02 13:15:45,10,2,0,3.0145,
2024-12-02 13:15:46,8,2,1,3.0145,
2024-12-02 13:15:48,6,2,0,3.0145,0.447962
2024-12-02 13:15:49,14,2,0,3.0145,0.445361
2024-12-02 13:15:50,22,2,0,3.0145,0.44161
2024-12-02 13:15:51,20,2,0,3.0145,0.441374
2024-12-02 13:15:52,14,2,0,3.0145,0.44098
2024-12-02 13:15:53,12,2,0,3.0145,0.438237
2024-12-02 13:15:54,32,2,1,3.0145,0.435373
2024-12-02 13:15:55,32,2,0,3.0145,0.432437
2024-12-02 13:15:56,12,2,1,3.0145,0.433828
2024-12-02 13:15:57,20,2,0,3.0145,0.433831
2024-12-02 13:15:58,20,2,0,3.0145,0.433834
2024-12-02 13:15:59,12,2,0,3.0145,0.433837
2024-12-02 13:16:00,8,2,0,3.0145,0.43384
2024-12-02 13:16:01,20,2,0,3.0145,0.433843
2024-12-02 13:16:02,26,2,0,3.0145,0.433846
2024-12-02 13:16:03,20,2,0,3.0145,0.439507
2024-12-02 13:16:04,20,2,0,3.0145,0.426
2024-12-02 13:16:05,20,2,0,3.0145,0.41206
2024-12-02 13:16:06,18,2,0,3.0145,0.397671
2024-12-02 13:16:07,20,2,0,3.0145,0.382815
2024-12-02 13:16:08,14,2,0,3.0145,0.367471
2024-12-02 13:16:09,12,2,0,3.0145,0.353219
2024-12-02 13:16:10,12,2,0,3.0145,0.340032
2024-12-02 13:16:11,16,2,0,3.0145,0.326442
2024-12-02 13:16:12,10,2,1,3.0145,0.312435
2024-12-02 13:16:13,16,2,0,3.0145,0.29799
2024-12-02 13:16:14,12,2,1,3.0145,0.28309
2024-12-02 13:16:15,6,2,1,3.0145,0.267712
2024-12-02 13:16:26,10,2,1,37.7187,1.73066
2024-12-02 13:16:27,36,2,0,37.7187,1.91583
2024-12-02 13:16:28,14,2,1,37.7187,2.0
2024-12-02 13:16:29,14,2,1,37.7187,2.0
2024-12-02 13:16:32,8,2,1,37.7187,2.0
2024-12-02 13:16:33,8,2,1,37.7187,2.0
2024-12-02 13:16:34,16,2,0,37.7187,
2024-12-02 13:16:35,28,2,1,14.2683,2.0
2024-12-02 13:16:36,14,2,0,14.2683,
2024-12-02 13:16:37,18,2,0,14.2683,
2024-12-02 13:16:38,12,2,1,14.2683,
2024-12-02 13:16:39,20,2,0,14.2683,
2024-12-02 13:16:40,18,2,0,14.2683,
2024-12-02 13:16:41,8,2,1,14.2683,
2024-12-02 13:16:42,16,2,0,7.2472,
2024-12-02 13:16:43,20,2,1,7.2472,
2024-12-02 13:16:45,28,2,0,7.2472,2.0
2024-12-02 13:16:46,40,2,0,7.2472,2.0
2024-12-02 13:16:47,20,2,0,4.1163,2.0
2024-12-02 13:16:48,12,2,0,4.1163,2.0
2024-12-02 13:16:49,12,2,1,4.1163,2.0
2024-12-02 13:16:50,20,2,0,4.1163,2.0
2024-12-02 13:16:51,18,2,0,4.1163,2.0
2024-12-02 13:16:52,10,2,0,4.1163,2.0
2024-12-02 13:16:53,22,2,0,4.1163,2.0
2024-12-02 13:16:54,24,2,1,4.1163,2.0
2024-12-02 13:16:55,20,2,1,4.1163,2.0
2024-12-02 13:16:56,14,2,1,4.1163,2.0
2024-12-02 13:16:58,12,2,1,4.1163,2.0
2024-12-02 13:17:04,26,2,1,3.1466,2.0
2024-12-02 13:17:06,54,2,1,3.1466,2.0
2024-12-02 13:17:07,20,2,1,3.1466,2.0
2024-12-02 13:17:08,20,2,1,3.1466,2.0
2024-12-02 13:17:09,10,2,1,3.1466,2.0
2024-12-02 13:17:10,38,2,1,3.1466,2.0
2024-12-02 13:17:12,16,2,1,3.1466,2.0
2024-12-02 13:17:13,6,2,1,3.1466,2.0
2024-12-02 13:17:14,28,2,1,12.4562,2.0
2024-12-02 13:17:15,28,2,1,12.4562,2.0
2024-12-02 13:17:30,14,2,1,3.9974,
2024-12-02 13:17:31,20,2,1,7.1715,
2024-12-02 13:17:32,18,2,1,7.1715,
2024-12-02 13:17:34,12,2,0,7.1715,2.0
2024-12-02 13:17:35,8,2,0,3.3634,2.0
2024-12-02 13:17:36,12,2,0,3.3634,2.0
2024-12-02 13:17:37,20,2,0,3.3634,2.0
2024-12-02 13:17:38,22,2,0,3.0165,2.0
2024-12-02 13:17:39,18,2,0,3.0165,2.0
2024-12-02 13:17:40,6,2,0,3.0165,2.0
2024-12-02 13:17:42,12,2,0,3.0165,2.0
2024-12-02 13:17:43,12,2,0,3.0165,2.0
2024-12-02 13:17:44,4,2,0,3.0165,
2024-12-02 13:17:45,18,2,1,3.0165,2.0
2024-12-02 13:17:47,8,2,1,3.0165,
2024-12-02 13:17:51,6,2,1,1.1007,2.0
2024-12-02 13:17:52,10,2,1,1.1007,2.0
2024-12-02 13:17:53,12,2,1,3.076,2.0
2024-12-02 13:17:54,6,2,1,3.076,2.0
2024-12-02 13:17:55,24,2,1,3.076,2.0
2024-12-02 13:17:58,6,2,1,3.076,2.0
2024-12-02 13:18:00,18,2,1,0.805,2.0
2024-12-02 13:18:03,18,2,1,0.805,2.0
2024-12-02 13:18:05,20,2,1,0.805,2.0
2024-12-02 13:18:06,6,2,1,0.805,2.0
2024-12-02 13:18:08,20,2,1,0.805,2.0
2024-12-02 13:18:09,22,2,1,0.805,2.0
2024-12-02 13:18:10,18,2,1,0.805,2.0
2024-12-02 13:18:12,20,2,1,0.805,2.0
2024-12-02 13:18:14,14,2,1,14.4344,1.98844
2024-12-02 13:18:15,16,2,1,14.4344,1.73644
2024-12-02 13:18:16,18,2,1,14.4344,
2024-12-02 13:18:17,10,2,0,14.4344,
2024-12-02 13:18:19,6,2,1,14.4344,
2024-12-02 13:18:22,10,2,1,14.4344,
2024-12-02 13:18:23,6,2,0,14.4344,
2024-12-02 13:18:25,4,2,1,14.4344,1.38373
2024-12-02 13:18:26,18,2,1,14.4344,1.49126
2024-12-02 13:18:27,6,2,1,14.4344,1.53648
2024-12-02 13:18:28,8,2,0,14.4344,1.58018
2024-12-02 13:18:32,6,2,0,14.4344,1.7581
2024-12-02 13:21:18,6,1,1,0.8182,1.90275
2024-12-02 13:21:24,12,2,1,0.8182,1.9533
2024-12-02 13:21:25,16,2,0,0.8182,1.96147
2024-12-02 13:21:27,18,2,1,0.8182,2.0
2024-12-02 13:21:29,6,2,1,0.8182,2.0
2024-12-02 13:21:30,20,2,0,0.8182,2.0
2024-12-02 13:21:31,18,2,0,0.8182,2.0
2024-12-02 13:21:32,14,2,1,0.8182,2.0
2024-12-02 13:21:33,20,2,1,17.3257,1.74434
2024-12-02 13:21:41,20,2,1,1.0582,
2024-12-02 13:21:43,18,2,1,1.0582,
2024-12-02 13:21:45,8,2,0,1.0582,1.79692
2024-12-02 13:21:46,20,2,0,1.0582,1.80376
2024-12-02 13:21:47,12,2,0,7.2587,1.77838
2024-12-02 13:21:48,6,2,0,7.2587,1.77708
2024-12-02 13:21:49,10,1,1,7.2587,1.77568
2024-12-02 13:21:52,28,2,1,3.3653,1.75626
2024-12-02 13:21:57,12,2,1,3.3653,1.75324
2024-12-02 13:21:58,4,0,1,3.3653,1.75264
2024-12-02 13:22:00,36,2,1,0.4886,1.81562
2024-12-02 13:22:01,6,2,1,0.4886,1.92793
2024-12-02 13:22:03,12,2,0,0.4886,1.93202
2024-12-02 13:22:04,6,2,0,4.2339,1.9187
2024-12-02 13:22:05,20,2,0,4.2339,
2024-12-02 13:22:06,6,1,1,4.2339,
2024-12-02 13:22:07,6,2,1,4.2339,
2024-12-02 13:22:12,12,2,1,4.2339,
2024-12-02 13:22:15,4,2,1,4.2339,1.93814
2024-12-02 13:22:16,6,2,1,4.2339,1.92999
2024-12-02 13:22:17,12,2,1,4.2339,1.92174
2024-12-02 13:22:18,8,2,0,4.2339,1.91338
2024-12-02 13:22:19,12,2,0,4.2339,1.90491
2024-12-02 13:22:20,6,2,0,4.2339,1.89633
2024-12-02 13:22:21,12,2,1,4.2339,1.88764
2024-12-02 13:22:22,20,2,1,4.2339,1.87883
2024-12-02 13:22:24,22,2,1,4.2339,1.86088
2024-12-02 13:22:25,24,2,1,4.2339,2.0
2024-12-02 13:22:26,18,2,1,4.2339,2.0
2024-12-02 13:22:27,6,2,1,4.2339,2.0
2024-12-02 13:22:28,6,2,0,24.1992,1.59186
2024-12-02 13:22:29,16,2,1,24.1992,1.67418
2024-12-02 13:22:31,10,2,1,24.1992,1.82903
2024-12-02 13:22:32,14,2,1,24.1992,1.90214
2024-12-02 13:22:33,12,2,1,24.1992,1.9727
2024-12-02 13:22:43,6,2,1,24.1992,2.0
2024-12-02 13:22:44,20,2,1,24.1992,2.0
2024-12-02 13:22:45,14,2,1,24.1992,2.0
2024-12-02 13:22:46,6,2,1,24.1992,2.0
2024-12-02 13:22:47,10,2,1,24.1992,2.0
2024-12-02 13:22:48,8,2,1,24.1992,2.0
2024-12-02 13:22:50,18,2,1,24.1992,2.0
2024-12-02 13:22:52,6,2,1,24.1992,
2024-12-02 13:23:01,4,2,1,24.1992,
2024-12-02 13:23:02,8,2,1,24.1992,
2024-12-02 13:23:03,12,2,1,24.1992,
2024-12-02 13:23:05,20,2,1,24.1992,2.0
2024-12-02 13:23:07,4,2,1,38.7778,2.0
2024-12-02 13:23:08,6,2,1,38.7778,2.0
2024-12-02 13:23:09,8,2,1,38.7778,2.0
2024-12-02 13:23:10,6,2,1,38.7778,2.0
2024-12-02 13:23:11,10,2,1,38.7778,2.0
2024-12-02 13:23:12,8,2,1,38.7778,2.0
2024-12-02 13:23:13,6,2,0,38.7778,2.0
2024-12-02 13:23:14,8,2,0,38.7778,2.0
2024-12-02 13:23:15,60,2,0,38.7778,2.0
2024-12-02 13:23:16,8,2,0,8.8294,2.0
2024-12-02 13:23:17,20,2,0,8.8294,
2024-12-02 13:23:18,14,2,0,8.8294,
2024-12-02 13:23:19,8,2,1,8.8294,
2024-12-02 13:23:20,18,2,1,8.8294,
2024-12-02 13:23:21,8,2,1,8.8294,
2024-12-02 13:23:22,6,2,1,8.8294,
2024-12-02 13:23:23,20,2,0,8.8294,
2024-12-02 13:23:24,10,2,0,8.8294,
2024-12-02 13:23:25,12,2,1,8.8294,
2024-12-02 13:23:26,8,2,0,8.8294,
2024-12-02 13:23:27,4,2,1,11.4982,
2024-12-02 13:23:28,6,2,1,11.4982,
2024-12-02 13:23:30,8,2,1,11.4982,2.0
2024-12-02 13:23:31,6,2,0,11.4982,2.0
2024-12-02 13:23:32,6,2,0,11.4982,2.0
2024-12-02 13:23:33,18,2,0,11.4982,2.0
2024-12-02 13:27:22,8,2,1,0.834,2.0
2024-12-02 13:27:23,6,2,0,0.834,2.0
2024-12-02 13:27:24,20,2,1,0.834,2.0
2024-12-02 13:27:43,6,0,1,2.3512,
2024-12-02 13:27:49,24,2,1,2.3512,2.0
2024-12-02 13:28:07,14,1,1,9.0331,2.0
2024-12-02 13:28:08,6,1,0,9.0331,2.0
2024-12-02 13:28:10,22,1,1,9.0331,2.0
2024-12-02 13:28:15,8,2,1,9.0331,2.0
2024-12-02 13:28:16,6,2,1,9.0331,2.0
2024-12-02 13:28:17,20,2,0,9.0331,2.0
2024-12-02 13:28:19,14,2,1,9.0331,
2024-12-02 13:28:20,24,2,1,9.0331,
2024-12-02 13:28:23,6,2,1,9.0331,
2024-12-02 13:28:25,18,2,1,9.0331,
2024-12-02 13:28:27,6,2,1,9.0331,2.0
2024-12-02 13:28:32,6,2,1,9.0331,1.91561
2024-12-02 13:28:37,18,2,1,9.0331,1.9543
2024-12-02 13:28:39,6,2,1,9.0331,1.95494
2024-12-02 13:28:41,6,2,1,9.0331,1.95558
2024-12-02 13:28:42,8,2,0,36.3332,1.26309
2024-12-02 13:28:43,20,2,0,36.3332,1.51285
2024-12-02 13:28:44,6,2,1,36.3332,1.73412
2024-12-02 13:28:55,10,2,1,36.3332,2.0
2024-12-02 13:28:56,20,2,0,36.3332,2.0
2024-12-02 13:28:57,4,2,0,36.3332,2.0
2024-12-02 13:28:59,6,2,0,36.3332,2.0
2024-12-02 13:29:03,18,2,0,36.3332,2.0
2024-12-02 13:29:08,18,2,1,36.3332,2.0
2024-12-02 13:29:09,10,2,0,36.3332,2.0
2024-12-02 13:29:10,20,2,0,36.3332,2.0
2024-12-02 13:29:11,12,2,0,36.3332,2.0
2024-12-02 13:29:12,6,2,0,36.3332,2.0
2024-12-02 13:29:13,20,0,0,36.3332,2.0
2024-12-02 13:29:16,6,2,1,36.3332,2.0
2024-12-02 13:29:17,6,2,1,36.3332,2.0
2024-12-02 13:29:18,6,2,1,36.3332,
2024-12-02 13:29:19,4,2,0,36.3332,
2024-12-02 13:29:20,6,2,0,36.3332,
2024-12-02 13:29:21,12,2,0,39.3285,
2024-12-02 13:29:28,8,2,1,39.3285,2.0
2024-12-02 13:29:30,8,2,0,39.3285,2.0
2024-12-02 13:29:31,6,2,0,39.3285,2.0
2024-12-02 13:29:32,6,2,0,39.3285,2.0
2024-12-02 13:29:35,6,2,1,39.3285,2.0
2024-12-02 13:29:41,20,0,1,39.3285,2.0
2024-12-02 13:29:44,6,2,1,39.3285,2.0
2024-12-02 13:29:46,6,2,1,39.3285,2.0
2024-12-02 13:29:55,4,2,1,39.3285,2.0
2024-12-02 13:29:56,6,2,1,39.3285,2.0
2024-12-02 13:30:05,6,2,1,39.3285,2.0
2024-12-02 13:30:07,10,2,1,39.3285,
2024-12-02 13:30:08,14,2,1,39.3285,
2024-12-02 13:30:09,8,2,1,39.3285,
2024-12-02 13:30:11,12,2,1,39.3285,
2024-12-02 13:30:12,8,2,0,39.3285,
2024-12-02 13:30:13,8,2,0,39.3285,
2024-12-02 13:30:14,18,2,0,39.3285,
2024-12-02 13:30:15,6,2,0,53.6478,
2024-12-02 13:30:16,8,2,1,53.6478,
2024-12-02 13:30:17,12,1,0,53.6478,
2024-12-02 13:30:18,22,1,1,3.3894,
2024-12-02 13:30:19,6,2,1,3.3894,
2024-12-02 13:30:20,8,2,1,3.3894,
2024-12-02 13:30:23,8,1,1,3.3894,
2024-12-02 13:39:08,6,2,1,0.9216,2.0
2024-12-02 13:39:09,10,0,1,0.4011,2.0
2024-12-02 13:39:10,16,2,1,0.4011,2.0
2024-12-02 13:39:11,6,0,0,2.3743,2.0
2024-12-02 13:39:58,10,2,1,0.927,2.0
2024-12-02 13:39:59,6,2,1,0.927,2.0
2024-12-02 13:40:00,6,2,0,0.927,2.0
2024-12-02 13:40:01,8,2,0,0.927,2.0
2024-12-02 13:40:02,14,2,1,0.927,2.0
2024-12-02 13:40:03,8,2,0,0.927,2.0
2024-12-02 13:40:04,8,2,1,0.927,2.0
2024-12-02 13:40:05,6,2,1,0.927,2.0
2024-12-02 13:40:08,12,2,1,0.927,2.0
2024-12-02 13:40:15,12,2,1,0.927,
2024-12-02 13:40:17,14,2,1,0.927,2.0
2024-12-02 13:40:35,14,2,0,0.927,
2024-12-02 13:40:37,6,2,1,0.927,1.94459
2024-12-02 13:40:40,8,2,1,0.927,
2024-11-20 13:06:01,6,1,1,,
2024-11-20 13:06:04,12,1,1,,
2024-11-20 13:06:05,14,2,0,,
2024-11-20 13:06:08,38,1,1,,
2024-11-20 13:06:09,16,1,1,,
2024-11-20 13:06:10,20,1,1,,
2024-11-20 13:06:11,38,0,1,,
2024-11-20 13:06:12,30,0,1,,
2024-11-20 13:06:13,12,2,1,,
2024-11-20 13:06:14,34,1,1,,
2024-11-20 13:06:24,8,2,1,,
2024-11-20 13:06:25,34,1,0,,
2024-11-20 13:06:26,8,2,1,,
2024-11-20 13:06:29,38,2,1,,
2024-11-20 13:06:30,18,1,1,,
2024-11-20 13:06:32,18,2,1,,
2024-11-20 13:06:34,12,2,1,,
2024-11-20 13:06:35,20,0,1,,
2024-11-20 13:06:36,24,1,1,,
2024-11-20 13:06:37,32,2,1,,
2024-11-20 13:06:38,28,2,1,,
2024-11-20 13:07:23,8,1,1,,
2024-11-20 13:07:26,12,1,1,,
2024-11-20 13:07:28,20,1,1,,
2024-11-20 13:07:29,20,1,1,,
2024-11-20 13:07:30,14,1,1,,
2024-11-20 13:07:31,20,1,1,,
2024-11-20 13:07:32,20,1,1,,
2024-11-20 13:07:33,18,1,1,,
2024-11-20 13:07:34,20,2,1,,
2024-11-20 13:07:35,18,1,1,,
2024-11-20 13:07:36,18,1,1,,
2024-11-20 13:07:37,18,1,1,,
2024-11-20 13:07:39,24,2,1,,
2024-11-20 13:07:47,12,0,1,,
2024-11-20 13:07:49,20,1,1,,
2024-11-20 13:07:52,10,2,1,,
2024-11-20 13:07:58,14,1,1,,
2024-11-20 13:07:59,14,0,1,,
2024-11-20 13:08:00,12,1,1,,
2024-11-20 13:08:02,12,1,1,,
2024-11-20 13:08:05,6,1,1,,
2024-11-20 13:08:06,12,1,1,,
2024-11-20 13:08:07,12,1,1,,
2024-11-20 13:08:08,12,1,1,,
2024-11-20 13:08:12,12,1,1,,
2024-11-20 13:08:13,12,2,1,,
2024-11-20 13:08:21,8,1,1,,
2024-11-20 13:08:22,12,1,1,,
2024-11-20 13:08:23,8,1,1,,
2024-11-20 13:08:24,12,0,1,,
2024-11-20 13:08:25,12,0,1,,
2024-11-20 13:08:26,6,1,1,,
2024-11-20 13:08:29,12,2,1,,
2024-11-20 13:08:33,10,2,1,,
2024-11-20 13:08:34,12,1,1,,
2024-11-20 13:08:35,12,0,1,,
2024-11-20 13:08:36,8,1,1,,
2024-11-20 13:08:37,6,2,1,,
2024-11-20 13:08:39,12,1,1,,
2024-11-20 13:08:40,6,1,1,,
2024-11-20 13:08:41,12,1,1,,
2024-11-20 13:08:57,12,2,1,,
2024-11-20 13:08:58,10,2,1,,
2024-11-20 13:09:01,12,1,1,,
2024-11-20 13:09:02,8,1,1,,
2024-11-20 13:09:03,10,2,1,,
2024-11-20 13:09:04,12,1,1,,
2024-11-20 13:09:05,6,1,1,,
2024-11-20 13:09:06,10,1,1,,
2024-11-20 13:09:07,12,2,1,,
2024-11-20 13:09:08,20,2,0,,
2024-11-20 13:09:09,12,2,1,,
2024-11-20 13:09:10,12,1,1,,
2024-11-20 13:09:11,20,2,1,,
2024-11-20 13:09:12,16,1,1,,
2024-11-20 13:09:13,18,1,1,,
2024-11-20 13:09:14,14,1,1,,
2024-11-20 13:09:15,6,0,1,,
2024-11-20 13:09:16,12,2,1,,
2024-11-20 13:09:17,10,2,1,,
2024-11-20 13:09:18,6,1,1,,
2024-11-20 13:09:19,12,1,1,,
2024-11-20 13:09:20,14,1,1,,
2024-11-20 13:09:21,16,1,1,,
2024-11-20 13:09:22,12,2,1,,
2024-11-20 13:09:23,14,1,1,,
2024-11-20 13:18:40,56,2,1,,
2024-11-20 13:21:29,12,1,1,,
2024-11-20 13:22:23,12,1,0,,
2024-11-20 13:22:24,10,1,0,,
2024-11-20 13:22:25,6,1,1,,
2024-11-20 13:25:17,12,1,1,,
2024-11-20 13:26:39,8,1,1,,
2024-11-20 13:28:32,6,1,1,,
2024-11-20 13:28:33,6,1,1,,
2024-11-20 13:28:34,10,1,1,,
2024-11-20 13:28:35,4,1,1,,
2024-11-20 13:28:36,6,2,0,,
2024-11-20 13:28:37,10,2,0,,
2024-11-20 13:28:38,6,1,1,,
2024-11-20 13:28:39,4,1,1,,
2024-11-20 13:28:40,6,2,1,,
2024-11-20 13:28:41,4,1,1,,
2024-11-20 13:28:42,6,2,1,,
2024-11-20 13:28:43,6,1,0,,
2024-11-20 13:28:44,6,1,1,,
2024-11-20 13:28:45,6,2,1,,
2024-11-20 13:28:46,6,2,1,,
2024-11-20 13:28:47,14,2,0,,
2024-11-20 13:28:48,14,1,1,,
2024-11-20 13:28:49,10,1,1,,
2024-11-20 13:28:52,18,1,1,,
2024-11-20 13:28:56,20,2,1,,
2024-11-20 13:28:59,6,2,1,,
2024-11-20 13:29:00,4,2,1,,
2024-11-20 13:29:12,12,1,1,,
2024-11-20 13:29:14,10,2,1,,
2024-11-20 13:29:31,12,2,1,,
2024-11-20 13:29:32,14,2,1,,
2024-11-20 13:29:33,6,2,1,,
2024-11-20 13:29:37,12,2,1,,
2024-11-20 13:29:38,6,2,1,,
2024-11-20 13:29:39,12,2,1,,
2024-11-20 13:29:40,12,1,0,,
2024-11-20 13:29:41,12,1,1,,
2024-11-20 13:29:42,10,2,1,,
2024-11-20 13:29:43,10,2,1,,
2024-11-20 13:32:38,6,1,1,,
2024-11-20 13:32:39,8,2,0,,
2024-11-20 13:32:42,12,0,1,,
2024-11-20 13:32:43,6,1,1,,
2024-11-20 13:35:02,20,2,1,,
2024-11-20 13:35:03,18,2,1,,
2024-11-20 13:35:04,46,2,1,,
2024-11-20 13:35:05,12,1,1,,
2024-11-20 13:35:06,6,0,1,,
2024-11-20 13:35:07,60,0,1,,
2024-11-20 13:35:08,14,2,1,,
2024-11-20 13:36:35,34,2,1,,
2024-11-20 13:38:27,10,1,1,,
2024-11-20 13:38:28,12,2,0,,
2024-11-20 13:38:29,6,1,1,,
2024-11-20 13:38:30,8,1,1,,
2024-11-20 13:38:31,42,0,1,,
2024-11-20 13:38:55,6,1,1,,
2024-11-20 13:42:33,12,1,1,,
2024-11-20 13:42:34,8,2,0,,
2024-11-20 13:42:35,16,1,1,,
2024-11-20 13:42:36,12,2,0,,
2024-11-20 13:42:37,20,2,1,,
2024-11-27 10:35:10,10,2,1,,
2024-11-27 10:35:21,10,2,1,,
2024-11-27 10:35:23,6,2,1,,
2024-11-27 10:35:31,8,2,1,,
2024-11-27 10:35:33,14,2,1,,
2024-11-27 10:35:34,12,2,0,,
2024-11-27 10:35:35,12,1,1,,
2024-11-27 10:35:36,6,2,1,,
2024-11-27 10:37:43,14,2,1,,
2024-11-27 10:37:44,12,1,1,,
2024-11-27 10:37:45,6,1,1,,
2024-11-27 10:37:46,10,2,1,,
2024-11-27 10:37:51,12,2,1,,
2024-11-27 10:37:52,12,1,1,,
2024-11-27 10:37:53,20,1,1,,
2024-11-27 10:37:54,16,2,1,,
2024-11-27 10:37:55,20,1,1,,
2024-11-27 10:37:58,12,2,1,,
2024-11-27 10:37:59,12,2,1,,
2024-11-27 10:38:00,10,2,1,,
2024-11-27 10:38:01,12,1,1,,
2024-11-27 10:38:02,14,0,1,,
2024-11-27 10:38:03,14,2,0,,
2024-11-27 10:38:04,12,2,1,,
2024-11-27 10:38:05,10,2,1,,
2024-11-27 10:38:06,12,1,1,,
2024-11-27 10:38:07,20,1,1,,
2024-11-27 10:38:08,14,1,1,,
2024-11-27 10:38:09,22,2,0,,
2024-11-27 10:38:10,18,1,1,,
2024-11-27 10:38:11,20,1,0,,
2024-11-27 10:38:13,14,2,1,,
2024-11-27 10:38:14,20,2,1,,
2024-11-27 10:38:21,20,1,1,,
2024-11-27 10:38:22,20,2,1,,
2024-11-27 10:38:23,12,2,1,,
2024-11-27 10:38:24,24,2,1,,
2024-11-27 10:38:25,20,1,1,,
2024-11-27 10:38:26,16,2,1,,
2024-11-27 10:38:29,14,2,1,,
2024-11-27 10:38:30,12,2,1,,
2024-11-27 10:38:31,6,2,1,,
2024-11-27 10:38:47,12,2,1,,
2024-11-27 10:38:48,14,2,1,,
2024-11-27 10:38:49,12,1,0,,
2024-11-27 10:38:50,14,2,1,,
2024-11-27 10:38:51,14,2,1,,
2024-11-27 10:38:55,6,1,1,,
2024-11-27 10:38:56,6,2,1,,
2024-11-27 10:38:57,12,2,1,,
2024-11-27 10:38:58,6,2,1,,
2024-11-27 10:38:59,12,2,1,,
2024-11-27 10:39:00,10,2,1,,
2024-11-27 10:39:01,18,1,1,,
2024-11-27 10:39:15,6,2,1,,
2024-11-27 10:39:18,10,2,1,,
2024-11-27 10:39:19,10,1,1,,
2024-11-27 10:39:20,4,2,0,,
2024-11-27 10:39:58,6,2,1,,
2024-11-27 10:39:59,6,2,1,,
2024-11-27 10:40:00,6,2,1,,
2024-11-27 10:40:01,6,1,0,,
2024-11-27 10:40:14,8,2,1,,
2024-11-27 10:40:15,6,2,0,,
2024-11-27 10:40:36,8,2,1,,
2024-11-27 10:40:40,18,2,1,,
2024-11-27 10:40:43,22,1,1,,
2024-11-27 10:40:45,18,2,1,,
2024-11-27 10:41:00,12,2,1,,
2024-11-27 10:41:03,14,2,1,,
2024-11-27 10:42:36,4,2,1,,
2024-11-27 10:42:38,6,2,1,,
2024-11-27 10:42:39,6,2,1,,
2024-11-27 10:42:46,6,2,1,,
2024-11-27 10:42:47,4,2,1,,
2024-11-27 10:42:49,6,2,1,,
2024-11-27 10:42:50,4,2,1,,
2024-11-27 10:42:52,12,1,1,,
2024-11-27 10:43:16,12,2,1,,
2024-11-27 10:43:17,6,2,0,,
2024-11-27 10:43:18,8,2,1,,
2024-11-27 10:43:19,6,2,1,,
2024-11-27 10:43:20,10,2,1,,
2024-11-27 10:43:21,6,2,0,,
2024-11-27 10:43:23,6,2,1,,
2024-11-27 10:43:27,16,1,1,,
2024-11-27 10:43:28,6,1,1,,
2024-11-27 10:43:29,6,2,1,,
2024-11-27 10:43:30,20,2,1,,
2024-11-27 10:43:31,6,2,1,,
2024-11-27 10:43:32,6,2,1,,
2024-11-27 10:43:33,6,2,1,,
2024-11-27 10:43:34,8,2,1,,
2024-11-27 10:43:35,8,2,1,,
2024-11-27 10:43:36,6,1,1,,
2024-11-27 10:43:37,10,1,1,,
2024-11-27 10:43:43,6,2,1,,
2024-11-27 10:43:44,6,2,1,,
2024-11-27 10:43:50,6,2,1,,
2024-11-27 10:43:54,6,2,1,,
2024-11-27 10:43:55,6,2,1,,
2024-11-27 10:43:56,8,2,1,,
2024-11-27 10:43:57,12,2,1,,
2024-11-27 10:43:58,8,1,1,,
2024-11-27 10:43:59,12,2,1,,
2024-11-27 10:44:00,12,2,1,,
2024-11-27 10:44:01,10,2,1,,
2024-11-27 10:44:03,6,1,1,,
2024-11-27 10:44:04,6,2,1,,
2024-11-27 10:44:05,6,2,1,,
2024-11-27 10:44:06,8,2,1,,
2024-11-27 10:44:07,10,2,1,,
2024-11-27 10:44:08,4,2,1,,
2024-11-27 10:44:09,6,2,1,,
2024-11-27 10:44:10,8,2,1,,
2024-11-27 10:44:17,6,2,1,,
2024-11-27 10:45:53,10,2,1,,
2024-11-27 10:46:38,12,2,1,,
2024-11-27 10:47:46,12,2,1,,
2024-11-27 10:47:47,20,2,0,,
2024-11-27 10:47:48,20,2,1,,
2024-11-27 10:47:49,18,2,1,,
2024-11-27 10:47:50,12,2,1,,
2024-11-27 10:47:51,12,2,1,,
2024-11-27 10:47:52,16,2,1,,
2024-11-27 10:47:53,12,2,1,,
2024-11-27 10:47:54,16,2,1,,
2024-11-27 10:47:55,16,2,1,,
2024-11-27 10:47:56,10,2,1,,
2024-11-27 10:47:57,12,2,1,,
2024-11-27 10:47:58,12,2,1,,
2024-11-27 10:47:59,14,2,1,,
2024-11-27 10:48:00,14,2,1,,
2024-11-27 10:48:02,14,2,1,,
2024-11-27 10:48:03,14,2,0,,
2024-11-27 10:48:04,12,2,1,,
2024-11-27 10:48:05,12,2,1,,
2024-11-27 10:48:06,10,2,1,,
2024-11-27 10:48:07,6,2,1,,
2024-11-27 10:48:08,12,2,1,,
2024-11-27 10:48:13,6,2,1,,
2024-11-27 10:48:14,10,2,1,,
2024-11-27 10:48:15,10,2,1,,
2024-11-27 10:48:16,6,2,1,,
2024-11-27 10:48:17,10,2,1,,
2024-11-27 10:48:18,10,2,1,,
2024-11-27 10:48:19,10,2,1,,
2024-11-27 10:48:20,8,2,1,,
2024-11-27 10:48:21,12,2,1,,
2024-11-27 10:48:22,12,2,1,,
2024-11-27 10:48:23,10,2,1,,
2024-11-27 10:48:24,12,2,1,,
2024-11-27 10:48:25,6,2,1,,
2024-11-27 10:48:26,6,2,1,,
2024-11-27 10:48:27,10,2,1,,
2024-11-27 10:48:28,10,2,1,,
2024-11-27 10:48:29,8,2,1,,
2024-11-27 10:48:30,10,2,1,,
2024-11-27 10:48:33,8,2,1,,
2024-11-27 10:48:35,12,2,1,,
2024-11-27 10:48:37,10,2,1,,
2024-11-27 10:48:39,14,2,1,,
2024-11-27 10:48:40,10,2,1,,
2024-11-27 10:48:41,12,2,1,,
2024-11-27 10:48:42,4,2,1,,
2024-11-27 10:48:43,10,2,1,,
2024-11-27 10:48:44,14,2,1,,
2024-11-27 10:48:45,8,2,1,,
2024-11-27 10:48:46,8,2,1,,
2024-11-27 10:48:47,6,2,1,,
2024-11-27 10:48:48,6,2,1,,
2024-11-27 10:48:49,8,2,1,,
2024-11-27 10:48:50,10,2,1,,
2024-11-27 10:48:51,8,1,1,,
2024-11-27 10:48:59,56,0,1,,
2024-11-27 10:49:50,6,2,1,,
2024-11-27 10:50:06,14,2,1,,
2024-11-27 10:51:24,14,2,1,,
2024-11-27 10:51:26,12,2,1,,
2024-11-27 10:51:27,20,1,1,,
2024-11-27 10:51:28,20,2,1,,
2024-11-27 10:51:29,14,2,1,,
2024-11-27 10:51:30,14,2,1,,
2024-11-27 10:51:31,18,2,1,,
2024-11-27 10:51:32,12,2,1,,
2024-11-27 10:51:33,12,2,1,,
2024-11-27 10:51:34,10,2,1,,
2024-11-27 10:51:35,14,2,1,,
2024-11-27 10:51:45,8,2,1,,
2024-11-27 10:51:49,14,2,1,,
2024-11-27 10:52:01,12,2,1,,
2024-11-27 10:52:06,20,2,1,,
2024-11-27 10:52:14,12,2,1,,
2024-11-27 10:52:15,10,2,1,,
2024-11-27 10:52:16,12,2,1,,
2024-11-27 10:52:17,18,2,1,,
2024-11-27 10:52:19,20,2,1,,
2024-11-27 10:52:20,20,2,1,,
2024-11-27 10:52:21,6,2,1,,
2024-11-27 10:52:22,20,2,1,,
2024-11-27 10:52:23,12,2,1,,
2024-11-27 10:52:24,14,2,1,,
2024-11-27 10:52:35,12,2,1,,
2024-11-27 10:52:36,14,1,1,,
2024-11-27 10:52:41,14,1,1,,
2024-11-27 10:52:42,12,1,1,,
2024-11-27 10:52:43,12,2,1,,
2024-11-27 10:52:44,12,1,1,,
2024-11-27 10:52:48,12,1,1,,
2024-11-27 10:52:49,10,2,1,,
2024-11-27 10:52:50,12,2,1,,
2024-11-27 10:52:51,12,1,1,,
2024-11-27 10:52:56,12,1,1,,
2024-11-27 10:52:57,10,0,1,,
2024-11-27 10:52:58,14,0,0,,
2024-11-27 10:52:59,14,2,1,,
2024-11-27 10:53:00,10,0,1,,
2024-11-27 10:53:01,12,0,1,,
2024-11-27 10:53:04,14,2,1,,
2024-11-27 10:53:05,14,2,0,,
2024-11-27 10:53:07,12,2,1,,
2024-11-27 10:53:08,8,0,1,,
2024-11-27 10:53:09,4,2,1,,
2024-11-27 10:53:10,14,1,1,,
2024-11-27 10:53:11,12,2,1,,
2024-11-27 10:53:12,14,2,1,,
2024-11-27 10:53:13,14,2,1,,
2024-11-27 10:53:14,14,2,1,,
2024-11-27 10:53:15,14,2,1,,
2024-11-27 10:53:16,12,2,1,,
2024-11-27 10:53:17,10,2,1,,
2024-11-27 10:53:18,6,2,1,,
2024-11-27 10:53:19,12,1,1,,
2024-11-27 10:53:20,12,1,1,,
2024-11-27 10:53:31,14,1,1,,
2024-11-27 10:53:34,12,2,1,,
2024-11-27 10:53:35,12,2,1,,
2024-11-27 10:53:39,4,2,1,,
2024-11-27 10:53:40,12,2,1,,
2024-11-27 10:53:44,14,2,1,,
2024-11-27 10:53:45,16,1,1,,
2024-11-27 10:53:51,16,2,1,,
2024-11-27 10:53:52,16,1,1,,
2024-11-27 10:53:53,22,0,1,,
2024-11-27 10:53:54,16,2,1,,
2024-11-27 10:53:55,6,2,1,,
2024-11-27 10:53:56,28,2,1,,
2024-11-27 10:53:57,16,1,1,,
2024-11-27 10:54:00,8,0,1,,
2024-11-27 10:54:03,12,1,1,,
2024-11-27 10:54:04,20,1,1,,
2024-11-27 10:54:05,16,1,1,,
2024-11-27 10:54:06,12,1,1,,
2024-11-27 10:54:07,16,2,1,,
2024-11-27 10:54:08,12,2,1,,
2024-11-27 10:54:11,16,1,1,,
2024-11-27 10:54:12,24,1,1,,
2024-11-27 10:54:13,22,1,1,,
2024-11-27 10:54:14,24,1,1,,
2024-11-27 10:54:15,22,1,1,,
2024-11-27 10:54:16,18,1,1,,
2024-11-27 10:54:17,4,2,1,,
2024-11-27 10:54:18,20,2,1,,
2024-11-27 10:54:19,14,2,1,,
2024-11-27 10:54:20,20,2,1,,
2024-11-27 10:54:21,18,2,1,,
2024-11-27 10:54:22,36,2,1,,
2024-11-27 10:54:23,20,2,1,,
2024-11-27 10:54:24,14,1,1,,
2024-11-27 10:54:25,18,1,1,,
2024-11-27 10:54:26,20,2,1,,
2024-11-27 10:54:27,16,1,1,,
2024-11-27 10:54:28,20,1,1,,
2024-11-27 10:54:29,12,1,1,,
2024-11-27 10:54:30,18,1,1,,
2024-11-27 10:54:31,12,2,1,,
2024-11-27 10:54:32,24,1,1,,
2024-11-27 10:54:33,18,1,1,,
2024-11-27 10:54:34,20,1,1,,
2024-11-27 10:54:35,18,1,1,,
2024-11-27 10:54:36,22,2,0,,
2024-11-27 10:54:37,16,2,1,,
2024-11-27 10:54:38,18,1,0,,
2024-11-27 10:54:39,20,2,1,,
2024-11-27 10:54:40,20,2,0,,
2024-11-27 10:54:41,12,2,1,,
2024-11-27 10:54:42,22,2,1,,
2024-11-27 10:54:43,22,1,1,,
2024-11-27 10:54:44,20,2,1,,
2024-11-27 10:54:45,22,2,1,,
2024-11-27 10:54:46,22,1,1,,
2024-11-27 10:54:47,18,2,0,,
2024-11-27 10:54:48,20,1,1,,
2024-11-27 10:54:49,20,2,1,,
2024-11-27 10:54:50,18,1,1,,
2024-11-27 10:54:51,18,1,1,,
2024-11-27 10:54:52,6,0,1,,
2024-11-27 10:54:53,20,1,1,,
2024-11-27 10:54:54,22,1,1,,
2024-11-27 10:54:55,20,2,1,,
2024-11-27 10:54:56,20,2,1,,
2024-11-27 10:54:57,12,1,1,,
2024-11-27 10:54:58,22,2,1,,
2024-11-27 10:54:59,18,1,1,,
2024-11-27 10:55:00,20,1,1,,
2024-11-27 10:55:01,18,2,0,,
2024-11-27 10:55:25,6,2,1,,
2024-11-27 10:55:26,8,2,0,,
2024-11-27 10:55:28,6,1,1,,
2024-11-27 10:55:29,4,2,1,,
2024-11-27 10:55:30,8,1,1,,
2024-11-27 10:55:37,12,1,1,,
2024-11-27 10:55:38,14,1,1,,
2024-11-27 10:55:39,14,1,1,,
2024-11-27 10:55:40,14,2,1,,
2024-11-27 10:55:41,20,2,1,,
2024-11-27 10:55:42,14,2,1,,
2024-11-27 10:55:43,12,1,1,,
2024-11-27 10:55:44,14,1,1,,
2024-11-27 10:55:45,18,2,1,,
2024-11-27 10:55:46,12,1,1,,
2024-11-27 10:55:47,20,1,1,,
2024-11-27 10:55:48,12,2,1,,
2024-11-27 10:55:49,14,2,1,,
2024-11-27 10:55:50,14,2,1,,
2024-11-27 10:55:51,20,1,1,,
2024-11-27 10:55:52,14,1,1,,
2024-11-27 10:55:53,12,1,1,,
2024-11-27 10:55:54,12,1,0,,
2024-11-27 10:55:55,12,1,1,,
2024-11-27 10:55:56,14,1,0,,
2024-11-27 10:55:57,14,1,1,,
2024-11-27 10:55:58,14,2,1,,
2024-11-27 10:55:59,14,1,0,,
2024-11-27 10:56:00,20,1,0,,
2024-11-27 10:56:01,12,1,0,,
2024-11-27 10:56:02,20,1,0,,
2024-11-27 10:56:03,18,2,1,,
2024-11-27 10:56:04,14,1,1,,
2024-11-27 10:56:05,16,2,0,,
2024-11-27 10:56:06,14,2,0,,
2024-11-27 10:56:07,12,2,1,,
2024-11-27 10:56:08,14,2,0,,
2024-11-27 10:56:09,14,2,1,,
2024-11-27 10:56:10,12,1,0,,
2024-11-27 10:56:11,20,2,0,,
2024-11-27 10:56:12,16,2,1,,
2024-11-27 10:56:13,20,2,0,,
2024-11-27 10:56:14,18,1,1,,
2024-11-27 10:56:15,12,2,1,,
2024-11-27 10:56:16,14,1,0,,
2024-11-27 10:56:17,16,2,0,,
2024-11-27 10:56:18,14,2,1,,
2024-11-27 10:56:39,6,2,1,,
2024-11-27 10:58:18,16,1,1,,
2024-11-27 10:58:19,20,2,1,,
2024-11-27 10:58:20,16,2,1,,
2024-11-27 10:58:21,18,2,1,,
2024-11-27 10:58:22,16,1,0,,
2024-11-27 10:58:23,14,1,0,,
2024-11-27 10:58:24,20,1,0,,
2024-11-27 10:58:25,12,2,0,,
2024-11-27 10:58:26,14,2,0,,
2024-11-27 10:58:27,14,1,1,,
2024-11-27 10:58:28,14,0,1,,
2024-11-27 10:58:29,20,2,1,,
2024-11-27 10:58:30,12,2,0,,
2024-11-27 10:58:31,12,1,0,,
2024-11-27 10:58:32,14,1,0,,
2024-11-27 10:58:33,14,2,1,,
2024-11-27 10:58:34,12,1,0,,
2024-11-27 10:58:35,14,1,0,,
2024-11-27 10:58:36,10,1,0,,
2024-11-27 10:58:37,14,2,1,,
2024-11-27 10:58:38,12,1,0,,
2024-11-27 10:58:39,14,1,1,,
2024-11-27 10:58:40,12,1,1,,
2024-11-27 10:58:41,14,1,0,,
2024-11-27 10:58:42,12,1,0,,
2024-11-27 10:58:43,14,1,0,,
2024-11-27 10:58:44,12,0,0,,
2024-11-27 10:58:45,16,1,0,,
2024-11-27 10:58:46,20,2,0,,
2024-11-27 10:58:47,20,2,0,,
2024-11-27 10:58:50,10,1,1,,
2024-11-27 10:58:51,12,1,0,,
2024-11-27 10:58:52,12,1,0,,
2024-11-27 10:58:53,14,2,1,,
2024-11-27 10:58:54,12,2,0,,
2024-11-27 10:58:55,12,2,0,,
2024-11-27 10:58:56,12,1,0,,
2024-11-27 10:58:57,12,1,0,,
2024-11-27 10:58:58,12,2,0,,
2024-11-27 10:58:59,12,2,0,,
2024-11-27 10:59:00,18,2,1,,
2024-11-27 10:59:01,16,2,0,,
2024-11-27 10:59:02,14,1,0,,
2024-11-27 10:59:03,12,2,0,,
2024-11-27 10:59:04,20,2,1,,
2024-11-27 10:59:05,14,2,1,,
2024-11-27 10:59:06,16,1,1,,
2024-11-27 10:59:07,10,2,1,,
2024-11-27 10:59:08,16,2,0,,
2024-11-27 10:59:09,12,1,1,,
2024-11-27 10:59:10,18,1,1,,
2024-11-27 10:59:11,12,1,0,,
2024-11-27 10:59:12,14,2,0,,
2024-11-27 10:59:13,12,1,0,,
2024-11-27 11:03:23,12,2,1,,
2024-11-27 11:03:24,12,1,0,,
2024-11-27 11:03:25,12,2,0,,
2024-11-27 11:03:26,18,1,0,,
2024-11-27 11:03:27,16,1,1,,
2024-11-27 11:03:28,20,1,0,,
2024-11-27 11:03:29,12,2,0,,
2024-11-27 11:03:30,6,0,0,,
2024-11-27 11:03:31,16,2,1,,
2024-11-27 11:03:32,16,2,0,,
2024-11-27 11:03:33,20,2,0,,
2024-11-27 11:03:34,20,1,0,,
2024-11-27 11:03:35,14,1,0,,
2024-11-27 11:03:36,18,1,1,,
2024-11-27 11:03:37,20,2,1,,
2024-11-27 11:03:38,20,2,1,,
2024-11-27 11:03:39,18,2,1,,
2024-11-27 11:03:40,16,2,0,,
2024-11-27 11:03:41,14,1,0,,
2024-11-27 11:03:42,12,1,1,,
2024-11-27 11:03:43,14,1,1,,
2024-11-27 11:03:44,12,2,0,,
2024-11-27 11:03:45,14,1,0,,
2024-11-27 11:03:46,12,1,1,,
2024-11-27 11:03:47,10,2,0,,
2024-11-27 11:03:48,10,1,0,,
2024-11-27 11:03:49,12,2,0,,
2024-11-27 11:03:50,12,1,0,,
2024-11-27 11:03:51,10,2,1,,
2024-11-27 11:03:52,12,2,0,,
2024-11-27 11:03:53,18,1,0,,
2024-11-27 11:03:54,4,2,0,,
2024-11-27 11:03:55,20,1,0,,
2024-11-27 11:03:56,12,2,0,,
2024-11-27 11:03:57,10,2,0,,
2024-11-27 11:03:58,14,1,0,,
2024-11-27 11:03:59,14,1,0,,
2024-11-27 11:04:00,12,1,0,,
2024-11-27 11:04:01,20,2,1,,
2024-11-27 11:04:02,10,2,1,,
2024-11-27 11:04:03,12,1,0,,
2024-11-27 11:04:04,14,1,0,,
2024-11-27 11:04:05,14,2,0,,
2024-11-27 11:04:06,18,2,0,,
2024-11-27 11:04:07,16,1,0,,
2024-11-27 11:04:08,12,2,0,,
2024-11-27 11:04:09,18,1,1,,
2024-11-27 11:04:10,14,2,1,,
2024-11-27 11:04:11,16,1,0,,
2024-11-27 11:04:12,16,1,1,,
2024-11-27 11:04:13,12,2,0,,
2024-11-27 11:04:14,14,2,0,,
2024-11-27 11:04:15,12,2,0,,
2024-11-27 11:04:16,16,1,0,,
2024-11-27 11:04:17,12,2,1,,
2024-11-27 11:04:18,14,2,1,,
2024-11-27 11:04:19,18,2,0,,
2024-11-27 11:04:20,14,1,0,,
2024-11-27 11:04:21,16,2,0,,
2024-11-27 11:04:22,14,2,1,,
2024-11-27 11:04:23,20,1,0,,
2024-11-27 11:04:24,14,2,0,,
2024-11-27 11:04:25,14,2,0,,
2024-11-27 11:04:26,16,1,0,,
2024-11-27 11:04:27,18,1,0,,
2024-11-27 11:04:28,18,2,0,,
2024-11-27 11:04:31,12,1,1,,
2024-11-27 11:04:33,14,1,1,,
2024-11-27 11:04:34,12,2,0,,
2024-11-27 11:04:35,20,2,1,,
2024-11-27 11:04:36,12,2,0,,
2024-11-27 11:04:37,12,1,0,,
2024-11-27 11:04:38,18,2,0,,
2024-11-27 11:04:39,20,2,0,,
2024-11-27 11:04:40,20,1,0,,
2024-11-27 11:04:41,12,2,1,,
2024-11-27 11:04:42,12,2,1,,
2024-11-27 11:04:43,14,2,1,,
2024-11-27 11:04:44,14,2,1,,
2024-11-27 11:04:45,16,2,1,,
2024-11-27 11:04:46,14,2,0,,
2024-11-27 11:04:47,12,1,0,,
2024-11-27 11:04:48,10,1,0,,
2024-11-27 11:04:49,12,2,1,,
2024-11-27 11:04:50,14,2,1,,
2024-11-27 11:04:51,12,2,1,,
2024-11-27 11:04:52,10,2,0,,
2024-11-27 11:04:53,12,1,0,,
2024-11-27 11:04:54,16,2,0,,
2024-11-27 11:04:55,12,2,0,,
2024-11-27 11:04:56,20,1,0,,
2024-11-27 11:04:57,20,0,1,,
2024-11-27 11:04:58,12,2,0,,
2024-11-27 11:04:59,20,2,0,,
2024-11-27 11:05:00,16,2,1,,
2024-11-27 11:05:01,14,2,0,,
2024-11-27 11:05:02,18,2,0,,
2024-11-27 11:05:03,20,2,0,,
2024-11-27 11:05:04,12,1,0,,
2024-11-27 11:05:05,12,1,0,,
2024-11-27 11:05:06,12,1,0,,
2024-11-27 11:05:07,18,1,0,,
2024-11-27 11:05:08,18,1,0,,
2024-11-27 11:05:09,12,0,0,,
2024-11-27 11:05:10,12,2,0,,
2024-11-27 11:05:11,14,0,0,,
2024-11-27 11:05:12,20,1,0,,
2024-11-27 11:05:13,12,1,0,,
2024-11-27 11:05:14,12,1,0,,
2024-11-27 11:05:15,14,2,0,,
2024-11-27 11:05:16,16,0,0,,
2024-11-27 11:05:17,16,1,1,,
2024-11-27 11:05:18,12,1,0,,
2024-11-27 11:05:19,12,1,0,,
2024-11-27 11:05:20,8,1,1,,
2024-11-27 11:05:21,10,2,1,,
2024-11-27 11:05:22,8,1,0,,
2024-11-27 11:05:23,8,2,0,,
2024-11-27 11:05:24,10,1,0,,
2024-11-27 11:05:25,14,2,1,,
2024-11-27 11:05:26,14,1,0,,
2024-11-27 11:05:27,10,2,0,,
2024-11-27 11:05:28,10,2,0,,
2024-11-27 11:05:29,10,1,0,,
2024-11-27 11:05:30,10,2,0,,
2024-11-27 11:05:31,12,2,1,,
2024-11-27 11:05:32,12,2,0,,
2024-11-27 11:05:33,10,2,1,,
2024-11-27 11:05:34,12,2,1,,
2024-11-27 11:05:35,12,2,1,,
2024-11-27 11:05:36,12,2,0,,
2024-11-27 11:05:37,10,2,0,,
2024-11-27 11:05:38,12,2,1,,
2024-11-27 11:05:39,12,2,0,,
2024-11-27 11:05:40,12,2,0,,
2024-11-27 11:05:41,12,2,1,,
2024-11-27 11:05:42,10,1,0,,
2024-11-27 11:05:43,6,2,0,,
2024-11-27 11:05:44,18,1,0,,
2024-11-27 11:05:45,10,2,0,,
2024-11-27 11:05:46,12,2,0,,
2024-11-27 11:05:47,12,2,1,,
2024-11-27 11:05:48,12,2,1,,
2024-11-27 11:05:49,12,1,1,,
2024-11-27 11:05:50,10,2,0,,
2024-11-27 11:05:51,12,2,0,,
2024-11-27 11:05:52,10,2,0,,
2024-11-27 11:15:01,10,1,1,,
2024-11-27 11:15:02,14,2,1,,
2024-11-27 11:15:12,20,2,1,,
2024-11-27 11:15:13,14,0,0,,
2024-11-27 11:15:14,18,1,1,,
2024-11-27 11:15:15,26,1,0,,
2024-11-27 11:15:16,18,1,1,,
2024-11-27 11:15:17,6,2,1,,
2024-11-27 11:15:18,12,2,1,,
2024-11-27 11:15:19,12,1,0,,
2024-11-27 11:15:20,12,2,0,,
2024-11-27 11:15:21,12,2,0,,
2024-11-27 11:15:22,12,2,0,,
2024-11-27 11:16:44,20,1,1,,
2024-11-27 11:16:45,14,1,1,,
2024-11-27 11:16:46,14,1,1,,
2024-11-27 11:16:47,20,2,1,,
2024-11-27 11:16:48,20,1,1,,
2024-11-27 11:16:49,12,2,1,,
2024-11-27 11:16:50,14,1,1,,
2024-11-27 11:16:51,12,2,1,,
2024-11-27 11:16:52,36,0,1,,
2024-11-27 11:16:53,24,2,1,,
2024-11-27 11:16:54,12,1,0,,
2024-11-27 11:16:55,12,2,0,,
2024-11-27 11:16:56,18,0,0,,
2024-11-27 11:16:57,20,2,1,,
2024-11-27 11:16:58,16,0,0,,
2024-11-27 11:16:59,16,1,1,,
2024-11-27 11:17:00,14,0,0,,
2024-11-27 11:17:01,16,0,0,,
2024-11-27 11:17:02,18,1,0,,
2024-11-27 11:17:03,12,0,0,,
2024-11-27 11:17:04,14,1,0,,
2024-11-27 11:17:05,22,0,1,,
2024-11-27 11:17:06,14,1,1,,
2024-11-27 11:17:07,14,1,0,,
2024-11-27 11:17:08,8,2,0,,
2024-11-27 11:17:09,20,1,1,,
2024-11-27 11:17:10,12,0,0,,
2024-11-27 11:17:11,16,1,0,,
2024-11-27 11:17:12,20,2,1,,
2024-11-27 11:17:13,20,1,1,,
2024-11-27 11:17:14,16,1,0,,
2024-11-27 11:17:15,6,1,1,,
2024-11-27 11:17:16,12,2,1,,
2024-11-27 11:17:17,6,2,1,,
2024-11-27 11:17:18,12,1,1,,
2024-11-27 11:17:19,12,2,1,,
2024-11-27 11:17:20,14,2,1,,
2024-11-27 11:17:21,12,1,1,,
2024-11-27 11:17:26,12,0,1,,
2024-11-27 11:17:27,14,1,1,,
2024-11-27 11:17:28,18,1,1,,
2024-11-27 11:17:29,14,2,1,,
2024-11-27 11:17:30,16,1,0,,
2024-11-27 11:17:31,12,0,1,,
2024-11-27 11:17:32,12,2,1,,
2024-11-27 11:17:33,18,1,1,,
2024-11-27 11:17:34,12,1,1,,
2024-11-27 11:17:35,12,1,0,,
2024-11-27 11:17:36,12,2,1,,
2024-11-27 11:17:37,16,2,0,,
2024-11-27 11:17:38,14,2,1,,
2024-11-27 11:17:39,12,1,1,,
2024-11-27 11:17:40,12,1,0,,
2024-11-27 11:17:41,16,1,0,,
2024-11-27 11:17:42,20,2,0,,
2024-11-27 11:17:43,14,2,0,,
2024-11-27 11:17:44,12,1,0,,
2024-11-27 11:17:45,14,1,1,,
2024-11-27 11:17:46,20,1,0,,
2024-11-27 11:17:47,14,0,1,,
2024-11-27 11:17:48,18,0,1,,
2024-11-27 11:17:49,20,0,1,,
2024-11-27 11:17:50,14,1,1,,
2024-11-27 11:17:51,12,1,1,,
2024-11-27 11:17:52,12,2,1,,
2024-11-27 11:17:54,6,1,1,,
2024-11-27 11:17:55,6,0,1,,
2024-11-27 11:17:56,12,1,1,,
2024-11-27 11:17:58,16,1,1,,
2024-11-27 11:17:59,14,1,1,,
2024-11-27 11:18:00,16,1,1,,
2024-11-27 11:18:01,12,1,1,,
2024-11-27 11:18:02,14,2,1,,
2024-11-27 11:18:03,6,2,1,,
2024-11-27 11:18:04,14,1,1,,
2024-11-27 11:18:05,14,1,0,,
2024-11-27 11:18:06,14,2,1,,
2024-11-27 11:18:07,12,2,1,,
2024-11-27 11:18:08,20,2,0,,
2024-11-27 11:18:09,14,2,0,,
2024-11-27 11:18:10,16,2,0,,
2024-11-27 11:18:11,14,2,0,,
2024-11-27 11:21:23,24,2,1,,
2024-11-27 11:21:24,18,2,0,,
2024-11-27 11:21:25,18,1,1,,
2024-11-27 11:21:26,18,2,1,,
2024-11-27 11:21:27,20,1,1,,
2024-11-27 11:21:28,18,2,1,,
2024-11-27 11:21:29,16,2,1,,
2024-11-27 11:21:30,14,2,0,,
2024-11-27 11:21:31,14,2,0,,
2024-11-27 11:21:32,14,1,1,,
2024-11-27 11:21:33,14,2,1,,
2024-11-27 11:21:34,8,0,1,,
2024-11-27 11:21:35,16,2,1,,
2024-11-27 11:21:36,12,0,1,,
2024-11-27 11:21:37,12,1,1,,
2024-11-27 11:21:38,14,2,1,,
2024-11-27 11:21:39,14,0,1,,
2024-11-27 11:21:40,12,1,1,,
2024-11-27 11:21:41,20,1,1,,
2024-11-27 11:21:42,20,1,1,,
2024-11-27 11:21:43,18,2,1,,
2024-11-27 11:21:44,12,1,1,,
2024-11-27 11:21:45,14,0,1,,
2024-11-27 11:22:52,12,2,1,,
2024-11-27 11:22:55,8,2,1,,
2024-11-27 11:22:56,8,2,1,,
2024-11-27 11:22:57,14,2,1,,
2024-11-27 11:22:58,12,1,1,,
2024-11-27 11:22:59,12,1,0,,
2024-11-27 11:23:00,12,2,1,,
2024-11-27 11:23:01,10,1,0,,
2024-11-27 11:23:02,18,0,1,,
2024-11-27 11:23:03,18,0,1,,
2024-11-27 11:23:04,12,1,0,,
2024-11-27 11:23:05,12,1,0,,
2024-11-27 11:23:06,14,1,0,,
2024-11-27 11:23:07,12,1,1,,
2024-11-27 11:23:08,14,1,0,,
2024-11-27 11:23:09,12,1,0,,
2024-11-27 11:23:10,12,1,0,,
2024-11-27 11:23:11,6,1,1,,
2024-11-27 11:23:12,14,1,0,,
2024-11-27 11:23:13,12,1,0,,
2024-11-27 11:23:14,8,1,0,,
2024-11-27 11:23:15,10,2,0,,
2024-11-27 11:23:16,12,1,1,,
2024-11-27 11:23:18,18,0,1,,
2024-11-27 11:23:19,12,2,1,,
2024-11-27 11:23:20,6,0,1,,
2024-11-27 11:23:21,12,0,1,,
2024-11-27 11:23:22,12,1,0,,
2024-11-27 11:23:23,18,1,0,,
2024-11-27 11:23:24,14,2,1,,
2024-11-27 11:23:25,12,1,1,,
2024-11-27 11:23:26,18,1,1,,
2024-11-27 11:23:27,14,1,1,,
2024-11-27 11:23:28,12,1,0,,
2024-11-27 11:23:29,20,0,0,,
2024-11-27 11:23:30,6,1,1,,
2024-11-27 11:23:31,8,1,0,,
2024-11-27 11:23:32,12,2,0,,
2024-11-27 11:23:33,14,1,1,,
2024-11-27 11:23:34,12,1,1,,
2024-11-27 11:23:35,14,1,1,,
2024-11-27 11:23:36,16,0,0,,
2024-11-27 11:23:37,12,1,1,,
2024-11-27 11:23:41,20,1,1,,
2024-11-27 11:23:42,12,1,1,,
2024-11-27 11:23:43,12,2,0,,
2024-11-27 11:23:44,14,2,0,,
2024-11-27 11:23:45,12,1,0,,
2024-11-27 11:23:46,14,1,0,,
2024-11-27 11:23:47,10,1,0,,
2024-11-27 11:23:48,16,1,0,,
2024-11-27 11:23:49,14,1,0,,
2024-11-27 11:23:50,14,2,0,,
2024-11-27 11:23:51,10,1,0,,
2024-11-27 11:23:52,8,1,0,,
2024-11-27 11:23:53,14,2,0,,
2024-11-27 11:23:54,12,1,1,,
2024-11-27 11:23:55,12,1,1,,
2024-11-27 11:23:56,14,0,1,,
2024-11-27 11:23:57,14,2,0,,
2024-11-27 11:23:58,8,1,0,,
2024-11-27 11:23:59,12,2,0,,
2024-11-27 11:24:00,12,2,0,,
2024-11-27 11:24:01,20,1,0,,
2024-11-27 11:24:02,20,1,0,,
2024-11-27 11:24:03,16,2,1,,
2024-11-27 11:24:05,16,1,1,,
2024-11-27 11:24:06,14,1,1,,
2024-11-27 11:24:07,12,2,0,,
2024-11-27 11:24:08,12,1,0,,
2024-11-27 11:24:09,14,1,0,,
2024-11-27 11:24:10,12,1,0,,
2024-11-27 11:24:11,6,1,1,,
2024-11-27 11:24:12,10,1,1,,
2024-11-27 11:24:13,10,1,1,,
2024-11-27 11:24:14,8,1,0,,
2024-11-27 11:24:15,10,2,0,,
2024-11-27 11:24:16,12,1,1,,
2024-11-27 11:24:17,8,0,0,,
2024-11-27 11:24:18,12,1,1,,
2024-11-27 11:24:19,10,1,0,,
2024-11-27 11:24:20,12,1,0,,
2024-11-27 11:24:21,12,2,1,,
2024-11-27 11:24:22,12,1,1,,
2024-11-27 11:24:23,12,1,1,,
2024-11-27 11:24:24,12,1,1,,
2024-11-27 11:24:25,8,0,1,,
2024-11-27 11:24:26,12,2,1,,
2024-11-27 11:24:27,14,1,1,,
2024-11-27 11:24:28,12,1,1,,
2024-11-27 11:24:29,10,0,0,,
2024-11-27 11:24:30,6,0,1,,
2024-11-27 11:24:31,12,1,0,,
2024-11-27 11:24:32,12,1,0,,
2024-11-27 11:24:33,18,1,0,,
2024-11-27 11:24:34,20,2,1,,
2024-11-27 11:24:35,16,2,1,,
2024-11-27 11:24:36,12,1,1,,
2024-11-27 11:24:37,10,1,0,,
2024-11-27 11:24:44,20,0,1,,
2024-11-27 11:24:45,20,1,0,,
2024-11-27 11:24:46,14,1,1,,
2024-11-27 11:24:47,20,1,1,,
2024-11-27 11:24:48,12,2,1,,
2024-11-27 11:24:49,20,2,1,,
2024-11-27 11:24:50,12,1,1,,
2024-11-27 11:24:51,14,1,0,,
2024-11-27 11:24:52,14,2,1,,
2024-11-27 11:24:53,14,1,0,,
2024-11-27 11:24:54,14,2,0,,
2024-11-27 11:24:55,14,1,0,,
2024-11-27 11:24:56,14,2,1,,
2024-11-27 11:24:57,12,1,0,,
2024-11-27 11:24:58,16,2,0,,
2024-11-27 11:24:59,12,2,0,,
2024-11-27 11:25:00,20,2,0,,
2024-11-27 11:25:01,20,0,0,,
2024-11-27 11:25:02,14,1,1,,
2024-11-27 11:25:03,16,2,1,,
2024-11-27 11:25:04,14,2,1,,
2024-11-27 11:25:05,12,1,1,,
2024-11-27 11:25:06,18,2,0,,
2024-11-27 11:25:07,18,1,0,,
2024-11-27 11:25:08,14,1,0,,
2024-11-27 11:25:09,14,1,0,,
2024-11-27 11:25:10,14,1,0,,
2024-11-27 11:25:11,12,1,0,,
2024-11-27 11:25:12,12,2,0,,
2024-11-27 11:25:13,18,1,0,,
2024-11-27 11:25:14,16,1,0,,
2024-11-27 11:25:15,12,1,0,,
2024-11-27 11:25:16,12,1,0,,
2024-11-27 11:25:17,14,1,0,,
2024-11-27 11:25:18,16,0,0,,
2024-11-27 11:25:19,14,2,0,,
2024-11-27 11:25:20,12,2,1,,
2024-11-27 11:25:21,12,1,1,,
2024-11-27 11:25:22,12,2,0,,
2024-11-27 11:25:23,6,1,1,,
2024-11-27 11:25:24,10,2,0,,
2024-11-27 11:25:25,14,0,1,,
2024-11-27 11:25:26,12,0,1,,
2024-11-27 11:25:27,6,1,1,,
2024-11-27 11:25:28,12,1,1,,
2024-11-27 11:25:29,12,1,1,,
2024-11-27 11:25:30,12,1,0,,
2024-11-27 11:25:31,14,1,0,,
2024-11-27 11:25:32,14,1,0,,
2024-11-27 11:25:33,20,2,1,,
2024-11-27 11:25:34,20,0,1,,
2024-11-27 11:25:35,16,1,1,,
2024-11-27 11:25:36,8,1,0,,
2024-11-27 11:32:28,6,2,1,,
2024-11-27 11:32:32,4,2,1,,
2024-11-27 11:32:34,4,1,0,,
2024-11-27 11:32:38,4,0,1,,
2024-11-27 11:32:43,10,2,1,,
2024-11-27 11:32:44,6,1,1,,
2024-11-27 11:32:45,8,2,1,,
2024-11-27 11:32:50,6,2,1,,
2024-11-27 11:32:51,10,2,1,,
2024-11-27 11:32:52,8,2,0,,
2024-11-27 11:32:53,6,2,1,,
2024-11-27 11:32:54,6,1,0,,
2024-11-27 11:32:55,6,2,1,,
2024-11-27 11:32:56,8,1,0,,
2024-11-27 11:32:57,10,1,0,,
2024-11-27 11:32:58,6,1,0,,
2024-11-27 11:32:59,6,2,1,,
2024-11-27 11:33:00,8,2,1,,
2024-11-27 11:33:01,8,1,0,,
2024-11-27 11:33:02,6,1,0,,
2024-11-27 11:33:03,8,1,0,,
2024-11-27 11:33:04,8,2,0,,
2024-11-27 11:33:05,10,1,0,,
2024-11-27 11:33:06,6,1,0,,
2024-11-27 11:33:07,8,2,0,,
2024-11-27 11:33:08,8,1,0,,
2024-11-27 11:33:09,6,1,0,,
2024-11-27 11:33:10,6,2,0,,
2024-11-27 11:33:11,6,1,0,,
2024-11-27 11:33:12,8,1,0,,
2024-11-27 11:33:13,8,1,0,,
2024-11-27 11:33:14,6,1,0,,
2024-11-27 11:33:15,6,2,0,,
2024-11-27 11:33:16,8,2,0,,
2024-11-27 11:33:17,6,2,0,,
2024-11-27 11:33:18,10,1,0,,
2024-11-27 11:33:20,6,1,0,,
2024-11-27 11:33:21,6,1,0,,
2024-11-27 11:33:22,10,2,0,,
2024-11-27 11:33:23,8,2,0,,
2024-11-27 11:33:24,8,2,0,,
2024-11-27 11:33:25,8,1,0,,
2024-11-27 11:33:26,6,2,0,,
2024-11-27 11:33:27,6,2,0,,
2024-11-27 11:33:28,6,2,0,,
2024-11-27 11:33:29,8,2,0,,
2024-11-27 11:33:30,6,2,0,,
2024-11-27 11:33:31,6,2,0,,
2024-11-27 11:33:32,6,2,0,,
2024-11-27 11:33:33,6,2,0,,
2024-11-27 11:33:34,6,1,0,,
2024-11-27 11:33:35,8,2,0,,
2024-11-27 11:33:36,6,2,0,,
2024-11-27 11:33:37,8,2,0,,
2024-11-27 11:33:38,6,2,0,,
2024-11-27 11:33:40,4,2,0,,
2024-11-27 11:33:41,4,2,1,,
2024-11-27 11:33:43,6,1,0,,
2024-11-27 11:33:44,4,2,0,,
2024-11-27 11:33:45,8,2,0,,
2024-11-27 11:33:46,6,1,0,,
2024-11-27 11:33:47,10,1,1,,
2024-11-27 11:33:48,6,1,1,,
2024-11-27 11:37:14,8,1,1,,
2024-11-27 11:37:17,6,1,1,,
2024-11-27 11:37:20,6,1,1,,
2024-11-27 11:37:21,6,2,0,,
2024-11-27 11:37:22,12,2,0,,
2024-11-27 11:37:23,8,1,0,,
2024-11-27 11:37:24,6,1,0,,
2024-11-27 11:37:25,6,2,0,,
2024-11-27 11:37:26,8,2,0,,
2024-11-27 11:37:30,6,2,1,,
2024-11-27 11:37:31,6,2,1,,
2024-11-27 11:37:33,6,2,1,,
2024-11-27 11:37:34,6,2,0,,
2024-11-27 11:37:35,8,1,0,,
2024-11-27 11:37:36,6,2,0,,
2024-11-27 11:37:37,4,2,0,,
2024-11-27 11:37:38,6,1,0,,
2024-11-27 11:37:39,6,2,0,,
2024-11-27 11:37:45,8,2,0,,
2024-11-27 11:37:47,6,2,0,,
2024-11-27 11:37:48,8,2,0,,
2024-11-27 11:37:49,8,2,0,,
2024-11-27 11:37:50,6,2,0,,
2024-11-27 11:37:52,6,2,1,,
2024-11-27 11:37:53,6,1,1,,
2024-11-27 11:37:54,8,1,1,,
2024-11-27 11:37:55,8,1,0,,
2024-11-27 11:37:56,8,1,1,,
2024-11-27 11:37:58,4,2,1,,
2024-11-27 11:37:59,6,2,0,,
2024-11-27 11:38:01,6,2,1,,
2024-11-27 11:38:03,8,2,0,,
2024-11-27 11:38:05,6,1,0,,
2024-11-27 11:38:06,6,2,0,,
2024-11-27 11:38:07,4,2,0,,
2024-11-27 11:38:13,8,2,0,,
2024-11-27 11:38:16,4,1,1,,
2024-11-27 11:38:17,12,1,1,,
2024-11-27 11:39:40,10,1,1,,
2024-11-27 11:39:41,6,1,1,,
2024-11-27 11:39:42,8,2,1,,
2024-11-27 11:39:46,4,1,1,,
2024-11-27 11:39:50,6,1,1,,
2024-11-27 11:40:20,6,2,1,,
2024-11-27 11:40:24,4,2,1,,
2024-11-27 11:40:38,4,2,1,,
2024-11-27 11:40:45,6,1,1,,
2024-11-27 11:40:46,6,2,0,,
2024-11-27 11:40:47,6,2,0,,
2024-11-27 11:40:48,6,1,0,,
2024-11-27 11:41:08,6,2,1,,
2024-11-27 11:41:09,4,2,1,,
2024-11-27 11:41:10,4,2,0,,
2024-11-27 11:41:11,4,1,1,,
2024-11-27 11:41:30,4,1,1,,
2024-11-27 11:45:14,10,1,1,,
2024-11-27 11:45:15,14,2,1,,
2024-11-27 11:45:16,16,1,0,,
2024-11-27 11:45:17,12,1,0,,
2024-11-27 11:45:18,8,2,1,,
2024-11-27 11:45:19,4,1,1,,
2024-11-27 11:45:20,8,1,1,,
2024-11-27 11:45:21,6,2,0,,
2024-11-27 11:45:28,4,1,0,,
2024-11-27 11:45:29,6,1,0,,
2024-11-27 11:45:30,8,1,0,,
2024-11-27 11:45:32,4,1,0,,
2024-11-27 11:45:33,8,1,0,,
2024-11-27 11:45:34,6,2,0,,
2024-11-27 11:45:35,4,1,0,,
2024-11-27 11:45:36,8,1,0,,
2024-11-27 11:45:37,6,1,0,,
2024-11-27 11:45:39,6,1,0,,
2024-11-27 11:45:40,6,2,0,,
2024-11-27 11:45:41,6,2,0,,
2024-11-27 11:45:42,8,2,0,,
2024-11-27 11:45:43,6,1,0,,
2024-11-27 11:45:44,8,2,0,,
2024-11-27 11:45:45,6,1,0,,
2024-11-27 11:45:46,6,1,0,,
2024-11-27 11:45:47,6,1,0,,
2024-11-27 11:45:48,6,1,0,,
2024-11-27 11:45:49,8,1,0,,
2024-11-27 11:45:50,8,2,0,,
2024-11-27 11:45:51,8,1,0,,
2024-11-27 11:45:52,4,2,0,,
2024-11-27 11:45:53,8,1,0,,
2024-11-27 11:45:54,6,1,0,,
2024-11-27 11:45:55,4,1,0,,
2024-11-27 11:45:56,6,2,0,,
2024-11-27 11:45:57,6,1,0,,
2024-11-27 11:45:58,8,2,1,,
2024-11-27 11:45:59,6,1,1,,
2024-11-27 11:46:00,6,1,1,,
2024-11-27 11:46:01,4,1,1,,
2024-11-27 11:46:02,6,1,1,,
2024-11-27 11:46:03,6,1,0,,
2024-11-27 11:46:04,6,1,0,,
2024-11-27 11:46:05,8,1,0,,
2024-11-27 11:46:06,6,1,0,,
2024-11-27 11:46:07,6,1,0,,
2024-11-27 11:46:08,10,1,0,,
2024-11-27 11:46:09,6,2,0,,
2024-11-27 11:46:10,8,1,0,,
2024-11-27 11:46:11,6,1,0,,
2024-11-27 11:46:12,6,1,0,,
2024-11-27 11:46:13,8,2,0,,
2024-11-27 11:46:14,6,2,0,,
2024-11-27 11:46:15,6,2,0,,
2024-11-27 11:46:16,8,2,0,,
2024-11-27 11:46:17,8,1,0,,
2024-11-27 11:46:18,6,2,0,,
2024-11-27 11:46:19,6,2,0,,
2024-11-27 11:46:20,6,2,0,,
2024-11-27 11:46:21,6,2,0,,
2024-11-27 11:46:22,8,2,0,,
2024-11-27 11:46:23,8,2,0,,
2024-11-27 11:46:24,6,1,0,,
2024-11-27 11:46:25,6,2,0,,
2024-11-27 11:46:26,8,2,0,,
2024-11-27 11:46:27,6,2,0,,
2024-11-27 11:49:14,6,1,1,,
2024-11-27 11:49:15,6,1,1,,
2024-11-27 11:49:16,6,1,0,,
2024-11-27 11:49:17,6,2,0,,
2024-11-27 11:49:22,6,2,1,,
2024-11-27 11:49:24,6,1,1,,
2024-11-27 11:49:26,8,1,1,,
2024-11-27 11:49:27,4,1,0,,
2024-11-27 11:49:28,8,1,1,,
2024-11-27 11:49:29,6,1,0,,
2024-11-27 11:49:30,6,2,0,,
2024-11-27 11:49:31,4,1,0,,
2024-11-27 11:49:33,6,1,0,,
2024-11-27 11:49:34,6,2,0,,
2024-11-27 11:49:35,6,2,0,,
2024-11-27 11:49:36,8,1,0,,
2024-11-27 11:49:37,6,1,0,,
2024-11-27 11:49:38,6,1,0,,
2024-11-27 11:49:39,4,1,0,,
2024-11-27 11:49:41,4,1,0,,
2024-11-27 11:49:42,6,2,0,,
2024-11-27 11:49:43,4,2,0,,
2024-11-27 11:49:45,4,1,0,,
2024-11-27 11:49:46,6,1,0,,
2024-11-27 11:49:47,6,1,0,,
2024-11-27 11:49:48,8,1,0,,
2024-11-27 11:49:49,6,1,0,,
2024-11-27 11:49:50,6,1,1,,
2024-11-27 11:49:51,6,2,0,,
2024-11-27 11:49:52,4,2,0,,
2024-11-27 11:49:53,6,1,0,,
2024-11-27 11:49:54,6,1,0,,
2024-11-27 11:49:55,6,1,0,,
2024-11-27 11:49:56,6,2,0,,
2024-11-27 11:49:57,6,1,0,,
2024-11-27 11:49:58,6,2,0,,
2024-11-27 11:49:59,8,1,0,,
2024-11-27 11:50:00,6,1,0,,
2024-11-27 11:50:01,6,1,1,,
2024-11-27 11:50:02,10,1,0,,
2024-11-27 11:50:03,6,1,0,,
2024-11-27 11:50:04,6,2,0,,
2024-11-27 11:50:05,4,2,0,,
2024-11-27 11:55:15,6,1,1,,
2024-11-27 11:55:16,12,1,0,,
2024-11-27 11:55:17,6,1,1,,
2024-11-27 11:55:18,12,2,0,,
2024-11-27 11:55:19,12,1,0,,
2024-11-27 11:55:20,12,1,1,,
2024-11-27 11:55:21,4,2,0,,
2024-11-27 11:55:22,6,2,0,,
2024-11-27 11:55:24,10,2,0,,
2024-11-27 11:55:25,8,2,0,,
2024-11-27 11:55:26,8,2,0,,
2024-11-27 11:55:27,8,2,0,,
2024-11-27 11:55:28,6,2,0,,
2024-11-27 11:55:29,6,2,0,,
2024-11-27 11:55:30,6,2,0,,
2024-11-27 11:55:31,6,1,0,,
2024-11-27 11:55:32,6,1,0,,
2024-11-27 11:55:33,6,1,0,,
2024-11-27 11:55:34,6,2,0,,
2024-11-27 11:55:35,6,2,0,,
2024-11-27 11:55:36,10,2,0,,
2024-11-27 11:55:37,8,2,0,,
2024-11-27 11:55:38,6,2,0,,
2024-11-27 11:55:39,6,2,0,,
2024-11-27 11:55:40,8,2,0,,
2024-11-27 11:55:41,8,2,0,,
2024-11-27 11:55:42,12,2,0,,
2024-11-27 11:55:43,8,2,0,,
2024-11-27 11:55:44,6,2,0,,
2024-11-27 11:55:45,8,2,0,,
2024-11-27 11:55:46,10,2,0,,
2024-11-27 11:55:47,10,2,0,,
2024-11-27 11:55:48,10,2,0,,
2024-11-27 11:55:49,8,2,0,,
2024-11-27 11:55:50,14,2,0,,
2024-11-27 11:55:51,6,2,0,,
2024-11-27 11:55:52,12,2,0,,
2024-11-27 11:55:53,10,2,0,,
2024-11-27 11:55:54,10,2,0,,
2024-11-27 11:55:55,8,2,0,,
2024-11-27 11:55:56,12,2,0,,
2024-11-27 11:55:57,8,2,0,,
2024-11-27 11:55:58,8,2,0,,
2024-11-27 11:58:33,6,2,1,,
2024-11-27 11:58:35,6,1,1,,
2024-11-27 11:58:36,8,1,1,,
2024-11-27 11:58:37,8,2,0,,
2024-11-27 11:58:38,6,1,0,,
2024-11-27 11:59:11,4,2,1,,
2024-11-27 12:01:14,4,2,1,,
2024-11-27 12:01:18,6,2,1,,
2024-11-27 12:01:25,6,2,1,,
2024-11-27 12:01:26,8,2,0,,
2024-11-27 12:01:27,6,2,0,,
2024-11-27 12:01:28,12,1,1,,
2024-11-27 12:02:49,4,1,1,,
2024-11-27 12:02:53,4,2,1,,
2024-11-27 12:02:59,4,2,1,,
2024-11-27 12:03:01,10,2,1,,
2024-11-27 12:03:02,14,1,0,,
2024-11-27 12:03:03,10,1,0,,
2024-11-27 12:03:04,6,2,0,,
2024-11-27 12:03:05,10,1,1,,
2024-11-27 12:03:06,12,1,0,,
2024-11-27 12:03:07,12,2,0,,
2024-11-27 12:03:08,6,2,0,,
2024-11-27 12:03:09,6,2,1,,
2024-11-27 12:03:10,12,2,0,,
2024-11-27 12:03:11,8,2,0,,
2024-11-27 12:03:12,10,2,0,,
2024-11-27 12:03:13,8,2,1,,
2024-11-27 12:03:14,6,2,0,,
2024-11-27 12:03:15,6,2,0,,
2024-11-27 12:03:16,6,1,0,,
2024-11-27 12:03:17,8,2,1,,
2024-11-27 12:03:18,6,2,0,,
2024-11-27 12:03:19,4,2,0,,
2024-11-27 12:03:20,4,2,1,,
2024-11-27 12:03:21,4,2,0,,
2024-11-27 12:07:58,8,2,1,,
2024-11-27 12:07:59,6,1,0,,
2024-11-27 12:08:00,6,2,0,,
2024-11-27 12:08:01,10,1,1,,
2024-11-27 12:08:02,6,1,0,,
2024-11-27 12:08:03,8,1,1,,
2024-11-27 12:08:04,6,1,1,,
2024-11-27 12:08:05,6,1,0,,
2024-11-27 12:08:06,8,2,0,,
2024-11-27 12:08:07,4,1,0,,
2024-11-27 12:08:08,6,1,0,,
2024-11-27 12:08:09,8,1,0,,
2024-11-27 12:08:10,8,2,1,,
2024-11-27 12:08:38,4,2,1,,
2024-11-27 12:08:39,6,1,1,,
2024-11-27 12:08:40,4,2,0,,
2024-11-27 12:08:41,8,2,1,,
2024-11-27 12:08:43,6,1,1,,
2024-11-27 12:08:44,6,2,1,,
2024-11-27 12:08:45,6,2,0,,
2024-11-27 12:08:48,6,1,1,,
2024-11-27 12:08:49,6,2,1,,
2024-11-27 12:08:50,6,2,0,,
2024-11-27 12:08:51,6,2,1,,
2024-11-27 12:08:53,4,2,1,,
2024-11-27 12:08:55,6,2,1,,
2024-11-27 12:08:56,6,2,1,,
2024-11-27 12:08:59,6,2,1,,
2024-11-27 12:09:00,8,2,1,,
2024-11-27 12:09:01,6,2,1,,
2024-11-27 12:09:02,6,2,0,,
2024-11-27 12:09:03,6,2,1,,
2024-11-27 12:09:04,6,1,1,,
2024-11-27 12:09:05,8,1,1,,
2024-11-27 12:09:06,6,1,1,,
2024-11-27 12:09:07,6,2,1,,
2024-11-27 12:09:08,6,2,1,,
2024-11-27 12:09:09,6,2,1,,
2024-11-27 12:09:10,6,2,1,,
2024-11-27 12:09:11,6,1,0,,
2024-11-27 12:09:12,4,2,1,,
2024-11-27 12:09:13,6,2,1,,
2024-11-27 12:09:14,8,2,1,,
2024-11-27 12:09:15,6,2,1,,
2024-11-27 12:09:16,6,2,1,,
2024-11-27 12:09:17,6,2,0,,
2024-11-27 12:09:18,8,2,1,,
2024-11-27 12:09:19,6,2,1,,
2024-12-02 10:26:11,6,1,1,,
2024-12-02 10:26:13,26,2,1,,
2024-12-02 10:26:14,18,2,1,,
2024-12-02 10:26:15,18,2,1,,
2024-12-02 10:26:16,16,2,1,,
2024-12-02 10:26:17,18,2,1,,
2024-12-02 10:26:18,20,2,1,,
2024-12-02 10:26:19,6,2,1,,
2024-12-02 10:26:20,34,2,1,,
2024-12-02 10:26:21,34,2,1,,
2024-12-02 10:26:22,18,2,1,,
2024-12-02 10:26:23,20,2,1,,
2024-12-02 10:26:25,24,2,1,,
2024-12-02 10:26:26,12,2,0,,
2024-12-02 10:26:27,20,2,1,,
2024-12-02 10:26:29,18,2,1,,
2024-12-02 10:26:30,6,1,1,,
2024-12-02 10:26:35,14,2,1,,
2024-12-02 10:26:36,26,2,0,,
2024-12-02 10:26:38,8,1,1,,
2024-12-02 10:26:39,8,2,1,,
2024-12-02 10:26:40,8,2,1,,
2024-12-02 10:26:41,10,2,1,,
2024-12-02 10:26:42,12,2,0,,
2024-12-02 10:26:43,20,2,0,,
2024-12-02 10:26:47,18,2,1,,
2024-12-02 10:26:48,20,2,1,,
2024-12-02 10:26:50,20,2,1,,
2024-12-02 10:26:51,14,2,1,,
2024-12-02 10:26:56,28,2,1,,
2024-12-02 10:26:57,18,2,1,,
2024-12-02 10:26:59,18,2,1,,
2024-12-02 10:27:00,18,2,1,,
2024-12-02 10:27:01,4,1,0,,
2024-12-02 10:27:02,20,2,0,,
2024-12-02 10:27:03,12,2,0,,
2024-12-02 10:27:04,10,1,0,,
2024-12-02 10:27:05,20,1,1,,
2024-12-02 10:27:06,10,2,0,,
2024-12-02 10:27:09,18,1,1,,
2024-12-02 10:27:11,34,2,1,,
2024-12-02 10:27:17,12,2,1,,
2024-12-02 10:27:18,22,2,1,,
2024-12-02 10:27:19,12,2,1,,
2024-12-02 10:27:20,8,0,1,,
2024-12-02 10:27:22,20,2,0,,
2024-12-02 10:27:23,8,2,0,,
2024-12-02 10:27:24,6,2,0,,
2024-12-02 10:27:26,6,0,1,,
2024-12-02 10:27:27,8,0,0,,
2024-12-02 10:27:29,14,2,0,,
2024-12-02 10:27:30,12,2,0,,
2024-12-02 10:27:31,14,2,0,,
2024-12-02 10:27:32,10,2,0,,
2024-12-02 10:27:33,12,2,0,,
2024-12-02 10:27:34,8,2,0,,
2024-12-02 10:27:37,20,2,1,,
2024-12-02 10:27:38,6,2,0,,
2024-12-02 10:27:39,18,2,0,,
2024-12-02 10:27:40,18,2,0,,
2024-12-02 10:27:41,34,2,0,,
2024-12-02 10:27:42,8,2,1,,
2024-12-02 10:27:43,14,2,0,,
2024-12-02 10:27:44,14,2,0,,
2024-12-02 10:27:45,14,2,0,,
2024-12-02 10:27:46,24,2,0,,
2024-12-02 10:27:47,20,2,0,,
2024-12-02 10:27:48,20,2,0,,
2024-12-02 10:27:49,28,2,0,,
2024-12-02 10:27:50,6,0,0,,
2024-12-02 10:27:51,6,1,0,,
2024-12-02 10:27:52,10,2,1,,
2024-12-02 10:27:56,22,2,1,,
2024-12-02 10:27:57,34,2,0,,
2024-12-02 10:27:58,28,2,0,,
2024-12-02 10:27:59,18,2,0,,
2024-12-02 10:28:00,24,2,0,,
2024-12-02 10:28:01,8,2,0,,
2024-12-02 10:28:02,24,2,0,,
2024-12-02 10:28:03,16,2,1,,
2024-12-02 10:28:04,8,2,1,,
2024-12-02 10:28:05,20,2,0,,
2024-12-02 10:28:06,18,2,0,,
2024-12-02 10:28:07,12,2,0,,
2024-12-02 10:28:08,36,2,0,,
2024-12-02 10:28:09,18,2,0,,
2024-12-02 10:28:10,24,2,0,,
2024-12-02 10:28:11,24,2,0,,
2024-12-02 10:28:12,14,2,0,,
2024-12-02 10:28:13,18,2,0,,
2024-12-02 10:28:14,20,2,0,,
2024-12-02 10:28:15,20,2,0,,
2024-12-02 10:28:16,18,2,0,,
2024-12-02 10:28:17,26,2,0,,
2024-12-02 10:28:18,20,2,0,,
2024-12-02 10:28:19,18,2,0,,
2024-12-02 10:28:31,38,2,1,,
2024-12-02 10:28:32,10,2,0,,
2024-12-02 10:28:33,6,1,0,,
2024-12-02 10:28:34,20,2,0,,
2024-12-02 10:28:35,20,2,0,,
2024-12-02 10:28:36,24,2,0,,
2024-12-02 10:28:37,32,2,0,,
2024-12-02 10:28:38,36,2,0,,
2024-12-02 10:28:39,32,2,0,,
2024-12-02 10:28:40,20,2,1,,
2024-12-02 10:28:41,26,2,0,,
2024-12-02 10:28:42,28,2,0,,
2024-12-02 10:28:43,32,2,0,,
2024-12-02 10:28:44,12,2,0,,
2024-12-02 10:28:45,20,2,0,,
2024-12-02 10:28:46,60,2,1,,
2024-12-02 10:28:47,48,2,0,,
2024-12-02 10:28:48,20,2,1,,
2024-12-02 10:28:49,30,2,1,,
2024-12-02 10:28:50,26,2,1,,
2024-12-02 10:28:51,28,2,1,,
2024-12-02 10:28:52,20,2,0,,
2024-12-02 10:28:53,14,2,0,,
2024-12-02 10:28:54,20,2,1,,
2024-12-02 10:28:55,24,2,0,,
2024-12-02 10:28:56,18,2,1,,
2024-12-02 10:28:57,8,1,1,,
2024-12-02 10:28:59,22,2,1,,
2024-12-02 10:29:00,12,2,1,,
2024-12-02 10:29:01,18,2,0,,
2024-12-02 10:29:02,26,2,0,,
2024-12-02 10:29:03,18,2,0,,
2024-12-02 10:29:04,6,0,0,,
2024-12-02 10:29:05,16,2,1,,
2024-12-02 10:29:06,20,2,1,,
2024-12-02 10:29:07,8,2,1,,
2024-12-02 10:29:08,20,2,0,,
2024-12-02 10:29:13,12,2,1,,
2024-12-02 10:29:14,20,1,1,,
2024-12-02 10:29:16,20,2,1,,
2024-12-02 10:29:17,8,1,1,,
2024-12-02 10:29:18,18,2,1,,
2024-12-02 10:29:19,24,2,1,,
2024-12-02 10:29:20,20,2,1,,
2024-12-02 10:29:21,22,2,1,,
2024-12-02 10:29:22,36,2,1,,
2024-12-02 10:29:23,20,2,1,,
2024-12-02 10:29:24,12,2,0,,
2024-12-02 10:29:25,26,2,1,,
2024-12-02 10:29:26,10,1,1,,
2024-12-02 10:29:27,14,1,1,,
2024-12-02 10:29:28,18,2,1,,
2024-12-02 10:29:29,22,2,1,,
2024-12-02 10:29:30,18,2,1,,
2024-12-02 10:29:31,22,2,1,,
2024-12-02 10:29:32,6,2,1,,
2024-12-02 10:29:33,16,1,0,,
2024-12-02 10:29:34,20,2,1,,
2024-12-02 10:29:35,14,1,1,,
2024-12-02 10:29:36,20,2,0,,
2024-12-02 10:29:37,14,1,1,,
2024-12-02 10:29:38,12,1,0,,
2024-12-02 10:29:39,12,2,1,,
2024-12-02 10:29:42,28,2,1,,
2024-12-02 10:29:43,18,2,0,,
2024-12-02 10:29:44,20,0,1,,
2024-12-02 10:29:45,24,2,0,,
2024-12-02 10:29:46,18,2,1,,
2024-12-02 10:29:47,16,2,0,,
2024-12-02 10:29:49,18,2,1,,
2024-12-02 10:29:50,14,2,1,,
2024-12-02 10:29:54,20,2,1,,
2024-12-02 10:29:55,34,1,1,,
2024-12-02 10:29:56,14,2,1,,
2024-12-02 10:29:57,20,2,0,,
2024-12-02 10:30:00,20,2,1,,
2024-12-02 10:30:01,18,2,1,,
2024-12-02 10:30:03,8,2,1,,
2024-12-02 10:30:04,26,2,1,,
2024-12-02 10:30:06,26,2,1,,
2024-12-02 10:30:07,6,0,1,,
2024-12-02 10:30:12,20,2,1,,
2024-12-02 10:30:13,30,2,1,,
2024-12-02 10:30:14,18,2,1,,
2024-12-02 10:30:16,48,2,1,,
2024-12-02 10:30:17,12,2,0,,
2024-12-02 10:30:18,38,2,1,,
2024-12-02 10:30:20,42,2,1,,
2024-12-02 10:30:21,18,2,0,,
2024-12-02 10:30:24,12,2,1,,
2024-12-02 10:30:25,6,2,1,,
2024-12-02 10:30:26,20,2,0,,
2024-12-02 10:30:27,28,2,0,,
2024-12-02 10:30:28,10,2,0,,
2024-12-02 10:30:29,22,2,0,,
2024-12-02 10:30:30,74,2,1,,
2024-12-02 10:30:31,34,2,0,,
2024-12-02 10:30:33,24,2,1,,
2024-12-02 10:30:35,24,2,0,,
2024-12-02 10:30:36,26,1,0,,
2024-12-02 10:30:37,18,1,0,,
2024-12-02 10:30:38,44,2,0,,
2024-12-02 10:30:45,14,2,1,,
2024-12-02 10:30:46,28,2,1,,
2024-12-02 10:30:47,36,2,0,,
2024-12-02 10:30:48,36,2,0,,
2024-12-02 10:30:49,24,2,0,,
2024-12-02 10:30:50,30,2,0,,
2024-12-02 10:30:51,6,2,0,,
2024-12-02 10:30:52,20,2,0,,
2024-12-02 10:30:53,52,2,0,,
2024-12-02 10:30:57,4,2,1,,
2024-12-02 10:30:59,32,1,1,,
2024-12-02 10:31:00,10,1,0,,
2024-12-02 10:31:01,36,2,0,,
2024-12-02 10:31:02,18,2,0,,
2024-12-02 10:31:03,24,2,0,,
2024-12-02 10:31:04,36,2,0,,
2024-12-02 10:31:05,26,2,0,,
2024-12-02 10:31:06,24,2,0,,
2024-12-02 10:31:07,26,2,1,,
2024-12-02 10:31:08,24,2,0,,
2024-12-02 10:31:09,20,2,0,,
2024-12-02 10:31:10,34,2,0,,
2024-12-02 10:31:11,36,2,0,,
2024-12-02 10:31:12,30,2,0,,
2024-12-02 10:31:13,34,2,0,,
2024-12-02 10:31:14,20,2,0,,
2024-12-02 10:31:15,6,1,0,,
2024-12-02 10:31:16,36,2,0,,
2024-12-02 10:31:17,36,2,0,,
2024-12-02 10:31:18,18,2,0,,
2024-12-02 10:31:19,26,2,0,,
2024-12-02 10:31:20,20,2,0,,
2024-12-02 10:31:21,24,2,0,,
2024-12-02 10:31:22,22,2,0,,
2024-12-02 10:31:23,22,2,0,,
2024-12-02 10:31:24,12,2,0,,
2024-12-02 10:31:25,18,2,0,,
2024-12-02 10:31:26,24,2,0,,
2024-12-02 10:31:27,32,2,0,,
2024-12-02 10:31:28,28,2,0,,
2024-12-02 10:31:29,24,2,0,,
2024-12-02 10:31:30,18,2,0,,
2024-12-02 10:31:31,6,1,0,,
2024-12-02 10:31:32,20,2,0,,
2024-12-02 10:31:33,20,2,0,,
2024-12-02 10:31:34,6,2,1,,
2024-12-02 10:31:35,18,2,0,,
2024-12-02 10:31:36,10,2,0,,
2024-12-02 10:31:37,20,2,0,,
2024-12-02 10:31:38,26,2,1,,
2024-12-02 10:31:39,18,2,0,,
2024-12-02 10:31:40,22,2,1,,
2024-12-02 10:31:41,28,2,0,,
2024-12-02 10:31:42,22,2,1,,
2024-12-02 10:31:43,20,2,0,,
2024-12-02 10:31:44,18,2,0,,
2024-12-02 10:31:45,22,2,0,,
2024-12-02 10:31:46,20,2,1,,
2024-12-02 10:31:47,6,1,0,,
2024-12-02 10:31:48,18,2,0,,
2024-12-02 10:31:49,30,2,0,,
2024-12-02 10:31:50,34,1,1,,
2024-12-02 10:31:54,18,2,1,,
2024-12-02 10:31:57,18,2,1,,
2024-12-02 10:31:58,22,2,0,,
2024-12-02 10:31:59,4,2,1,,
2024-12-02 10:32:00,30,2,0,,
2024-12-02 10:32:01,34,2,0,,
2024-12-02 10:32:02,32,2,0,,
2024-12-02 10:32:03,34,2,0,,
2024-12-02 10:32:04,20,2,0,,
2024-12-02 10:32:05,28,2,0,,
2024-12-02 10:32:06,8,1,0,,
2024-12-02 10:32:07,34,2,0,,
2024-12-02 10:32:08,32,2,0,,
2024-12-02 10:32:09,36,2,0,,
2024-12-02 10:32:10,34,2,0,,
2024-12-02 10:32:11,20,2,0,,
2024-12-02 10:32:12,36,2,0,,
2024-12-02 10:32:13,24,2,1,,
2024-12-02 10:32:14,34,2,0,,
2024-12-02 10:32:15,8,2,1,,
2024-12-02 10:32:16,22,2,0,,
2024-12-02 10:32:17,20,2,0,,
2024-12-02 10:32:18,32,2,0,,
2024-12-02 10:32:19,20,2,0,,
2024-12-02 10:32:20,22,2,0,,
2024-12-02 10:32:21,14,2,0,,
2024-12-02 10:32:22,30,2,1,,
2024-12-02 10:32:23,20,2,0,,
2024-12-02 10:32:24,26,2,0,,
2024-12-02 10:32:25,18,2,0,,
2024-12-02 10:32:26,28,2,0,,
2024-12-02 10:32:27,18,2,0,,
2024-12-02 10:32:28,24,2,0,,
2024-12-02 10:32:29,26,2,0,,
2024-12-02 10:32:30,20,2,0,,
2024-12-02 10:32:31,30,2,0,,
2024-12-02 10:32:32,18,2,1,,
2024-12-02 10:32:33,18,2,0,,
2024-12-02 10:32:34,12,2,0,,
2024-12-02 10:32:35,30,2,0,,
2024-12-02 10:32:36,6,1,0,,
2024-12-02 10:32:37,24,2,0,,
2024-12-02 10:32:38,6,2,0,,
2024-12-02 10:32:39,8,1,0,,
2024-12-02 10:32:40,20,2,0,,
2024-12-02 10:32:41,6,1,0,,
2024-12-02 10:32:42,28,2,0,,
2024-12-02 10:32:43,22,2,0,,
2024-12-02 10:32:44,28,2,0,,
2024-12-02 10:32:45,26,2,0,,
2024-12-02 10:32:46,20,2,1,,
2024-12-02 10:32:47,12,2,0,,
2024-12-02 10:32:48,20,2,0,,
2024-12-02 10:32:49,20,2,0,,
2024-12-02 10:32:50,20,2,0,,
2024-12-02 10:32:51,18,2,0,,
2024-12-02 10:32:52,20,2,0,,
2024-12-02 10:32:53,20,2,0,,
2024-12-02 10:32:54,6,2,0,,
2024-12-02 10:32:55,28,2,0,,
2024-12-02 10:32:56,22,2,0,,
2024-12-02 10:32:57,18,2,0,,
2024-12-02 10:32:58,12,2,0,,
2024-12-02 10:32:59,34,2,0,,
2024-12-02 10:33:00,18,2,0,,
2024-12-02 10:33:01,18,2,0,,
2024-12-02 10:33:02,36,2,0,,
2024-12-02 10:33:03,34,2,0,,
2024-12-02 10:33:04,34,2,0,,
2024-12-02 10:33:05,22,2,0,,
2024-12-02 10:33:06,38,2,0,,
2024-12-02 10:33:07,20,2,0,,
2024-12-02 10:33:08,22,2,1,,
2024-12-02 10:33:09,20,2,0,,
2024-12-02 10:33:11,18,2,1,,
2024-12-02 10:33:12,20,2,1,,
2024-12-02 10:33:13,18,2,0,,
2024-12-02 10:33:14,36,2,0,,
2024-12-02 10:33:15,20,2,0,,
2024-12-02 10:33:16,6,1,0,,
2024-12-02 10:33:18,18,2,0,,
2024-12-02 10:33:19,48,2,0,,
2024-12-02 10:33:20,44,2,0,,
2024-12-02 10:33:21,20,2,0,,
2024-12-02 10:33:22,20,2,0,,
2024-12-02 10:37:40,20,2,1,,
2024-12-02 10:37:41,18,2,1,,
2024-12-02 10:37:42,20,2,1,,
2024-12-02 10:37:43,18,2,1,,
2024-12-02 10:37:44,20,2,0,,
2024-12-02 10:37:45,22,2,0,,
2024-12-02 10:37:46,26,2,0,,
2024-12-02 10:37:47,26,2,0,,
2024-12-02 10:37:48,22,2,1,,
2024-12-02 10:37:49,24,2,1,,
2024-12-02 10:37:50,20,2,0,,
2024-12-02 10:37:51,20,2,0,,
2024-12-02 10:37:52,30,2,0,,
2024-12-02 10:37:53,14,2,1,,
2024-12-02 10:37:54,18,2,0,,
2024-12-02 10:37:55,20,2,1,,
2024-12-02 10:37:56,20,1,0,,
2024-12-02 10:37:57,10,0,1,,
2024-12-02 10:37:58,20,2,1,,
2024-12-02 10:37:59,38,2,1,,
2024-12-02 10:38:00,12,2,1,,
2024-12-02 10:38:01,26,2,0,,
2024-12-02 10:38:02,36,2,1,,
2024-12-02 10:38:03,12,2,0,,
2024-12-02 10:38:04,20,2,1,,
2024-12-02 10:38:05,24,2,0,,
2024-12-02 10:38:06,30,2,0,,
2024-12-02 10:38:07,14,2,1,,
2024-12-02 10:38:08,24,2,1,,
2024-12-02 10:38:09,8,1,1,,
2024-12-02 10:38:10,34,2,1,,
2024-12-02 10:38:11,28,2,1,,
2024-12-02 10:38:12,24,2,0,,
2024-12-02 10:38:13,16,2,1,,
2024-12-02 10:38:14,20,2,0,,
2024-12-02 10:38:15,6,2,1,,
2024-12-02 10:38:16,10,2,0,,
2024-12-02 10:38:22,12,2,1,,
2024-12-02 10:38:23,22,2,0,,
2024-12-02 10:38:24,18,2,0,,
2024-12-02 10:38:25,18,2,1,,
2024-12-02 10:38:26,14,2,0,,
2024-12-02 10:38:27,26,2,1,,
2024-12-02 10:38:28,20,2,1,,
2024-12-02 10:38:29,12,2,1,,
2024-12-02 10:38:30,20,2,0,,
2024-12-02 10:38:31,20,1,1,,
2024-12-02 10:38:32,12,2,1,,
2024-12-02 10:38:33,40,2,0,,
2024-12-02 10:38:34,6,2,0,,
2024-12-02 10:38:35,14,2,1,,
2024-12-02 10:38:36,20,2,1,,
2024-12-02 10:38:37,38,2,0,,
2024-12-02 10:38:38,42,2,1,,
2024-12-02 10:38:40,18,2,1,,
2024-12-02 10:38:41,20,2,1,,
2024-12-02 10:38:42,20,2,1,,
2024-12-02 10:38:43,20,2,1,,
2024-12-02 10:38:55,56,0,1,,
2024-12-02 10:38:56,18,2,1,,
2024-12-02 10:38:58,20,2,1,,
2024-12-02 10:38:59,50,2,0,,
2024-12-02 10:39:00,32,2,1,,
2024-12-02 10:39:01,8,2,1,,
2024-12-02 10:39:02,36,2,1,,
2024-12-02 10:39:03,28,2,1,,
2024-12-02 10:39:04,28,2,1,,
2024-12-02 10:39:05,26,2,1,,
2024-12-02 10:39:06,12,2,1,,
2024-12-02 10:39:07,38,2,1,,
2024-12-02 10:39:08,6,1,1,,
2024-12-02 10:39:09,6,2,1,,
2024-12-02 10:39:10,6,2,1,,
2024-12-02 10:39:11,18,2,0,,
2024-12-02 10:39:12,16,2,0,,
2024-12-02 10:39:13,24,2,0,,
2024-12-02 10:39:14,36,2,0,,
2024-12-02 10:39:15,20,1,0,,
2024-12-02 10:39:16,28,2,0,,
2024-12-02 10:39:17,18,2,0,,
2024-12-02 10:39:18,22,2,0,,
2024-12-02 10:39:19,18,2,0,,
2024-12-02 10:39:20,28,2,0,,
2024-12-02 10:39:21,30,2,0,,
2024-12-02 10:39:22,20,2,0,,
2024-12-02 10:39:23,26,2,1,,
2024-12-02 10:39:24,22,2,0,,
2024-12-02 10:39:25,32,2,0,,
2024-12-02 10:39:26,20,2,1,,
2024-12-02 10:39:27,24,2,0,,
2024-12-02 10:39:28,12,2,0,,
2024-12-02 10:39:29,24,2,0,,
2024-12-02 10:39:30,36,2,0,,
2024-12-02 10:39:31,24,2,1,,
2024-12-02 10:39:32,38,2,0,,
2024-12-02 10:39:33,30,2,0,,
2024-12-02 10:39:34,34,2,0,,
2024-12-02 10:39:35,30,2,0,,
2024-12-02 10:39:36,26,2,0,,
2024-12-02 10:39:37,20,2,0,,
2024-12-02 10:39:38,20,2,1,,
2024-12-02 10:39:39,14,2,0,,
2024-12-02 10:39:40,28,2,0,,
2024-12-02 10:39:41,20,2,0,,
2024-12-02 10:39:42,22,2,1,,
2024-12-02 10:39:43,20,2,0,,
2024-12-02 10:39:44,22,2,0,,
2024-12-02 10:39:45,28,2,0,,
2024-12-02 10:39:46,22,2,1,,
2024-12-02 10:39:47,18,2,1,,
2024-12-02 10:39:48,24,2,1,,
2024-12-02 10:39:49,26,2,1,,
2024-12-02 10:39:50,24,2,0,,
2024-12-02 10:39:51,26,2,0,,
2024-12-02 10:39:52,56,2,0,,
2024-12-02 10:39:53,78,2,1,,
2024-12-02 10:39:54,18,2,0,,
2024-12-02 10:39:55,20,2,1,,
2024-12-02 10:39:56,28,2,0,,
2024-12-02 10:39:57,22,2,0,,
2024-12-02 10:39:58,24,2,0,,
2024-12-02 10:39:59,18,2,1,,
2024-12-02 10:40:00,20,2,1,,
2024-12-02 10:40:01,20,2,0,,
2024-12-02 10:40:02,18,2,1,,
2024-12-02 10:40:03,14,1,1,,
2024-12-02 10:40:04,12,0,0,,
2024-12-02 10:40:05,16,2,1,,
2024-12-02 10:40:08,14,2,1,,
2024-12-02 10:40:09,12,2,1,,
2024-12-02 10:40:10,6,2,1,,
2024-12-02 10:40:11,4,1,0,,
2024-12-02 10:40:12,18,2,0,,
2024-12-02 10:40:13,18,2,1,,
2024-12-02 10:40:14,20,2,1,,
2024-12-02 10:40:15,20,2,1,,
2024-12-02 10:40:16,12,2,1,,
2024-12-02 10:40:17,18,2,1,,
2024-12-02 10:40:18,18,2,1,,
2024-12-02 10:40:19,14,2,1,,
2024-12-02 10:40:20,18,2,1,,
2024-12-02 10:40:21,12,2,0,,
2024-12-02 10:40:22,14,2,1,,
2024-12-02 10:40:23,16,2,0,,
2024-12-02 10:40:24,22,2,0,,
2024-12-02 10:40:25,6,2,1,,
2024-12-02 10:40:26,20,2,1,,
2024-12-02 10:40:28,12,2,1,,
2024-12-02 10:40:29,18,2,1,,
2024-12-02 10:40:30,18,2,1,,
2024-12-02 10:40:31,40,2,1,,
2024-12-02 10:40:32,18,2,1,,
2024-12-02 10:40:33,26,2,0,,
2024-12-02 10:40:34,20,2,0,,
2024-12-02 10:40:35,18,2,0,,
2024-12-02 10:40:36,20,2,0,,
2024-12-02 10:40:37,56,2,1,,
2024-12-02 10:40:38,18,2,0,,
2024-12-02 10:40:39,20,2,0,,
2024-12-02 10:40:40,20,2,0,,
2024-12-02 10:40:41,18,2,0,,
2024-12-02 10:40:42,10,2,0,,
2024-12-02 10:40:43,20,2,0,,
2024-12-02 10:40:44,22,2,0,,
2024-12-02 10:40:45,16,2,0,,
2024-12-02 10:40:46,12,2,0,,
2024-12-02 10:40:47,18,2,0,,
2024-12-02 10:40:48,20,2,0,,
2024-12-02 10:40:49,18,2,0,,
2024-12-02 10:40:50,16,2,0,,
2024-12-02 10:40:51,20,2,0,,
2024-12-02 10:40:52,76,2,0,,
2024-12-02 10:40:53,20,2,0,,
2024-12-02 10:40:55,18,2,0,,
2024-12-02 10:40:57,6,2,0,,
2024-12-02 10:40:58,20,2,0,,
2024-12-02 10:41:00,24,2,0,,
2024-12-02 10:41:01,10,2,0,,
2024-12-02 10:41:02,20,2,0,,
2024-12-02 10:41:03,18,2,0,,
2024-12-02 10:41:04,20,2,0,,
2024-12-02 10:41:05,6,2,0,,
2024-12-02 10:41:06,20,2,0,,
2024-12-02 10:41:07,20,2,0,,
2024-12-02 10:41:08,12,2,0,,
2024-12-02 10:41:09,6,0,1,,
2024-12-02 10:41:10,18,2,0,,
2024-12-02 10:41:11,28,2,0,,
2024-12-02 10:41:12,22,2,0,,
2024-12-02 10:41:13,22,2,0,,
2024-12-02 10:41:14,18,1,0,,
2024-12-02 10:41:15,18,2,0,,
2024-12-02 10:41:16,20,2,0,,
2024-12-02 10:41:17,18,2,0,,
2024-12-02 10:41:18,48,2,0,,
2024-12-02 10:44:33,6,2,1,,
2024-12-02 10:44:34,16,2,0,,
2024-12-02 10:44:35,24,2,0,,
2024-12-02 10:44:36,18,2,0,,
2024-12-02 10:44:37,20,2,0,,
2024-12-02 10:44:38,6,0,0,,
2024-12-02 10:44:39,24,1,0,,
2024-12-02 10:44:40,48,2,0,,
2024-12-02 10:44:41,6,0,0,,
2024-12-02 10:44:42,18,0,0,,
2024-12-02 10:44:43,16,2,0,,
2024-12-02 10:44:44,18,2,0,,
2024-12-02 10:44:45,20,2,0,,
2024-12-02 10:44:46,46,2,0,,
2024-12-02 10:44:47,6,0,0,,
2024-12-02 10:44:48,18,0,0,,
2024-12-02 10:44:49,6,0,0,,
2024-12-02 10:44:50,20,1,0,,
2024-12-02 10:44:51,20,2,0,,
2024-12-02 10:44:52,6,0,0,,
2024-12-02 10:44:53,28,2,0,,
2024-12-02 10:44:54,38,2,1,,
2024-12-02 10:44:55,8,2,0,,
2024-12-02 10:44:56,16,2,0,,
2024-12-02 10:44:57,18,1,0,,
2024-12-02 10:44:58,20,2,0,,
2024-12-02 10:44:59,12,2,0,,
2024-12-02 10:45:00,22,0,0,,
2024-12-02 10:45:01,12,2,0,,
2024-12-02 10:45:02,36,2,0,,
2024-12-02 10:45:03,8,2,0,,
2024-12-02 10:45:04,8,2,0,,
2024-12-02 10:45:05,12,2,0,,
2024-12-02 10:45:06,6,2,0,,
2024-12-02 10:45:07,6,2,1,,
2024-12-02 10:45:08,10,2,0,,
2024-12-02 10:45:09,10,2,0,,
2024-12-02 10:45:10,8,1,1,,
2024-12-02 10:45:11,10,1,1,,
2024-12-02 10:45:12,10,2,1,,
2024-12-02 10:45:13,10,1,0,,
2024-12-02 10:45:14,20,2,0,,
2024-12-02 10:45:15,12,2,1,,
2024-12-02 10:45:16,6,2,1,,
2024-12-02 10:45:17,6,2,0,,
2024-12-02 10:45:18,18,2,1,,
2024-12-02 10:45:19,16,2,0,,
2024-12-02 10:45:20,24,2,0,,
2024-12-02 10:45:21,8,2,0,,
2024-12-02 10:45:22,20,2,0,,
2024-12-02 10:45:23,20,2,0,,
2024-12-02 10:45:24,20,2,0,,
2024-12-02 10:45:25,14,2,1,,
2024-12-02 10:45:26,34,2,0,,
2024-12-02 10:45:27,14,2,0,,
2024-12-02 10:45:28,16,2,0,,
2024-12-02 10:45:29,44,2,0,,
2024-12-02 10:45:30,8,2,0,,
2024-12-02 10:45:31,20,2,0,,
2024-12-02 10:45:32,20,2,0,,
2024-12-02 10:45:33,20,2,0,,
2024-12-02 10:45:34,30,2,0,,
2024-12-02 10:45:35,28,2,0,,
2024-12-02 10:45:36,20,2,0,,
2024-12-02 10:45:37,20,2,0,,
2024-12-02 10:45:38,24,2,0,,
2024-12-02 10:45:39,22,2,0,,
2024-12-02 10:45:40,30,2,0,,
2024-12-02 10:45:41,20,2,1,,
2024-12-02 10:45:42,26,2,0,,
2024-12-02 10:45:43,18,2,0,,
2024-12-02 10:45:44,14,2,0,,
2024-12-02 10:45:45,18,1,0,,
2024-12-02 10:45:46,16,2,0,,
2024-12-02 10:45:47,20,2,0,,
2024-12-02 10:45:48,16,2,0,,
2024-12-02 10:45:49,18,2,0,,
2024-12-02 10:45:50,6,2,0,,
2024-12-02 10:45:51,6,0,0,,
2024-12-02 10:45:52,24,2,0,,
2024-12-02 10:45:53,18,2,0,,
2024-12-02 10:45:54,20,2,0,,
2024-12-02 10:45:55,20,2,0,,
2024-12-02 10:45:56,20,2,0,,
2024-12-02 10:45:57,40,2,0,,
2024-12-02 10:45:58,18,2,0,,
2024-12-02 10:45:59,24,2,0,,
2024-12-02 10:46:00,28,2,0,,
2024-12-02 10:46:01,20,2,0,,
2024-12-02 10:46:02,14,2,0,,
2024-12-02 10:46:03,18,2,0,,
2024-12-02 10:46:04,18,2,0,,
2024-12-02 10:46:05,14,2,0,,
2024-12-02 10:46:06,6,1,1,,
2024-12-02 10:46:07,6,0,1,,
2024-12-02 10:46:08,8,1,0,,
2024-12-02 10:46:09,6,1,1,,
2024-12-02 10:46:10,8,2,1,,
2024-12-02 10:46:21,36,2,1,,
2024-12-02 10:46:22,14,2,0,,
2024-12-02 10:46:23,8,2,1,,
2024-12-02 10:46:24,6,1,1,,
2024-12-02 10:46:27,6,0,1,,
2024-12-02 10:46:28,22,2,0,,
2024-12-02 10:46:32,20,2,1,,
2024-12-02 10:46:33,24,2,1,,
2024-12-02 10:46:34,8,2,0,,
2024-12-02 10:46:36,8,2,1,,
2024-12-02 10:46:37,28,1,1,,
2024-12-02 10:46:38,16,2,1,,
2024-12-02 10:46:42,6,2,1,,
2024-12-02 10:46:43,6,2,0,,
2024-12-02 10:46:44,18,2,1,,
2024-12-02 10:46:45,12,2,0,,
2024-12-02 10:46:46,20,2,1,,
2024-12-02 10:46:47,28,2,0,,
2024-12-02 10:46:48,18,2,1,,
2024-12-02 10:46:51,16,2,1,,
2024-12-02 10:46:52,20,2,0,,
2024-12-02 10:46:53,20,1,0,,
2024-12-02 10:46:54,34,2,0,,
2024-12-02 10:46:55,36,2,0,,
2024-12-02 10:46:56,42,1,0,,
2024-12-02 10:46:57,20,2,0,,
2024-12-02 10:46:58,40,2,0,,
2024-12-02 10:46:59,22,2,0,,
2024-12-02 10:47:00,48,2,0,,
2024-12-02 10:47:01,10,0,0,,
2024-12-02 10:47:02,20,2,0,,
2024-12-02 10:47:03,30,2,0,,
2024-12-02 10:47:04,22,2,0,,
2024-12-02 10:47:05,18,2,1,,
2024-12-02 10:47:07,30,2,1,,
2024-12-02 10:47:08,30,2,0,,
2024-12-02 10:47:09,20,2,0,,
2024-12-02 10:47:10,20,1,0,,
2024-12-02 10:47:11,26,2,0,,
2024-12-02 10:47:12,16,2,0,,
2024-12-02 10:47:13,26,2,0,,
2024-12-02 10:47:14,20,2,0,,
2024-12-02 10:47:15,18,2,0,,
2024-12-02 10:47:16,20,2,0,,
2024-12-02 10:47:17,30,2,0,,
2024-12-02 10:47:18,26,2,0,,
2024-12-02 10:47:19,28,2,0,,
2024-12-02 10:47:20,24,2,0,,
2024-12-02 10:47:21,28,2,0,,
2024-12-02 10:47:22,20,2,0,,
2024-12-02 10:47:23,18,2,0,,
2024-12-02 10:47:24,20,2,0,,
2024-12-02 10:47:25,18,2,0,,
2024-12-02 10:47:26,20,2,0,,
2024-12-02 10:47:27,22,2,0,,
2024-12-02 10:47:30,8,2,1,,
2024-12-02 10:47:31,8,1,0,,
2024-12-02 10:47:32,20,2,1,,
2024-12-02 10:47:33,56,1,0,,
2024-12-02 10:47:34,18,2,0,,
2024-12-02 10:47:35,58,2,0,,
2024-12-02 10:47:36,54,1,0,,
2024-12-02 10:47:37,18,2,0,,
2024-12-02 10:47:38,6,2,0,,
2024-12-02 10:47:39,20,1,0,,
2024-12-02 10:47:40,20,1,0,,
2024-12-02 10:47:41,20,1,0,,
2024-12-02 10:47:42,34,2,0,,
2024-12-02 10:47:43,22,0,0,,
2024-12-02 10:47:44,6,2,0,,
2024-12-02 10:47:45,28,2,0,,
2024-12-02 10:47:46,12,2,0,,
2024-12-02 10:47:47,40,2,0,,
2024-12-02 10:47:48,20,2,0,,
2024-12-02 10:47:49,32,2,0,,
2024-12-02 10:47:50,22,2,0,,
2024-12-02 10:47:51,34,2,0,,
2024-12-02 10:47:52,32,1,0,,
2024-12-02 10:47:53,18,2,0,,
2024-12-02 10:47:54,34,2,0,,
2024-12-02 10:47:55,20,1,0,,
2024-12-02 10:47:56,24,2,0,,
2024-12-02 10:47:57,14,2,0,,
2024-12-02 10:47:58,18,2,0,,
2024-12-02 10:47:59,20,2,0,,
2024-12-02 10:48:00,6,2,0,,
2024-12-02 10:48:01,8,2,0,,
2024-12-02 10:48:02,40,2,0,,
2024-12-02 10:48:03,20,1,0,,
2024-12-02 10:48:04,16,2,1,,
2024-12-02 10:48:05,36,1,1,,
2024-12-02 10:48:06,22,1,0,,
2024-12-02 10:48:07,6,2,0,,
2024-12-02 10:56:28,12,2,1,,
2024-12-02 10:56:29,54,2,0,,
2024-12-02 10:56:30,6,0,0,,
2024-12-02 10:56:31,14,2,0,,
2024-12-02 10:56:32,20,2,0,,
2024-12-02 11:33:34,6,2,1,,
2024-12-02 11:33:35,8,2,1,,
2024-12-02 11:33:36,8,2,0,,
2024-12-02 11:33:37,8,2,1,,
2024-12-02 11:33:40,6,2,1,,
2024-12-02 11:33:41,8,2,1,,
2024-12-02 11:33:44,6,2,1,,
2024-12-02 11:33:45,6,2,1,,
2024-12-02 11:33:46,4,1,1,,
2024-12-02 11:33:48,8,1,1,,
2024-12-02 11:33:51,12,2,1,,
2024-12-02 11:33:52,12,2,1,,
2024-12-02 11:33:55,20,2,1,,
2024-12-02 11:33:56,20,1,1,,
2024-12-02 11:33:57,10,2,1,,
2024-12-02 11:33:58,16,1,1,,
2024-12-02 11:34:00,22,2,1,,
2024-12-02 11:34:01,18,2,1,,
2024-12-02 11:34:02,18,2,1,,
2024-12-02 11:34:04,6,2,1,,
2024-12-02 11:34:05,10,2,1,,
2024-12-02 11:34:06,12,2,1,,
2024-12-02 11:34:07,18,1,1,,
2024-12-02 11:34:08,16,1,1,,
2024-12-02 11:34:09,18,2,0,,
2024-12-02 11:34:10,18,1,1,,
2024-12-02 11:34:11,18,2,1,,
2024-12-02 11:34:12,20,2,1,,
2024-12-02 11:34:13,22,2,1,,
2024-12-02 11:34:14,16,2,1,,
2024-12-02 11:34:15,16,2,1,,
2024-12-02 11:34:16,18,2,1,,
2024-12-02 11:34:18,22,2,1,,
2024-12-02 11:34:19,16,1,0,,
2024-12-02 11:34:20,26,2,1,,
2024-12-02 11:34:21,12,2,1,,
2024-12-02 11:34:22,22,2,1,,
2024-12-02 11:34:23,18,2,0,,
2024-12-02 11:34:24,12,2,1,,
2024-12-02 11:34:25,20,1,1,,
2024-12-02 11:34:26,20,1,1,,
2024-12-02 11:34:28,12,1,1,,
2024-12-02 11:34:29,16,1,0,,
2024-12-02 11:34:30,18,1,1,,
2024-12-02 11:34:31,18,2,1,,
2024-12-02 11:34:32,12,1,1,,
2024-12-02 11:34:33,24,1,1,,
2024-12-02 11:34:35,28,1,1,,
2024-12-02 11:34:36,18,1,1,,
2024-12-02 11:34:37,14,2,1,,
2024-12-02 11:34:38,20,2,0,,
2024-12-02 11:34:39,20,1,1,,
2024-12-02 11:34:40,18,2,1,,
2024-12-02 11:34:41,14,2,1,,
2024-12-02 11:34:42,18,2,1,,
2024-12-02 11:34:43,20,1,1,,
2024-12-02 11:35:04,20,1,1,,
2024-12-02 11:35:05,18,2,1,,
2024-12-02 11:35:06,14,2,1,,
2024-12-02 11:35:07,20,2,1,,
2024-12-02 11:35:08,16,0,1,,
2024-12-02 11:35:09,12,2,1,,
2024-12-02 11:35:10,18,2,1,,
2024-12-02 11:35:11,18,2,1,,
2024-12-02 11:35:12,14,2,1,,
2024-12-02 11:35:13,16,2,1,,
2024-12-02 11:35:14,6,0,0,,
2024-12-02 11:35:18,18,2,1,,
2024-12-02 11:38:35,6,2,1,,
2024-12-02 11:41:06,8,2,1,,
2024-12-02 11:41:07,12,2,1,,
2024-12-02 11:41:08,12,2,1,,
2024-12-02 11:58:10,12,2,1,,
2024-12-02 12:12:11,10,2,1,,
2024-12-02 12:12:50,14,1,1,,
2024-12-02 12:13:04,16,1,0,,
2024-12-02 12:13:31,20,1,1,,
2024-12-02 12:13:48,20,2,1,,
2024-12-02 12:13:55,12,2,1,,
2024-12-02 12:16:03,12,2,1,,
2024-12-02 12:16:06,16,2,1,,
2024-12-02 12:16:07,14,1,1,,
2024-12-02 12:16:08,14,1,1,,
2024-12-02 12:16:09,16,2,1,,
2024-12-02 12:16:10,18,2,1,,
2024-12-02 12:16:11,12,2,1,,
2024-12-02 12:16:12,12,2,0,,
2024-12-02 12:16:13,18,2,1,,
2024-12-02 12:16:14,14,1,1,,
2024-12-02 12:16:15,16,1,0,,
2024-12-02 12:16:16,20,1,0,,
2024-12-02 12:16:17,10,1,0,,
2024-12-02 12:16:18,14,1,0,,
2024-12-02 12:16:19,14,2,0,,
2024-12-02 12:16:20,12,1,1,,
2024-12-02 12:16:21,18,1,0,,
2024-12-02 12:16:22,14,2,0,,
2024-12-02 12:16:23,14,2,0,,
2024-12-02 12:16:24,14,1,0,,
2024-12-02 12:16:25,16,1,0,,
2024-12-02 12:16:26,14,1,1,,
2024-12-02 12:16:27,18,1,0,,
2024-12-02 12:18:04,12,2,1,,
2024-12-02 12:21:56,8,1,1,,
2024-12-02 12:21:57,8,2,1,,
2024-12-02 12:21:58,18,0,1,,
2024-12-02 12:22:03,12,2,1,,
2024-12-02 12:22:04,10,2,1,,
2024-12-02 12:22:05,20,1,0,,
2024-12-02 12:22:06,12,1,1,,
2024-12-02 12:22:07,4,2,0,,
2024-12-02 12:22:08,18,1,0,,
2024-12-02 12:22:09,6,2,1,,
2024-12-02 12:22:10,14,2,0,,
2024-12-02 12:22:11,10,2,0,,
2024-12-02 12:22:19,20,2,1,,
2024-12-02 12:22:20,18,2,1,,
2024-12-02 12:22:22,14,1,1,,
2024-12-02 12:22:23,20,1,0,,
2024-12-02 12:22:50,16,2,0,,
2024-12-02 12:24:48,14,2,1,,
2024-12-02 12:24:49,20,2,0,,
2024-12-02 12:24:50,14,1,0,,
2024-12-02 12:24:51,14,2,1,,
2024-12-02 12:24:52,20,1,1,,
2024-12-02 12:25:50,20,2,0,,
2024-12-02 12:37:24,14,2,1,,
2024-12-02 12:37:27,14,2,1,,
2024-12-02 12:37:29,14,1,0,,
2024-12-02 12:37:33,12,1,1,,
2024-12-02 12:37:34,14,2,0,,
2024-12-02 12:37:35,12,2,0,,
2024-12-02 12:37:37,20,2,1,,
2024-12-02 12:37:51,8,2,1,,
2024-12-02 12:37:53,20,2,1,,
2024-12-02 12:37:56,20,1,1,,
2024-12-02 12:37:58,22,1,1,,
2024-12-02 12:37:59,12,1,0,,
2024-12-02 12:38:00,22,1,0,,
2024-12-02 12:38:01,8,1,1,,
2024-12-02 12:38:02,20,1,0,,
2024-12-02 12:38:03,12,2,0,,
2024-12-02 12:38:05,20,2,0,,
2024-12-02 12:38:06,20,1,1,,
2024-12-02 12:38:07,12,1,1,,
2024-12-02 12:38:08,20,1,0,,
2024-12-02 12:38:09,12,1,1,,
2024-12-02 12:38:10,12,1,1,,
2024-12-02 12:38:11,18,1,1,,
2024-12-02 12:38:12,12,2,1,,
2024-12-02 12:38:19,20,2,1,,
2024-12-02 12:38:20,16,1,0,,
2024-12-02 12:38:21,18,1,1,,
2024-12-02 12:38:22,20,2,1,,
2024-12-02 12:38:23,14,2,0,,
2024-12-02 12:38:24,18,2,0,,
2024-12-02 12:38:25,22,2,0,,
2024-12-02 12:38:26,20,2,0,,
2024-12-02 12:38:27,10,2,0,,
2024-12-02 12:38:28,12,2,0,,
2024-12-02 12:38:29,12,2,0,,
2024-12-02 12:38:30,12,2,0,,
2024-12-02 12:38:31,18,1,1,,
2024-12-02 12:39:09,20,1,0,,
2024-12-02 12:40:08,16,2,1,,
2024-12-02 13:11:59,6,0,1,,
2024-12-02 13:12:00,6,2,1,,
2024-12-02 13:12:02,6,2,1,,
2024-12-02 13:12:03,22,1,0,,
2024-12-02 13:12:04,6,2,1,,
2024-12-02 13:12:05,18,2,1,,
2024-12-02 13:12:06,14,2,1,,
2024-12-02 13:12:07,18,2,0,,
2024-12-02 13:12:08,20,2,1,,
2024-12-02 13:12:09,20,2,1,,
2024-12-02 13:12:10,12,2,1,,
2024-12-02 13:12:11,6,2,0,,
2024-12-02 13:12:12,18,2,0,,
2024-12-02 13:12:13,10,2,0,,
2024-12-02 13:12:14,6,1,1,,
2024-12-02 13:12:15,10,1,0,,
2024-12-02 13:12:18,18,2,1,,
2024-12-02 13:12:20,42,2,1,,
2024-12-02 13:12:21,20,2,0,,
2024-12-02 13:12:23,6,1,1,,
2024-12-02 13:12:24,34,2,1,,
2024-12-02 13:12:25,8,2,1,,
2024-12-02 13:12:26,10,2,0,,
2024-12-02 13:12:27,52,1,1,,
2024-12-02 13:12:28,8,2,1,,
2024-12-02 13:12:29,24,2,1,,
2024-12-02 13:12:30,12,2,1,,
2024-12-02 13:12:31,6,1,1,,
2024-12-02 13:12:33,12,2,1,,
2024-12-02 13:12:35,58,0,1,,
2024-12-02 13:12:36,12,2,0,,
2024-12-02 13:12:37,18,2,1,,
2024-12-02 13:13:36,6,2,1,,
2024-12-02 13:13:57,24,2,1,,
2024-12-02 13:13:58,12,2,1,,
2024-12-02 13:13:59,22,2,1,,
2024-12-02 13:14:00,26,2,0,,
2024-12-02 13:14:01,16,2,1,,
2024-12-02 13:14:02,34,2,0,,
2024-12-02 13:14:03,20,2,0,,
2024-12-02 13:14:04,12,2,0,,
2024-12-02 13:14:05,20,2,0,,
2024-12-02 13:14:06,8,2,1,,
2024-12-02 13:14:17,28,2,1,,
2024-12-02 13:14:18,6,2,1,,
2024-12-02 13:14:19,32,2,1,,
2024-12-02 13:14:21,20,2,1,,
2024-12-02 13:14:22,36,2,1,,
2024-12-02 13:14:23,34,2,0,,
2024-12-02 13:14:24,20,2,1,,
2024-12-02 13:14:33,22,2,1,,
2024-12-02 13:14:34,6,2,1,,
2024-12-02 13:14:35,6,2,1,,
2024-12-02 13:14:36,28,2,0,,
2024-12-02 13:14:37,16,2,1,,
2024-12-02 13:14:38,40,2,0,,
2024-12-02 13:14:39,20,2,1,,
2024-12-02 13:14:40,30,2,1,,
2024-12-02 13:14:41,18,2,0,,
2024-12-02 13:14:42,36,2,0,,
2024-12-02 13:14:43,38,2,1,,
2024-12-02 13:14:44,20,2,0,,
2024-12-02 13:14:45,18,2,1,,
2024-12-02 13:14:46,46,2,1,,
2024-12-02 13:14:47,26,2,1,,
2024-12-02 13:14:48,38,2,1,,
2024-12-02 13:14:49,18,2,1,,
2024-12-02 13:14:50,18,2,1,,
2024-12-02 13:14:51,24,2,1,,
2024-12-02 13:14:52,8,2,1,,
2024-12-02 13:14:53,20,2,1,,
2024-12-02 13:14:55,20,2,1,,
2024-12-02 13:14:56,14,2,1,,
2024-12-02 13:14:57,24,2,1,,
2024-12-02 13:14:58,28,2,1,,
2024-12-02 13:14:59,20,2,1,,
2024-12-02 13:15:00,20,2,1,,
2024-12-02 13:15:01,12,2,1,,
2024-12-02 13:15:02,14,2,1,,
2024-12-02 13:15:03,20,2,0,,
2024-12-02 13:15:04,6,2,1,,
2024-12-02 13:15:05,14,2,1,,
2024-12-02 13:15:06,24,2,1,,
2024-12-02 13:15:07,14,2,1,,
2024-12-02 13:15:08,34,2,1,,
2024-12-02 13:15:09,18,2,1,,
2024-12-02 13:15:15,6,1,1,,
2024-12-02 13:15:16,8,2,1,,
2024-12-02 13:15:19,18,2,1,,
2024-12-02 13:15:24,6,2,1,,
2024-12-02 13:15:26,10,2,1,,
2024-12-02 13:15:27,12,2,0,,
2024-12-02 13:15:28,12,1,0,,
2024-12-02 13:15:47,14,2,0,,
2024-12-02 13:16:44,20,2,0,,
2024-12-02 13:17:33,12,2,0,,
2024-12-02 13:20:59,22,2,1,,
2024-12-02 13:21:02,10,2,1,,
2024-12-02 13:21:03,12,2,1,,
2024-12-02 13:21:04,14,2,1,,
2024-12-02 13:21:44,14,2,0,,
2024-12-02 13:22:13,6,2,0,,
2024-12-02 13:23:04,20,2,1,,
2024-12-02 13:26:56,6,1,1,,
2024-12-02 13:26:57,6,2,1,,
2024-12-02 13:26:59,6,1,1,,
2024-12-02 13:27:02,8,1,1,,
2024-12-02 13:27:05,20,2,1,,
2024-12-02 13:27:10,6,2,1,,
2024-12-02 13:28:04,30,1,1,,
2024-12-02 13:29:24,12,2,1,,
2024-12-02 13:36:22,4,2,1,,
2024-12-02 13:36:23,12,1,0,,
2024-12-02 13:36:26,6,2,1,,
2024-12-02 13:36:28,18,1,1,,
2024-12-02 13:36:29,6,1,0,,
2024-12-02 13:36:30,8,1,0,,
2024-12-02 13:36:31,20,1,0,,
2024-12-02 13:36:33,6,2,0,,
2024-12-02 13:36:34,6,1,0,,
2024-12-02 13:36:36,18,1,1,,
2024-12-02 13:36:37,12,1,0,,
2024-12-02 13:36:38,12,2,0,,
2024-12-02 13:36:40,8,2,1,,
2024-12-02 13:36:41,14,2,0,,
2024-12-02 13:36:42,8,2,0,,
2024-12-02 13:36:43,14,2,1,,
2024-12-02 13:36:45,18,2,1,,
2024-12-02 13:36:51,20,2,1,,
2024-12-02 13:36:55,12,1,1,,
2024-12-02 13:36:57,12,1,1,,
2024-12-02 13:36:59,18,1,1,,
2024-12-02 13:37:01,26,1,1,,
2024-12-02 13:37:02,12,2,0,,
2024-12-02 13:37:05,8,1,1,,
2024-12-02 13:37:10,12,2,1,,
2024-12-02 13:37:16,8,1,1,,
2024-12-02 13:37:20,20,0,1,,
2024-12-02 13:37:32,20,0,1,,
2024-12-02 13:37:36,20,1,1,,
2024-12-02 13:37:37,14,2,1,,
2024-12-02 13:37:44,8,2,1,,
2024-12-02 13:37:45,20,2,1,,
2024-12-02 13:37:47,12,0,1,,
2024-12-02 13:37:51,6,1,1,,
2024-12-02 13:38:07,8,1,1,,
2024-12-02 13:38:27,10,2,1,,
2024-12-02 13:38:45,12,2,1,,
2024-12-02 13:38:48,6,2,1,,
2024-12-02 13:38:50,12,0,1,,
2024-12-02 13:38:51,20,0,1,,
2024-12-02 13:38:52,20,0,1,,
2024-12-02 13:40:12,4,2,1,,
2024-12-02 13:40:13,12,1,0,,
2024-12-02 13:40:16,4,2,1,,
2024-12-02 13:40:19,20,2,1,,
2024-12-02 13:40:23,12,2,1,,
2024-12-02 13:40:34,12,2,1,,
2024-12-02 13:40:38,6,2,1,,
2024-12-02 13:40:42,14,2,1,,
2024-12-02 13:40:50,20,2,1,,
2024-12-02 13:41:38,26,2,1,,
2024-12-02 13:41:43,36,2,1,,
2024-12-02 13:41:46,20,2,1,,
2024-12-02 13:41:47,4,2,1,,
2024-12-02 13:41:48,36,2,1,,
2024-12-02 13:41:56,18,0,1,,
2024-12-02 13:41:57,36,2,1,,
2024-12-02 13:41:59,6,2,1,,
2024-12-02 13:42:03,8,2,1,,
2024-12-02 13:42:08,8,1,1,,
2024-12-02 13:42:11,12,2,1,,
2024-12-02 13:42:12,20,2,1,,
2024-12-02 13:42:15,6,0,1,,
2024-12-02 13:42:16,12,2,1,,
2024-12-02 13:42:18,18,2,0,,
2024-12-02 13:42:20,18,2,1,,
2024-12-02 13:42:23,4,0,1,,
2024-12-02 13:42:24,6,2,0,,
2024-12-02 13:42:25,20,2,0,,
2024-12-02 13:42:26,6,2,1,,
2024-12-02 13:42:27,20,2,1,,
2024-12-02 13:42:28,4,2,1,,
2024-12-02 13:42:29,20,2,0,,
2024-12-02 13:42:30,20,1,0,,
2024-12-02 13:42:31,8,2,0,,
2024-12-02 13:42:32,18,2,0,,
2024-12-02 13:42:33,10,2,1,,
2024-12-02 13:42:34,12,1,1,,
2024-12-02 13:42:35,6,0,0,,
2024-12-02 13:42:36,6,2,0,,
2024-12-02 13:42:37,4,2,1,,
2024-12-02 13:42:40,46,2,1,,
2024-12-02 13:42:41,12,2,0,,
2024-12-02 13:42:42,18,2,1,,
2024-12-02 13:42:43,24,1,0,,
2024-12-02 13:42:44,28,1,1,,
2024-12-02 13:42:45,16,2,0,,
2024-12-02 13:42:46,16,2,0,,
2024-12-02 13:42:47,28,2,0,,
2024-12-02 13:42:48,20,2,0,,
2024-12-02 13:42:49,20,2,0,,
2024-12-02 13:42:50,12,1,0,,
2024-12-02 13:42:51,18,2,1,,
2024-12-02 13:42:52,38,0,0,,
2024-12-02 13:42:53,6,0,0,,
2024-12-02 13:42:54,30,0,1,,
2024-12-02 13:42:55,8,0,0,,
2024-12-02 13:42:56,8,0,0,,
2024-12-02 13:42:57,14,1,0,,
2024-12-02 13:43:02,12,2,1,,
2024-12-02 13:43:03,16,2,1,,
2024-12-02 13:43:05,8,2,0,,
2024-12-02 13:43:06,40,1,0,,
2024-12-02 13:43:07,24,2,1,,
2024-12-02 13:43:08,12,2,1,,
2024-12-02 13:43:09,12,2,1,,
2024-12-02 13:43:10,8,2,0,,
2024-12-02 13:43:11,20,2,0,,
2024-12-02 13:43:12,22,2,1,,
2024-12-02 13:43:13,12,2,1,,
2024-12-02 13:43:14,10,2,1,,
2024-12-02 13:43:22,8,2,1,,
2024-12-02 13:43:24,54,2,1,,
2024-12-02 13:43:26,4,2,0,,
2024-12-02 13:43:31,6,2,1,,
2024-12-02 13:43:38,16,2,1,,
2024-12-02 13:43:39,6,0,1,,
2024-12-02 13:43:40,4,1,0,,
2024-12-02 13:43:41,6,2,0,,
2024-12-02 13:43:42,8,1,0,,
2024-12-02 13:43:43,6,0,1,,
2024-12-02 13:43:44,6,2,0,,
2024-12-02 13:43:45,22,2,0,,
2024-12-02 13:43:46,14,1,0,,
2024-12-02 13:43:48,6,2,1,,
2024-12-02 13:43:49,12,2,1,,
2024-12-02 13:43:50,6,1,1,,
2024-12-02 13:43:51,34,2,1,,
2024-12-02 13:43:52,6,2,1,,
2024-12-02 13:43:54,6,2,1,,
2024-12-02 13:43:56,20,2,1,,
2024-12-02 13:43:57,20,2,1,,
2024-12-02 13:43:58,20,2,0,,
2024-12-02 13:44:00,4,2,1,,
2024-12-02 13:44:02,10,2,1,,
2024-12-02 13:44:08,8,2,1,,
2024-12-02 13:44:13,6,2,1,,
2024-12-02 13:44:14,6,2,1,,
2024-12-02 13:44:15,20,1,0,,
2024-12-02 13:44:16,8,2,1,,
2024-12-02 13:44:18,6,1,1,,
2024-12-02 13:44:19,6,0,1,,
2024-12-02 13:44:20,8,1,0,,
2024-12-02 13:44:21,6,2,0,,
2024-12-02 13:44:22,20,1,0,,
2024-12-02 13:44:24,8,0,1,,
2024-12-02 13:44:26,6,0,1,,
2024-12-02 13:44:28,4,2,1,,
2024-12-02 13:44:29,14,1,0,,
2024-12-02 13:44:31,4,1,1,,
2024-12-02 13:44:32,12,2,1,,
2024-12-02 13:44:33,6,2,1,,
2024-12-02 13:44:34,4,0,1,,
2024-12-02 13:44:35,12,1,0,,
2024-12-02 13:44:36,10,1,0,,
2024-12-02 13:44:37,8,1,1,,
2024-12-02 13:44:38,12,2,0,,
2024-12-02 13:44:39,6,2,0,,
2024-12-02 13:44:40,10,2,0,,
2024-12-02 13:44:41,4,2,1,,
