2025/1/11 0:48:35,0.072988526,2
2025/1/11 0:48:35,0.072988526,2
2025/1/11 0:48:36,0.072988526,2
2025/1/11 0:48:36,0.072988526,2
2025/1/11 0:48:36,0.072988526,2
2025/1/11 0:48:37,0.072988526,2
2025/1/11 0:48:37,0.072988526,2
2025/1/11 0:48:37,0.072988526,2
2025/1/11 0:48:37,0.072988526,2
2025/1/11 0:49:45,0.072988526,2
2025/1/11 0:49:46,0.072988526,2
2025/1/11 0:49:46,0.072988526,2
2025/1/11 0:49:46,0.072988526,2
2025/1/11 0:49:46,0.072988526,2
2025/1/11 0:49:47,0.072988526,2
2025/1/11 0:49:47,0.072988526,2
2025/1/11 0:49:47,0.072988526,2
2025/1/11 0:52:00,0.072988526,2
2025/1/11 0:52:01,0.072988526,2
2025/1/11 0:52:02,0.072988526,2
2025/1/11 0:52:03,0.072988526,2
2025/1/11 0:52:04,0.072988526,2
2025/1/11 1:17:35,0.25061722366443756,2
2025/1/11 1:17:36,0.25230155777485247,2
2025/1/11 1:17:37,0.2558412035801146,2
2025/1/11 1:17:38,0.2619138807704311,2
2025/1/11 1:17:39,0.26668180528365876,2
2025/1/11 1:17:40,0.2720618143724642,2
2025/1/11 1:17:41,0.28093941929208227,2
2025/1/11 1:17:42,0.2846570594199546,2
2025/1/11 1:17:43,0.28525385857551083,2
2025/1/11 1:17:44,0.2860271338460622,2
2025/1/11 1:17:45,0.28698721023867185,2
2025/1/11 1:17:46,0.2876429818617939,2
2025/1/11 1:17:47,0.28862014897950194,2
2025/1/11 1:17:48,0.29476958298795797,2
2025/1/11 1:17:49,0.34161759014048504,2
2025/1/11 1:17:50,0.32569974116052486,2
2025/1/11 1:17:51,0.32356980362812315,2
2025/1/11 1:17:52,0.32109080966359915,2
2025/1/11 1:17:53,0.3194004230283681,2
2025/1/11 1:17:54,0.31854861307710197,2
2025/1/11 10:20:13,0.31854861307710197,2
2025/1/11 10:20:14,0.31854861307710197,2
2025/1/11 10:20:15,0.31854861307710197,2
2025/1/11 10:23:08,0.31854861307710197,2
2025/1/11 10:23:09,0.31854861307710197,2
2025/1/11 10:23:10,0.31854861307710197,2
2025/1/11 10:24:07,0.31854861307710197,2
2025/1/11 10:24:08,0.31854861307710197,2
2025/1/11 10:24:09,0.31854861307710197,2
2025/1/11 10:45:14,0.35816770557241756,2
2025/1/11 10:45:15,0.3600154481733508,2
2025/1/11 10:45:16,0.3628592008166261,2
2025/1/11 10:45:17,0.3654448345298116,2
2025/1/11 10:45:18,0.36737011556833926,2
2025/1/11 10:45:19,0.36886562209083723,2
2025/1/11 10:45:20,0.36939707499626256,2
2025/1/11 10:45:21,0.3846893785072217,2
2025/1/11 10:45:22,0.3836637268083661,2
2025/1/11 10:45:23,0.3893720636346398,2
2025/1/11 10:45:24,0.3911756776316035,2
2025/1/11 10:45:25,0.39764571752450645,2
2025/1/11 10:45:26,0.3726944358088806,2
2025/1/11 10:45:27,0.4092706967049353,2
2025/1/11 10:45:28,0.4085257119167907,2
2025/1/11 10:45:29,0.40839366577786357,2
2025/1/11 10:45:30,0.4125971732430216,2
2025/1/11 10:45:31,0.41310131023822416,2
2025/1/11 10:45:32,0.4162314299579643,2
2025/1/11 10:45:33,0.4119642369697221,2
2025/1/11 10:45:34,0.42729085464391875,2
2025/1/11 10:45:35,0.44250960305052905,2
2025/1/11 10:45:36,0.43500284479038687,2
2025/1/11 10:45:37,0.42783964022318893,2
2025/1/11 10:45:38,0.4211221068707536,2
2025/1/11 10:45:39,0.4170250381489698,2
2025/1/11 10:45:40,0.47875336420504483,2
2025/1/11 10:45:41,0.4736101275676388,2
2025/1/11 10:45:42,0.46753925120118084,2
2025/1/11 10:45:43,0.46328640118001374,2
2025/1/11 10:45:44,0.4530043848736363,2
2025/1/11 10:45:45,0.4423268264444329,2
2025/1/11 10:45:46,0.43526238566246045,2
2025/1/11 10:45:47,0.4318581353716491,2
2025/1/11 10:45:48,0.43544291630682813,2
2025/1/11 10:45:49,0.4366613028123047,2
2025/1/11 10:45:50,0.43184296389007343,2
2025/1/11 10:45:51,0.4169375095259304,2
2025/1/11 10:45:52,0.4088139442070083,2
2025/1/11 10:45:53,0.4047173708064669,2
2025/1/11 10:45:54,0.4034660182047016,2
2025/1/11 10:45:55,0.40217113202806337,2
2025/1/11 10:45:56,0.3992643725760729,2
2025/1/11 10:45:57,0.40831941827028206,2
2025/1/11 10:45:58,0.40019735006833795,2
2025/1/11 10:45:59,0.39011843351957776,2
2025/1/11 10:46:00,0.3895600497358463,2
2025/1/11 10:46:01,0.2950289076210642,2
2025/1/11 10:46:02,0.27824168962059614,2
2025/1/11 10:46:03,0.28732587089641176,2
2025/1/11 10:46:04,0.2879600424457595,1.9916666666666667
2025/1/11 10:46:05,0.28813759850662396,1.9916666666666667
2025/1/11 10:46:06,0.2815955037723626,2
2025/1/11 10:46:07,0.26574086433145805,2
2025/1/11 10:46:08,0.25287203139620235,2
2025/1/11 10:46:09,0.2402815485760573,2
2025/1/11 10:46:10,0.2322593766714931,2
2025/1/11 10:46:11,0.2435100195349166,2
2025/1/11 10:46:12,0.2418882838963278,2
2025/1/11 10:46:13,0.2374883183262506,2
2025/1/11 10:46:14,0.2656500686027141,2
2025/1/11 10:46:15,0.2656660966672266,2
2025/1/11 10:46:16,0.2731742581721776,2
2025/1/11 10:46:17,0.28163330502868317,2
2025/1/11 10:46:18,0.281540912,2
2025/1/11 10:46:19,0.28090730184636276,2
2025/1/11 10:46:20,0.2808794378390873,2
2025/1/11 10:46:21,0.2817422813896049,2
2025/1/11 10:46:22,0.25982970177513875,2
2025/1/11 10:46:23,0.2411748286106358,2
2025/1/11 10:46:24,0.23697216255947037,2
2025/1/11 10:46:25,0.2443862334899496,2
2025/1/11 10:46:26,0.2453394894961692,2
2025/1/11 10:46:27,0.24624607754660355,2
2025/1/11 10:46:28,0.2497004054176125,2
2025/1/11 10:46:29,0.2108937840582358,2
2025/1/11 10:46:30,0.18546116122595255,2
2025/1/11 10:46:31,0.1695359141247462,2
2025/1/11 10:46:32,0.15907061728854055,2
2025/1/11 10:46:33,0.15384773855335712,2
2025/1/11 10:46:34,0.16564146675567493,2
2025/1/11 10:46:35,0.1589087983435058,2
2025/1/11 10:46:36,0.15172178758124874,2
2025/1/11 10:46:37,0.18833996666015684,2
2025/1/11 10:46:38,0.15536482510823335,2
2025/1/11 10:46:39,0.14936736133122297,2
2025/1/11 10:46:40,0.1430773098225632,2
2025/1/11 10:46:41,0.15316945009715668,2
2025/1/11 10:46:42,0.14834227801792008,2
2025/1/11 10:46:43,0.14343860103949777,2
2025/1/11 10:46:44,0.15290975601831466,2
2025/1/11 10:46:45,0.073547542,2
2025/1/11 10:46:46,0.051636233,2
2025/1/11 10:46:47,0.010983187453827092,2
2025/1/11 10:46:48,0.010388240642982272,2
2025/1/11 10:46:49,0.067545533,2
2025/1/11 10:46:50,0.010516438604038095,2
2025/1/11 10:46:51,0.009116254,2
2025/1/11 10:46:52,0.008268959,2
2025/1/11 10:46:53,0.008024053,2
2025/1/11 10:46:54,0.008780265,2
2025/1/11 10:46:55,0.011753317366778612,2
2025/1/11 10:46:56,0.014787914265605254,2
2025/1/11 10:46:57,0.017412623470645244,2
2025/1/11 10:46:58,0.019439751038326108,2
2025/1/11 10:46:59,0.021069696450115583,2
2025/1/11 10:47:00,0.021867609,2
2025/1/11 10:47:01,0.023708930513573367,2
2025/1/11 10:47:02,0.025958089186589817,2
2025/1/11 10:47:03,0.028942994395239285,2
2025/1/11 10:47:04,0.033063445913695734,2
2025/1/11 10:47:05,0.037048273339730965,2
2025/1/11 10:47:06,0.040607982,2
2025/1/11 10:47:07,0.042512633,2
2025/1/11 10:47:08,0.042091915,2
2025/1/11 10:47:09,0.042784815194618485,2
2025/1/11 10:47:10,0.043402162978550894,2
2025/1/11 10:47:11,0.044335404,2
2025/1/11 10:47:12,0.040386973358468005,2
2025/1/11 10:47:13,0.056964072,2
2025/1/11 10:47:14,0.11251840266928752,2
2025/1/11 10:47:15,0.090066497,2
2025/1/11 10:47:16,0.08409039,2
2025/1/11 10:47:17,0.078088239,2
2025/1/11 10:47:18,0.07135967,2
2025/1/11 10:47:19,0.067823178,2
2025/1/11 10:47:20,0.067031225,2
2025/1/11 10:47:21,0.067468803,2
2025/1/11 10:47:22,0.069025711,2
2025/1/11 10:47:23,0.063150736,2
2025/1/11 10:47:24,0.058319229,2
2025/1/11 10:47:25,0.055827151,2
2025/1/11 10:47:26,0.049900541,2
2025/1/11 10:47:27,0.052186789076187644,2
2025/1/11 10:47:28,0.053482802609111126,2
2025/1/11 10:47:29,0.049439726,2
2025/1/11 10:47:30,0.049200939315431125,2
2025/1/11 10:47:31,0.052859245,2
2025/1/11 10:47:32,0.054145812065574304,2
2025/1/11 10:47:33,0.056793429,2
2025/1/11 10:47:34,0.059232366,2
2025/1/11 10:47:35,0.060024747,2
2025/1/11 10:47:36,0.059187536,2
2025/1/11 10:47:37,0.055220758,2
2025/1/11 10:47:38,0.052252705960864766,2
2025/1/11 10:47:39,0.046993075,2
2025/1/11 10:47:40,0.046482310535878625,2
2025/1/11 10:47:41,0.046922179,2
2025/1/11 10:47:42,0.049695137,2
2025/1/11 10:47:43,0.080034389,2
2025/1/11 10:47:44,0.059616748,2
2025/1/11 10:47:45,0.056209346,2
2025/1/11 10:47:46,0.051083741,2
2025/1/11 10:47:47,0.046600637,2
2025/1/11 10:47:48,0.040853343550736256,2
2025/1/11 10:47:49,0.040518410607594646,2
2025/1/11 10:47:50,0.1182608226036237,2
2025/1/11 10:47:51,0.065748122,2
2025/1/11 10:47:52,0.063843148,2
2025/1/11 10:47:53,0.061856125,2
2025/1/11 10:47:54,0.061519548,1.9916666666666667
2025/1/11 10:47:55,0.061886406277869455,2
2025/1/11 10:47:56,0.062234714,2
2025/1/11 10:47:57,0.062234714,1.7916666666666665
2025/1/11 10:47:58,0.061902428318509006,1.8416666666666663
2025/1/11 10:47:59,0.060964944,1.8416666666666663
2025/1/11 10:48:00,0.060499207,1.7416666666666667
2025/1/11 10:48:01,0.06147811,1.6916666666666669
2025/1/11 10:48:02,0.060912923690858246,1.6916666666666669
2025/1/11 10:48:03,0.047745854,1.5416666666666665
2025/1/11 10:48:04,0.048122634791111306,1.541666666666666
2025/1/11 10:48:05,0.048415652,1.541666666666666
2025/1/11 10:48:06,0.049154960011002245,1.3416666666666663
2025/1/11 10:48:07,0.075634567,1.3916666666666666
2025/1/11 10:48:08,0.062663967,1.2416666666666663
2025/1/11 10:48:09,0.062002484,0.9916666666666658
2025/1/11 10:48:10,0.059249496550960824,1.1416666666666662
2025/1/11 10:48:11,0.054229986035963705,1.1416666666666662
2025/1/11 10:48:12,0.055123591718022315,1.2916666666666665
2025/1/11 10:48:13,0.055293685043202125,1.2916666666666665
2025/1/11 10:48:14,0.054787936,1.2416666666666667
2025/1/11 10:48:15,0.054869646,1.2416666666666667
2025/1/11 10:48:16,0.051900820531697235,1.2416666666666667
2025/1/11 10:48:17,0.052549576,1.2416666666666667
2025/1/11 10:48:19,0.050993342662757936,1.2916666666666665
2025/1/11 10:48:20,0.052150779,1.3916666666666666
2025/1/11 10:48:21,0.052178428,1.3916666666666666
2025/1/11 10:48:22,0.051990075,1.2416666666666663
2025/1/11 10:48:23,0.052115709,1.3416666666666668
2025/1/11 10:48:24,0.13969466802510677,1.3416666666666668
2025/1/11 10:48:25,0.088770177,1.2916666666666665
2025/1/11 10:48:26,0.058690749,1.2916666666666665
2025/1/11 10:48:27,0.05796473,1.2916666666666665
2025/1/11 10:48:28,0.057719820771968834,1.4916666666666658
2025/1/11 10:48:29,0.058144721,1.4916666666666658
2025/1/11 10:48:30,0.056089307,1.6916666666666664
2025/1/11 10:48:31,0.050675136481222495,1.6916666666666664
2025/1/11 10:48:32,0.050522293,1.6916666666666664
2025/1/11 10:48:33,0.049437352,1.6916666666666664
2025/1/11 10:48:34,0.048712254,1.6916666666666664
2025/1/11 10:48:35,0.048364319,1.6416666666666666
2025/1/11 10:48:36,0.048308942,1.791666666666666
2025/1/11 10:48:37,0.048235128,1.791666666666666
2025/1/11 10:48:38,0.048539863,1.9416666666666664
2025/1/11 10:48:39,0.048521283,2
2025/1/11 10:48:40,0.048687348,1.8916666666666662
2025/1/11 10:48:41,0.048269725,2
2025/1/11 10:48:42,0.048057857,2
2025/1/11 10:48:43,0.047736631,2
2025/1/11 10:48:44,0.047032888,2
2025/1/11 10:48:45,0.04624031,1.841666666666666
2025/1/11 10:48:46,0.046151433403077924,1.791666666666666
2025/1/11 10:48:47,0.046725562,1.6416666666666657
2025/1/11 10:48:48,0.04830159,1.541666666666666
2025/1/11 10:48:49,0.048987599,1.541666666666666
2025/1/11 10:48:50,0.049384713,1.6916666666666664
2025/1/11 10:48:51,0.048812351296933176,1.791666666666667
2025/1/11 10:48:52,0.047995792,1.7416666666666663
2025/1/11 10:48:53,0.046790623,1.8416666666666668
2025/1/11 10:48:54,0.045968035,1.8416666666666668
2025/1/11 10:48:55,0.044792067,1.8916666666666666
2025/1/11 10:48:56,0.043499413,1.8916666666666666
2025/1/11 10:48:57,0.042994799,1.8916666666666666
2025/1/11 10:48:58,0.048209382,1.7416666666666663
2025/1/11 10:48:59,0.052040603,1.6916666666666664
2025/1/11 10:49:00,0.051214139,1.7416666666666663
2025/1/11 10:49:01,0.049689906,1.7416666666666663
2025/1/11 10:49:02,0.048266666,1.7416666666666663
2025/1/11 10:49:03,0.046870184,1.791666666666666
2025/1/11 10:49:04,0.045876391,1.791666666666666
2025/1/11 10:49:05,0.044365498,1.791666666666666
2025/1/11 10:49:06,0.041252744,1.691666666666666
2025/1/11 10:49:07,0.037781388247853855,1.691666666666666
2025/1/11 10:49:08,0.034503678443735364,1.5416666666666665
2025/1/11 10:49:09,0.090306107,1.5416666666666665
2025/1/11 10:49:10,0.059491371779005764,1.5416666666666665
2025/1/11 10:49:11,0.055242739716139244,1.5416666666666665
2025/1/11 10:49:12,0.054244566794042694,1.5416666666666665
2025/1/11 10:49:13,0.052146085,1.5416666666666665
2025/1/11 10:49:14,0.049669171872569993,1.5416666666666665
2025/1/11 10:49:15,0.067565353,1.5416666666666665
2025/1/11 10:49:16,0.066852489,1.5416666666666665
2025/1/11 10:49:17,0.070564232,1.5416666666666665
2025/1/11 10:49:18,0.074547397,1.5416666666666665
2025/1/11 10:49:19,0.073442316,1.5416666666666665
2025/1/11 10:49:20,0.077557219,1.5416666666666665
2025/1/11 10:49:21,0.08010312,1.5416666666666665
2025/1/11 10:49:22,0.079706108,1.5416666666666665
2025/1/11 10:49:23,0.083280353,1.5416666666666665
2025/1/11 10:49:24,0.075087947,1.3416666666666663
2025/1/11 10:49:25,0.07827118,1.4916666666666667
2025/1/11 10:49:26,0.082307496,1.4916666666666667
2025/1/11 10:49:27,0.080489163,1.291666666666666
2025/1/11 10:49:28,0.079540082,1.291666666666666
2025/1/11 10:49:29,0.079810936,1.1916666666666664
2025/1/11 10:49:30,0.12177050646479633,1.1916666666666664
2025/1/11 10:49:31,0.06537716,1.1916666666666664
2025/1/11 10:49:32,0.067076348,1.1916666666666664
2025/1/11 10:49:33,0.07263182,1.1916666666666664
2025/1/11 10:49:34,0.079723323,1.1916666666666664
2025/1/11 10:49:35,0.076949884,1.291666666666666
2025/1/11 10:49:36,0.07431488,1.341666666666666
2025/1/11 10:49:37,0.072735947,1.341666666666666
2025/1/11 10:49:38,0.072360261,1.2416666666666663
2025/1/11 10:49:39,0.072816787,1.2416666666666663
2025/1/11 10:49:40,0.073552504,1.2416666666666663
2025/1/11 10:49:41,0.073947594,1.2416666666666663
2025/1/11 10:49:42,0.069845439,1.2416666666666663
2025/1/11 10:49:43,0.073408822,1.2916666666666665
2025/1/11 10:49:44,0.077329486,1.2916666666666665
2025/1/11 10:49:45,0.075537756,1.2916666666666665
2025/1/11 10:49:46,0.11371451702008543,0
2025/1/11 10:49:47,0.21857863759759422,0
2025/1/11 10:49:48,0.062873667,0
2025/1/11 10:49:49,0.063028677,0
2025/1/11 10:49:50,0.062881337,0
2025/1/11 10:49:51,0.062493578262929596,0
2025/1/11 10:49:52,0.065469084,0
2025/1/11 10:49:53,0.067921148,0
2025/1/11 10:49:54,0.067694142,0
2025/1/11 10:49:55,0.067169395,0
2025/1/11 10:49:56,0.066442655,0
2025/1/11 10:49:57,0.065644334,0
2025/1/11 10:49:58,0.06473687,0
2025/1/11 10:49:59,0.062599676,0
2025/1/11 10:50:00,0.061990186122437674,0
2025/1/11 10:50:01,0.061596647,0
2025/1/11 10:50:02,0.061474214,0
2025/1/11 10:50:03,0.061430918210289676,0
2025/1/11 10:50:04,0.079685051,0
2025/1/11 10:50:05,0.067211739,1.2416666666666658
2025/1/11 10:50:06,0.06672867,1.2416666666666658
2025/1/11 10:50:07,0.066238168,1.5916666666666663
2025/1/11 10:50:08,0.065547181,1.5916666666666663
2025/1/11 10:50:09,0.06476963,1.891666666666667
2025/1/11 10:50:10,0.064461324,1.7916666666666665
2025/1/11 10:50:11,0.064653369,1.7916666666666665
2025/1/11 10:50:12,0.064970046,2
2025/1/11 10:50:13,0.065008111,2
2025/1/11 10:50:14,0.064388543,2
2025/1/11 10:50:15,0.063128257,2
2025/1/11 10:50:16,0.062565497,2
2025/1/11 10:50:17,0.065383524,2
2025/1/11 10:50:18,0.068140296,2
2025/1/11 10:50:19,0.067509862,2
2025/1/11 10:50:20,0.067358827,2
2025/1/11 10:50:21,0.067315376,2
2025/1/11 10:50:22,0.067212036,2
2025/1/11 10:50:23,0.066855976,2
2025/1/11 10:50:24,0.066559039,2
2025/1/11 10:50:25,0.070370041,2
2025/1/11 10:50:26,0.069545692,2
2025/1/11 10:50:27,0.069436937,2
2025/1/11 10:50:28,0.076995391,2
2025/1/11 10:50:29,0.067400494,2
2025/1/11 10:50:30,0.067518724,2
2025/1/11 10:50:31,0.067946162,2
2025/1/11 10:50:32,0.06870926,2
2025/1/11 10:50:33,0.069192342,2
2025/1/11 10:50:34,0.069566292,2
2025/1/11 10:50:35,0.070101994,2
2025/1/11 10:50:36,0.070318875,2
2025/1/11 10:50:37,0.067514393,2
2025/1/11 10:50:38,0.064190821,2
2025/1/11 10:50:39,0.064802004,2
2025/1/11 10:50:40,0.065503818,2
2025/1/11 10:50:41,0.065887292,2
2025/1/11 10:50:42,0.066602364,2
2025/1/11 10:50:43,0.067660993,2
2025/1/11 10:50:44,0.068480079,2
2025/1/11 10:50:45,0.069666253,2
2025/1/11 10:50:46,0.071449356,2
2025/1/11 10:50:47,0.073216256,2
2025/1/11 10:50:48,0.09168328,2
2025/1/11 10:50:49,0.054484785,2
2025/1/11 10:50:50,0.055415532239674846,2
2025/1/11 10:50:51,0.055967954,2
2025/1/11 10:50:52,0.056733843204426794,2
2025/1/11 10:50:53,0.05854779,2
2025/1/11 10:50:54,0.061046798,2
2025/1/11 10:50:55,0.037669814,2
2025/1/11 10:50:56,0.033909873,2
2025/1/11 10:50:57,0.033604706,2
2025/1/11 10:50:58,0.032082383128386883,2
2025/1/11 10:50:59,0.030164589,2
2025/1/11 10:51:00,0.026822978086878873,2
2025/1/11 10:51:01,0.026534526825225058,2
2025/1/11 10:51:02,0.026867446,2
2025/1/11 10:51:03,0.027267072898600937,2
2025/1/11 10:51:04,0.025285676880530517,2
2025/1/11 10:51:05,0.026262783938937034,2
2025/1/11 10:51:06,0.021197789,2
2025/1/11 10:51:07,0.022627732532652118,2
2025/1/11 10:51:08,0.022144564403214773,2
2025/1/11 10:51:09,0.021669282,2
2025/1/11 10:51:10,0.021534686988661306,2
2025/1/11 10:51:11,0.020808035,2
2025/1/11 10:51:12,0.018612074486314672,2
2025/1/11 10:51:13,0.010976693887215413,2
2025/1/11 10:51:14,0.012711715,2
2025/1/11 10:51:15,0.014589333008402447,2
2025/1/11 10:51:16,0.016046886833643487,2
2025/1/11 10:51:17,0.016046886833643487,2
2025/1/11 10:51:18,0.016207674076263483,2
2025/1/11 10:51:19,0.015814057341908327,2
2025/1/11 10:51:20,0.015814057341908327,2
2025/1/11 10:51:21,0.015148655292715732,2
2025/1/11 10:51:22,0.014701562617580302,2
2025/1/11 10:51:23,0.014965675194911357,2
2025/1/11 10:51:24,0.012988627918788964,2
2025/1/11 10:51:25,0.013374167754611163,2
2025/1/11 10:51:26,0.013764785763748696,2
2025/1/11 10:51:27,0.36676941281383985,2
2025/1/11 10:51:28,0.008586379,2
2025/1/11 10:51:29,0.010737850896671564,2
2025/1/11 10:51:30,0.012355785318287626,2
2025/1/11 10:51:31,0.098433896,2
2025/1/11 10:51:32,0.032993135,2
2025/1/11 10:51:33,0.024504480270753987,2
2025/1/11 10:51:34,0.025042196,2
2025/1/11 10:51:35,0.026104438728357326,2
2025/1/11 10:51:36,0.025473075302278936,2
2025/1/11 10:51:37,0.024746654,2
2025/1/11 10:51:38,0.035774977,2
2025/1/11 10:51:39,0.035117958,2
2025/1/11 10:51:40,0.035568232,2
2025/1/11 10:51:41,0.035896271,2
2025/1/11 10:51:42,0.035780248,2
2025/1/11 10:51:43,0.035762869,2
2025/1/11 10:51:44,0.03545116,2
2025/1/11 10:51:45,0.034229061,2
2025/1/11 10:51:46,0.033498997,2
2025/1/11 10:51:47,0.032902771,2
2025/1/11 10:51:48,0.041465819,2
2025/1/11 10:51:49,0.049871658,2
2025/1/11 10:51:50,0.047087367,2
2025/1/11 10:51:51,0.044596353,2
2025/1/11 10:51:52,0.042786088,2
2025/1/11 10:51:53,0.041498493266711435,2
2025/1/11 10:51:54,0.040836427683700695,2
2025/1/11 10:51:55,0.051964773,2
2025/1/11 10:51:56,0.051860194787429016,2
2025/1/11 10:51:57,0.012811653,2
2025/1/11 10:51:58,0.010769682,2
2025/1/11 10:51:59,0.012378696021936234,2
2025/1/11 10:52:00,0.015047163485746603,2
2025/1/11 10:52:01,0.018112878630279845,2
2025/1/11 10:52:02,0.021186566,2
2025/1/11 10:52:03,0.023799224084600112,2
2025/1/11 10:52:04,0.040939214,2
2025/1/11 10:52:05,0.019794742344586187,2
2025/1/11 10:52:06,0.012798804340765932,2
2025/1/11 10:52:07,0.018534275334378087,2
2025/1/11 10:52:08,0.070465412,2
2025/1/11 10:52:09,0.037932228,2
2025/1/11 10:52:10,0.032572465,2
2025/1/11 10:52:11,0.027249361002414634,2
2025/1/11 10:52:12,0.21763965591235168,2
2025/1/11 10:52:13,0.032379622,2
2025/1/11 10:52:14,0.033615614,2
2025/1/11 10:52:15,0.033615614,2
2025/1/11 10:52:16,0.033615614,2
2025/1/11 10:52:17,0.033615614,2
2025/1/11 10:52:45,0.051383568,2
2025/1/11 10:52:46,0.050780166,2
2025/1/11 10:52:47,0.069593716,2
2025/1/11 10:52:48,0.026293960955193096,2
2025/1/11 10:52:49,0.038114267,2
2025/1/11 10:52:50,0.042076967,2
2025/1/11 10:52:51,0.043621454,2
2025/1/11 10:52:52,0.042234908,2
2025/1/11 10:52:53,0.041405992086954946,2
2025/1/11 10:52:54,0.045596535,2
2025/1/11 10:52:55,0.048454928206556204,2
2025/1/11 10:52:56,0.048323268906294604,2
2025/1/11 10:52:57,0.048488884656021934,2
2025/1/11 10:52:58,0.048397205465747405,2
2025/1/11 10:52:59,0.047650184,2
2025/1/11 10:53:00,0.04481524,2
2025/1/11 10:53:01,0.048556959,2
2025/1/11 10:53:02,0.049630203,2
2025/1/11 10:53:03,0.052048149,2
2025/1/11 10:53:04,0.056369912,2
2025/1/11 10:53:05,0.055548000844863075,2
2025/1/11 10:53:06,0.054318873567800484,2
2025/1/11 10:53:07,0.066377434,2
2025/1/11 10:53:08,0.069245301,2
2025/1/11 10:53:09,0.066800516,2
2025/1/11 10:53:10,0.063945546,2
2025/1/11 10:53:11,0.059715644,2
2025/1/11 10:53:12,0.051599467,2
2025/1/11 10:53:13,0.044029194,2
2025/1/11 10:53:14,0.041680941,2
2025/1/11 10:53:15,0.041781944898789426,2
2025/1/11 10:53:16,0.053672596842665087,2
2025/1/11 10:53:17,0.020608911500622717,2
2025/1/11 10:53:18,0.039917623,2
2025/1/11 10:53:19,0.097327907,2
2025/1/11 10:53:20,0.069526328,2
2025/1/11 10:53:21,0.070471425,2
2025/1/11 10:53:22,0.071174384,2
2025/1/11 10:53:23,0.072960786,2
2025/1/11 10:53:24,0.077586367,2
2025/1/11 10:53:25,0.085855829,2
2025/1/11 10:53:26,0.091248152,2
2025/1/11 10:53:27,0.09198652,2
2025/1/11 10:53:28,0.092321834,2
2025/1/11 10:53:29,0.09230906,2
2025/1/11 10:53:30,0.084184478,2
2025/1/11 10:53:31,0.092872274,2
2025/1/11 10:53:32,0.088669188,2
2025/1/11 10:53:33,0.097846095,2
2025/1/11 10:53:34,0.10645748266914105,2
2025/1/11 10:53:35,0.10209548872375078,2
2025/1/11 10:53:36,0.09843098,2
2025/1/11 10:53:37,0.098973629,2
2025/1/11 10:53:38,0.098678465,2
2025/1/11 10:53:39,0.098679577,2
2025/1/11 10:53:40,0.10369225466113334,2
2025/1/11 10:53:41,0.10744874663685344,2
2025/1/11 10:53:42,0.10870785931080418,2
2025/1/11 10:53:43,0.11018952413156476,2
2025/1/11 10:53:44,0.10010265,2
2025/1/11 10:53:45,0.12479934946939612,2
2025/1/11 10:53:46,0.14961396486101033,0
2025/1/11 10:53:47,0.1380894082572223,0
2025/1/11 10:53:48,0.13345336583187306,0
2025/1/11 10:53:49,0.12743978480241744,0
2025/1/11 10:53:50,0.13246356694540382,0
2025/1/11 10:53:51,0.13818740095318946,0
2025/1/11 10:53:52,0.13190529726810926,0
2025/1/11 10:53:53,0.12728372959644427,0
2025/1/11 10:53:54,0.12631396866796818,0
2025/1/11 10:53:55,0.11629119421936822,0
2025/1/11 10:53:56,0.15158629023183043,0
2025/1/11 10:53:57,0.1878029199215563,0
2025/1/11 10:53:58,0.1664116364710099,0
2025/1/11 10:53:59,0.1786591444170084,0
2025/1/11 10:54:00,0.17772687909286825,0
2025/1/11 10:54:01,0.17689534872856205,0
2025/1/11 10:54:02,0.17561486451520603,0
2025/1/11 10:54:03,0.17391943979052193,0
2025/1/11 10:54:04,0.16681269605096904,0
2025/1/11 10:54:05,0.15984456892856969,0
2025/1/11 10:54:06,0.17234296950095063,0
2025/1/11 10:54:07,0.17416922784730962,0
2025/1/11 10:54:08,0.16136018401629038,0
2025/1/11 10:54:09,0.1659531134648935,0
2025/1/11 10:54:10,0.16949844225705388,0
2025/1/11 10:54:11,0.17308297070915968,0
2025/1/11 10:54:12,0.17005824403448155,0
2025/1/11 10:54:13,0.1674360422112442,0
2025/1/11 10:54:14,0.21674691101387822,0
2025/1/11 10:54:15,0.24002713686495136,0
2025/1/11 10:54:16,0.23351377494429038,0
2025/1/11 10:54:17,0.24510718361634476,0
2025/1/11 10:54:18,0.2526822345910336,0
2025/1/11 10:54:19,0.25279952446767506,0
2025/1/11 10:54:20,0.2524778319837826,0
2025/1/11 10:54:21,0.25136555833850444,0
2025/1/11 10:54:22,0.2578455692985397,0
2025/1/11 10:54:23,0.2663118432208053,0
2025/1/11 10:54:24,0.26509829269630236,0
2025/1/11 10:54:25,0.25778780590050204,0
2025/1/11 10:54:26,0.27348660751008474,0
2025/1/11 10:54:27,0.2592420256772363,0
2025/1/11 10:54:28,0.2669078777450409,0
2025/1/11 10:54:29,0.2725182033100908,0
2025/1/11 10:54:30,0.26708283562359014,0
2025/1/11 10:54:31,0.25594195544602094,0
2025/1/11 10:54:32,0.2554068708370069,0
2025/1/11 10:54:33,0.26278078128697696,0
2025/1/11 10:54:34,0.25112603613883416,0
2025/1/11 10:54:35,0.22862140825341223,0
2025/1/11 10:54:36,0.22936505791441877,0
2025/1/11 10:54:37,0.20696916111385275,0
2025/1/11 10:54:38,0.1891878176464498,0
2025/1/11 10:54:39,0.18241274562944051,0
2025/1/11 10:54:40,0.18358605540491965,0
2025/1/11 10:54:41,0.18996770169539992,0
2025/1/11 10:54:42,0.1799579976206814,0
2025/1/11 10:54:43,0.21593413894296987,0
2025/1/11 10:54:44,0.23733668524041018,0
2025/1/11 10:54:45,0.2539580588910509,0
2025/1/11 10:54:46,0.28828376840804487,0
2025/1/11 10:54:47,0.2923529032357024,0
2025/1/11 10:54:48,0.2826146713234056,0
2025/1/11 10:54:49,0.27285362509211614,0
2025/1/11 10:54:50,0.26980529360484357,0
2025/1/11 10:54:51,0.2633965683875255,0
2025/1/11 10:54:52,0.2563208427979407,0
2025/1/11 10:54:53,0.2540572958684451,0
2025/1/11 10:54:54,0.24604547103736799,0
2025/1/11 10:54:55,0.26505185127612557,0
2025/1/11 10:54:56,0.24036333472322888,0
2025/1/11 10:54:57,0.22377804487118658,0
2025/1/11 10:54:58,0.18800163718675847,0
2025/1/11 10:54:59,0.21163430299956612,0
2025/1/11 10:55:00,0.2045463331998998,0
2025/1/11 10:55:01,0.2036281738805051,0
2025/1/11 10:55:02,0.20548788121252715,0
2025/1/11 10:55:03,0.17650607438790455,0
2025/1/11 10:55:04,0.16868832336146747,0
2025/1/11 10:55:05,0.16424840578598734,0
2025/1/11 10:55:06,0.16235408193784387,0
2025/1/11 10:55:07,0.15406612133159125,0
2025/1/11 10:55:08,0.14500124972865244,0
2025/1/11 10:55:09,0.16525360275021392,0
2025/1/11 10:55:10,0.16173308796980557,0
2025/1/11 10:55:11,0.16705628759852095,0
2025/1/11 10:55:12,0.16586204453917622,0
2025/1/11 10:55:13,0.17801963,0
2025/1/11 10:55:14,0.19027828440748115,0
2025/1/11 10:55:15,0.18785504855310942,0
2025/1/11 10:55:16,0.1854634573913391,0
2025/1/11 10:55:17,0.18339620601601014,0
2025/1/11 10:55:18,0.183246413,0
2025/1/11 10:55:19,0.18082837324983458,0
2025/1/11 10:55:20,0.17776946423036102,0
2025/1/11 10:55:21,0.17354795761789296,0
2025/1/11 10:55:22,0.16320233791658265,0
2025/1/11 10:55:23,0.17316337315456418,0
2025/1/11 10:55:24,0.1569689421079056,0
2025/1/11 10:55:25,0.13977500411328903,0
2025/1/11 10:55:26,0.1576787209049897,0
2025/1/11 10:55:27,0.16707185685594053,0
2025/1/11 10:55:28,0.17749676357726493,0
2025/1/11 10:55:29,0.17693249792617008,0
2025/1/11 10:55:30,0.1758287125463361,0
2025/1/11 10:55:31,0.18457339630107997,0
2025/1/11 10:55:32,0.1914959788766922,0
2025/1/11 10:55:33,0.1920586559614308,0
2025/1/11 10:55:34,0.21787615333126276,0
2025/1/11 10:55:35,0.17648913600755556,0
2025/1/11 10:55:36,0.1343984246920075,0
2025/1/11 10:55:37,0.15276584385214953,0
2025/1/11 10:55:38,0.14678914979533678,0
2025/1/11 10:55:39,0.13888888450994377,0
2025/1/11 10:55:40,0.12976612243147315,0
2025/1/11 10:55:41,0.1224582059317254,0
2025/1/11 10:55:42,0.11441838578225176,0
2025/1/11 10:55:43,0.11604137553374001,0
2025/1/11 10:55:44,0.12288434183869097,0
2025/1/11 10:55:45,0.11608247056870136,0
2025/1/11 10:55:46,0.12735109304958123,0
2025/1/11 10:55:47,0.14969152811503492,0
2025/1/11 10:55:48,0.14927865072938543,0
2025/1/11 10:55:49,0.15212135744032654,0
2025/1/11 10:55:50,0.15455398854334476,0
2025/1/11 10:55:51,0.15600395299800596,0
2025/1/11 10:55:52,0.1565829196467828,0
2025/1/11 10:55:53,0.16538180973748492,0
2025/1/11 10:55:54,0.15104893178685153,0
2025/1/11 10:55:55,0.15188565937738194,0
2025/1/11 10:55:56,0.14342810955602214,0
2025/1/11 10:55:57,0.13653936306581693,0
2025/1/11 10:55:58,0.13591945167487843,0
2025/1/11 10:55:59,0.1353892444775946,0
2025/1/11 10:56:00,0.1354545101086675,0
2025/1/11 10:56:01,0.13565454622228165,0
2025/1/11 10:56:02,0.13517487933563568,0
2025/1/11 10:56:03,0.12816283326141895,0
2025/1/11 10:56:04,0.12799139800338807,0
2025/1/11 10:56:05,0.1358546107507103,0
2025/1/11 10:56:06,0.14426949920999332,0
2025/1/11 10:56:07,0.15317586780792367,0
2025/1/11 10:56:08,0.15135980305611607,0
2025/1/11 10:56:09,0.15858769791348548,0
2025/1/11 10:56:10,0.16732062102190337,0
2025/1/11 10:56:11,0.1696060753625613,0
2025/1/11 10:56:12,0.1722027673255407,0
2025/1/11 10:56:13,0.19812507714028138,0
2025/1/11 10:56:14,0.19734978869079267,0
2025/1/11 10:56:15,0.19734978869079267,0
2025/1/11 10:57:20,0.087033568,0
2025/1/11 10:57:21,0.1065577257577659,0
2025/1/11 10:57:22,0.11047262864607783,0
2025/1/11 10:57:23,0.1093865592677153,0
2025/1/11 10:57:24,0.11575098739522509,0
2025/1/11 10:57:25,0.10231572901748365,0
2025/1/11 10:57:26,0.17924699185523219,0
2025/1/11 10:57:27,0.17879032529854952,0
2025/1/11 10:57:28,0.17006250326931038,0
2025/1/11 10:57:29,0.16569846825345888,0
2025/1/11 10:57:30,0.18218419742402578,0
2025/1/11 10:57:31,0.16155727665451028,0
2025/1/11 10:57:32,0.16871641812809468,0
2025/1/11 10:57:33,0.16706231300283614,0
2025/1/11 10:57:34,0.15657747576582995,0
2025/1/11 10:57:35,0.15769016921483395,0
2025/1/11 10:57:36,0.15877419549872998,0
2025/1/11 10:57:37,0.15976647253232615,0
2025/1/11 10:57:38,0.16657718696561488,0
2025/1/11 10:57:39,0.16609280751751512,0
2025/1/11 10:57:40,0.1717677762869038,0
2025/1/11 10:57:41,0.17002536265759374,0
2025/1/11 10:57:42,0.17051718362194027,0
2025/1/11 10:57:43,0.1676861149704584,0
2025/1/11 10:57:44,0.17274328991250684,0
2025/1/11 10:57:45,0.17220602317355546,0
2025/1/11 10:57:46,0.1677803717552333,0
2025/1/11 10:57:47,0.17556551278220786,0
2025/1/11 10:57:48,0.17791798380501542,0
2025/1/11 10:57:49,0.17229766066584937,0
2025/1/11 10:57:50,0.1716752642996453,0
2025/1/11 10:57:51,0.1766774766247199,0
2025/1/11 10:57:52,0.17473970859280907,0
2025/1/11 10:57:53,0.1747803255016933,0
2025/1/11 10:57:54,0.1794365971430231,0
2025/1/11 10:57:55,0.16462679171523295,0
2025/1/11 10:57:56,0.17240621025553482,0
2025/1/11 10:57:57,0.16728472157410504,0
2025/1/11 10:58:50,0.13562364073023328,0
2025/1/11 10:58:51,0.13653794327917002,0
2025/1/11 10:58:52,0.1369099871042474,0
2025/1/11 10:58:53,0.136266671,0
2025/1/11 10:58:54,0.13119933964237518,0
2025/1/11 10:58:55,0.12567816268013723,0
2025/1/11 10:58:56,0.12086256480583124,0
2025/1/11 10:58:57,0.1156257623780131,0
2025/1/11 10:58:58,0.1172992287824856,0
2025/1/11 10:58:59,0.11838501301819153,0
2025/1/11 10:59:00,0.11925456022306917,0
2025/1/11 10:59:01,0.11994564933763341,0
2025/1/11 10:59:02,0.12057811176324777,0
2025/1/11 10:59:03,0.12165745050015338,0
2025/1/11 10:59:04,0.1234696313470014,0
2025/1/11 10:59:05,0.12818468365409044,0
2025/1/11 10:59:06,0.1339890605185441,0
2025/1/11 10:59:07,0.13858132531644815,0
2025/1/11 10:59:08,0.14174407514520201,0
2025/1/11 10:59:09,0.14173556048166036,0
2025/1/11 10:59:10,0.13385026720152723,0
2025/1/11 10:59:11,0.13094215866121242,0
2025/1/11 10:59:12,0.1313696482525518,0
2025/1/11 10:59:13,0.13183298818312247,0
2025/1/11 10:59:14,0.13216720503547888,0
2025/1/11 10:59:15,0.13213351096481288,0
2025/1/11 10:59:16,0.1278572190580228,0
2025/1/11 10:59:17,0.13115676018121825,0
2025/1/11 10:59:18,0.13468112818967018,0
2025/1/11 10:59:19,0.11194940321489044,0
2025/1/11 10:59:20,0.12778661375448955,0
2025/1/11 10:59:21,0.12181109570401298,0
2025/1/11 10:59:22,0.12848334356097477,0
2025/1/11 10:59:23,0.1349299254424555,0
2025/1/11 10:59:24,0.1407823481493485,0
2025/1/11 10:59:25,0.14447457405357142,0
2025/1/11 10:59:26,0.14812944512090528,0
2025/1/11 10:59:27,0.1516014705058509,0
2025/1/11 10:59:28,0.15479515463333562,0
2025/1/11 10:59:29,0.15801836745094752,0
2025/1/11 10:59:30,0.1585047955042529,0
2025/1/11 10:59:31,0.16208168721060856,0
2025/1/11 10:59:32,0.16302341812508056,0
2025/1/11 10:59:33,0.14454215223401393,0
2025/1/11 10:59:34,0.14129011065195826,0
2025/1/11 10:59:35,0.1422478455217792,0
2025/1/11 10:59:36,0.14457529479913367,0
2025/1/11 10:59:37,0.14602860082041844,0
2025/1/11 10:59:38,0.14430530768129035,0
2025/1/11 10:59:39,0.1389318559125409,0
2025/1/11 10:59:40,0.1416791423471584,0
2025/1/11 10:59:41,0.20604811357954592,0
2025/1/11 10:59:42,0.23673774924669985,0
2025/1/11 10:59:43,0.23779598752567196,0
2025/1/11 10:59:44,0.23053333186620462,0
2025/1/11 10:59:45,0.2205984193425543,0
2025/1/11 10:59:46,0.22293090675777658,0
2025/1/11 10:59:47,0.2542262099071033,0
2025/1/11 10:59:48,0.15791306527741567,0
2025/1/11 10:59:49,0.10379662944585884,0
2025/1/11 10:59:50,0.078644856,0
2025/1/11 10:59:51,0.053776501,0
2025/1/11 10:59:52,0.049405527,0
2025/1/11 10:59:53,0.018521502,0
2025/1/11 10:59:54,0.018548998,0
2025/1/11 10:59:55,0.019206474617557017,0
2025/1/11 10:59:56,0.022414296094644442,0
2025/1/11 10:59:57,0.021649007,0
2025/1/11 10:59:58,0.016703601,0
2025/1/11 10:59:59,0.013333747691047856,0
2025/1/11 11:00:00,0.012260848904611136,0
2025/1/11 11:00:01,0.011716124356198362,0
2025/1/11 11:00:02,0.010934751,0
2025/1/11 11:00:03,0.006712258,0
2025/1/11 11:00:04,0.010786055447356002,0
2025/1/11 11:00:05,0.014004935174177113,0
2025/1/11 11:00:06,0.014092627047803083,0
2025/1/11 11:00:07,0.082176545,0
2025/1/11 11:00:08,0.013925229367600434,0
2025/1/11 11:00:09,0.013925229367600434,0
2025/1/11 11:00:10,0.010728505,0
2025/1/11 11:00:11,0.027538549,0
2025/1/11 11:00:12,0.022845349,0
2025/1/11 11:00:13,0.022369567220059672,0
2025/1/11 11:00:14,0.024471070736703886,0
2025/1/11 11:00:15,0.022427784,0
2025/1/11 11:00:16,0.029302447717077722,0
2025/1/11 11:00:17,0.038609495,0
2025/1/11 11:00:18,0.031720406069140804,0
2025/1/11 11:00:19,0.035880104,0
2025/1/11 11:00:20,0.035512695,0
2025/1/11 11:00:21,0.042291247466839245,0
2025/1/11 11:00:22,0.040223936,0
2025/1/11 11:00:23,0.04201173,0
2025/1/11 11:00:24,0.044868232,0
2025/1/11 11:00:25,0.047536798,0
2025/1/11 11:00:26,0.039184462,0
2025/1/11 11:00:27,0.021724335520419007,0
2025/1/11 11:00:28,0.024601859,0
2025/1/11 11:00:29,0.019350366772265353,0
2025/1/11 11:00:30,0.013441263985639237,0
2025/1/11 11:00:31,0.013062163768710425,0
2025/1/11 11:00:32,0.023538209,0
2025/1/11 11:00:33,0.011935450024785244,0
2025/1/11 11:00:34,0.002600354,0
2025/1/11 11:00:35,0.003071748,0
2025/1/11 11:00:36,0.003078537,0
2025/1/11 11:00:37,0.001413108,0
2025/1/11 11:00:38,0.002475215,0
2025/1/11 11:00:39,0.003919773,0
2025/1/11 11:00:40,0.00533052,0
2025/1/11 11:00:41,0.008052745,0
2025/1/11 11:00:42,0.007748425,0
2025/1/11 11:00:43,0.012820195,0
2025/1/11 11:00:44,0.013078059372531333,0
2025/1/11 11:00:45,0.012630279029124539,0
2025/1/11 11:00:46,0.012229235142038183,0
2025/1/11 11:00:47,0.005446516,0
2025/1/11 11:00:48,0.005388134,0
2025/1/11 11:00:49,0.006434189,0
2025/1/11 11:00:50,0.03568402,0
2025/1/11 11:48:26,0.1280533935836495,0
2025/1/11 11:48:27,0.13273974416939316,0
2025/1/11 11:48:28,0.11888003109281398,0
2025/1/11 11:48:29,0.12908219204669447,0
2025/1/11 11:48:30,0.12898204575641334,0
2025/1/11 11:48:31,0.13841153881495463,0.041666667
2025/1/11 11:48:32,0.1358266753375109,0.19166666666666599
2025/1/11 11:48:33,0.17485878081893538,0.3416666666666659
2025/1/11 11:48:34,0.17265204024130507,0.49166666666666536
2025/1/11 11:48:35,0.1815271197617722,0.5916666666666659
2025/1/11 11:48:36,0.1761953034359376,0.49166666666666603
2025/1/11 11:48:37,0.18270218183400955,0.5916666666666666
2025/1/11 11:48:38,0.2031782659734341,0.8416666666666659
2025/1/11 11:48:39,0.2423675500900293,0.6916666666666664
2025/1/11 11:48:40,0.20718794475527083,0.6416666666666664
2025/1/11 11:48:41,0.21637258669570972,0.5916666666666663
2025/1/11 11:48:42,0.221220222,0.7916666666666656
2025/1/11 11:48:43,0.24314481957052156,0.9916666666666663
2025/1/11 11:48:44,0.21767108126347687,0.9916666666666663
2025/1/11 11:48:45,0.24428513001325122,0.8416666666666659
2025/1/11 11:48:46,0.23987419659105727,0.8416666666666659
2025/1/11 11:48:47,0.2442455361717221,0.9916666666666663
2025/1/11 11:48:48,0.2409979577518686,0.9416666666666662
2025/1/11 11:48:49,0.22517215055000417,1.0416666666666656
2025/1/11 11:48:50,0.24218972,0.9916666666666658
2025/1/11 11:48:51,0.2606877250001867,1.0416666666666656
2025/1/11 11:48:52,0.2725757807503652,1.141666666666666
2025/1/11 11:48:53,0.2846500721366135,1.2916666666666663
2025/1/11 11:48:54,0.280147228,1.4916666666666658
2025/1/11 11:48:55,0.27600742898849556,1.4916666666666658
2025/1/11 11:48:56,0.2774384760753847,1.6416666666666662
2025/1/11 11:48:57,0.2784011730195471,1.8416666666666655
2025/1/11 11:48:58,0.28086243779046577,1.8416666666666655
2025/1/11 11:48:59,0.27170112604953517,1.7916666666666656
2025/1/11 11:49:00,0.2768449560048203,1.9916666666666663
2025/1/11 11:49:01,0.2905281023790094,1.991666666666666
2025/1/11 11:49:02,0.30499846467741404,2
2025/1/11 11:49:03,0.29010634560641896,2
2025/1/11 11:49:04,0.29010634560641896,2
2025/1/11 11:49:05,0.2767197632397312,2
2025/1/11 11:49:06,0.30283829870571183,2
2025/1/11 11:49:07,0.2892436667103335,2
2025/1/11 11:49:08,0.2686527185150516,2
2025/1/11 11:49:09,0.2686527185150516,2
2025/1/11 11:49:10,0.2780452243237332,2
2025/1/11 11:49:11,0.2721509097199017,2
2025/1/11 11:49:12,0.2795981448522455,2
2025/1/11 11:49:13,0.2613637173117163,2
2025/1/11 11:49:14,0.26167938477308555,2
2025/1/11 11:49:15,0.2714367084199451,2
2025/1/11 11:49:16,0.2570951206093322,2
2025/1/11 11:49:17,0.2513926741332635,2
2025/1/11 11:49:18,0.25619632459489167,2
2025/1/11 11:49:19,0.2276207397899291,2
2025/1/11 11:49:20,0.24292830315043604,2
2025/1/11 11:49:21,0.25160124946077866,2
2025/1/11 11:49:22,0.26174106711410855,2
2025/1/11 11:49:23,0.25709823352151906,2
2025/1/11 11:49:24,0.2582127921264646,2
2025/1/11 11:49:25,0.2520986608828464,2
2025/1/11 11:49:26,0.2615283073532697,2
2025/1/11 11:49:27,0.2855186781149617,2
2025/1/11 11:49:28,0.28516366488457007,2
2025/1/11 11:49:29,0.28468184954270875,2
2025/1/11 11:49:30,0.2937461994588692,2
2025/1/11 11:49:31,0.30366251778105074,2
2025/1/11 11:49:32,0.28669440834607673,2
2025/1/11 11:49:33,0.28010786246999614,2
2025/1/11 11:49:34,0.31253584674246593,2
2025/1/11 11:49:35,0.2934846749357621,2
2025/1/11 11:49:36,0.2901796475177713,2
2025/1/11 11:49:37,0.2769314748557184,2
2025/1/11 11:49:38,0.2728156480366426,2
2025/1/11 11:49:39,0.27687475775519604,2
2025/1/11 11:49:40,0.2710571601639466,2
2025/1/11 11:49:41,0.28166610653747143,2
2025/1/11 11:49:42,0.27538649535470955,2
2025/1/11 11:49:43,0.26842652698974073,2
2025/1/11 11:49:44,0.2747415643258975,2
2025/1/11 11:49:45,0.29277259127131217,2
2025/1/11 11:49:46,0.27248284151158036,2
2025/1/11 11:49:47,0.2603509377039739,2
2025/1/11 11:49:48,0.2635686606539676,2
2025/1/11 11:49:49,0.2818994698460551,2
2025/1/11 11:49:50,0.29071056174309406,2
2025/1/11 11:49:51,0.3091618208425288,2
2025/1/11 11:49:52,0.32610957489736236,2
2025/1/11 11:49:53,0.3351310609587701,2
2025/1/11 11:49:54,0.3412501606455704,2
2025/1/11 11:49:55,0.3465102210235682,2
2025/1/11 11:49:56,0.37646928079232067,2
2025/1/11 11:49:57,0.35212344906057585,2
2025/1/11 11:49:58,0.35962334379270516,2
2025/1/11 11:49:59,0.35443583052369254,2
2025/1/11 11:50:00,0.3559738020712732,2
2025/1/11 11:50:01,0.37016445451780244,2
2025/1/11 11:50:02,0.345218023,2
2025/1/11 11:50:03,0.33900934606429073,2
2025/1/11 11:50:04,0.3347664206958907,2
2025/1/11 11:50:05,0.30212136153194374,2
2025/1/11 11:50:06,0.2997849656386835,2
2025/1/11 11:50:07,0.30159823654823265,2
2025/1/11 11:50:08,0.33302100851754624,2
2025/1/11 11:50:09,0.32316048451400503,2
2025/1/11 11:50:10,0.3128042361610728,2
2025/1/11 11:50:11,0.3154160912819033,2
2025/1/11 11:50:12,0.31531939606939136,2
2025/1/11 11:50:13,0.3171124573676181,2
2025/1/11 11:50:14,0.3080923801465965,2
2025/1/11 11:50:15,0.3053783350807657,2
2025/1/11 11:50:16,0.31911715002106106,2
2025/1/11 11:50:17,0.3306505475630776,2
2025/1/11 11:50:18,0.33100612801278145,2
2025/1/11 11:50:19,0.3037070770227717,2
2025/1/11 11:50:20,0.3195519821361539,2
2025/1/11 11:50:21,0.3228068114229492,2
2025/1/11 11:50:22,0.3048948767105591,2
2025/1/11 11:50:23,0.30585335732320856,2
2025/1/11 11:50:24,0.32403499162245425,2
2025/1/11 11:50:25,0.31193623870745135,2
2025/1/11 11:50:26,0.29670610516266943,2
2025/1/11 11:50:27,0.29345189246529335,2
2025/1/11 11:50:28,0.3101386546255502,2
2025/1/11 11:50:29,0.3214063686436302,2
2025/1/11 11:50:30,0.3304629968693383,2
2025/1/11 11:50:31,0.3017919862646776,2
2025/1/11 11:50:32,0.3079086952081685,2
2025/1/11 11:50:33,0.2982465575755639,2
2025/1/11 11:50:34,0.3000310272074633,2
2025/1/11 11:50:35,0.28574768487931684,2
2025/1/11 11:50:36,0.20313127547895604,2
2025/1/11 11:50:37,0.21312652389882855,2
2025/1/11 11:50:38,0.2157506761791783,2
2025/1/11 11:50:39,0.22449347033986541,2
2025/1/11 11:50:40,0.21639880804671532,2
2025/1/11 11:50:41,0.19255421534909742,2
2025/1/11 11:50:42,0.18013601069896357,2
2025/1/11 11:50:43,0.18199125914304806,2
2025/1/11 11:50:44,0.19036220524547756,2
2025/1/11 11:50:45,0.18995160484567272,2
2025/1/11 11:50:46,0.1965347391976504,2
2025/1/11 11:50:47,0.18664822142977652,2
2025/1/11 11:50:48,0.19545935162435843,2
2025/1/11 11:50:49,0.18529442695809406,2
2025/1/11 11:50:50,0.19291421210614276,2
2025/1/11 11:50:51,0.20070590938264812,2
2025/1/11 11:50:52,0.22156142765860784,2
2025/1/11 11:50:53,0.21840652524809676,2
2025/1/11 11:50:54,0.22565911595656715,2
2025/1/11 11:50:55,0.23245933253736575,2
2025/1/11 11:50:56,0.23165345791472136,2
2025/1/11 11:50:57,0.23098634465469958,2
2025/1/11 11:50:58,0.23990717158432032,2
2025/1/11 11:50:59,0.22799892783977085,2
2025/1/11 11:51:00,0.2197929143027464,2
2025/1/11 11:51:01,0.19418670293905071,2
2025/1/11 11:51:02,0.1919848480792982,2
2025/1/11 11:51:03,0.19102744271368044,2
2025/1/11 11:51:04,0.19638253169230113,2
2025/1/11 11:51:05,0.18899748591698318,2
2025/1/11 11:51:06,0.17962062565072964,2
2025/1/11 11:51:07,0.16940848252298432,2
2025/1/11 11:51:08,0.15985194262194305,2
2025/1/11 11:51:09,0.13038771778616795,2
2025/1/11 11:51:10,0.11553476692538285,2
2025/1/11 11:51:11,0.11083815144307622,2
2025/1/11 11:51:12,0.11717478514435757,2
2025/1/11 11:51:13,0.11999346001657418,2
2025/1/11 11:51:14,0.13345365212768887,2
2025/1/11 11:51:15,0.1346456334313267,2
2025/1/11 11:51:16,0.13721921695209463,2
2025/1/11 11:51:17,0.11675779735072019,2
2025/1/11 11:51:18,0.11867138214476365,2
2025/1/11 11:51:19,0.12779725248185514,2
2025/1/11 11:51:20,0.098461036,2
2025/1/11 11:51:21,0.097107138,2
2025/1/11 11:51:22,0.097200131,2
2025/1/11 11:51:23,0.098995198,2
2025/1/11 11:51:24,0.10032152161794243,2
2025/1/11 11:51:25,0.099472173,2
2025/1/11 11:51:26,0.0972845,2
2025/1/11 11:51:27,0.097769441,2
2025/1/11 11:51:28,0.098663318,2
2025/1/11 11:51:29,0.099919245,2
2025/1/11 11:51:30,0.10047251488125782,2
2025/1/11 11:51:31,0.10054583483546775,2
2025/1/11 11:51:32,0.095282607,2
2025/1/11 11:51:33,0.091156993,2
2025/1/11 11:51:34,0.093023114,2
2025/1/11 11:51:35,0.094124093,2
2025/1/11 11:51:36,0.10868397933674882,2
2025/1/11 11:51:37,0.075675612,2
2025/1/11 11:51:38,0.075250399,2
2025/1/11 11:51:39,0.081739143,2
2025/1/11 11:51:40,0.097377498,2
2025/1/11 11:51:41,0.068903388,2
2025/1/11 11:51:42,0.068054069,2
2025/1/11 11:51:59,0.10992702580259402,2
2025/1/11 11:52:00,0.11371037623753762,2
2025/1/11 11:52:01,0.12521848415661005,2
2025/1/11 11:52:02,0.09463217,2
2025/1/11 11:52:03,0.093498617,2
2025/1/11 11:52:04,0.092648474,2
2025/1/11 11:52:05,0.1020313220347034,2
2025/1/11 11:52:06,0.09918167,2
2025/1/11 11:52:07,0.10288627446370313,2
2025/1/11 11:52:08,0.10411395520689348,2
2025/1/11 11:52:09,0.1049107561547024,2
2025/1/11 11:52:10,0.1113810735245407,2
2025/1/11 11:52:11,0.087776738,2
2025/1/11 11:52:12,0.079746985,2
2025/1/11 11:52:13,0.076021679,2
2025/1/11 11:52:14,0.11025928021116445,2
2025/1/11 11:52:15,0.17306797687589373,2
2025/1/11 11:52:16,0.14754356004574273,2
2025/1/11 11:52:17,0.12110083836916792,2
2025/1/11 11:52:18,0.11475961437615496,2
2025/1/11 11:52:19,0.1188552835718563,2
2025/1/11 11:52:20,0.13495269658448628,2
2025/1/11 11:52:21,0.12883283971888396,2
2025/1/11 11:52:22,0.13249871820113399,2
2025/1/11 11:52:23,0.132036077,2
2025/1/11 11:52:24,0.13061575328700714,2
2025/1/11 11:52:25,0.1306790263179606,2
2025/1/11 11:52:26,0.12856692160601094,2
2025/1/11 11:52:27,0.13022657856413936,2
2025/1/11 11:52:28,0.13074151860926383,2
2025/1/11 11:52:29,0.13045838486965758,2
2025/1/11 11:52:30,0.12967856029122413,2
2025/1/11 11:52:31,0.1220447443401403,2
2025/1/11 11:52:32,0.1277999189307438,2
2025/1/11 11:52:33,0.12266237897766115,2
2025/1/11 11:52:34,0.12261079476383181,2
2025/1/11 11:52:35,0.12557554731324924,2
2025/1/11 11:52:36,0.12122201443663672,2
2025/1/11 11:52:37,0.11488305948709583,2
2025/1/11 11:52:38,0.11684257752157527,2
2025/1/11 11:52:39,0.10822933144040814,2
2025/1/11 11:52:40,0.12449876100345314,2
2025/1/11 11:52:41,0.11477921002725984,2
2025/1/11 11:52:42,0.11803321646262492,2
2025/1/11 11:52:43,0.11776191358862616,2
2025/1/11 11:52:44,0.11652338772757724,2
2025/1/11 11:52:45,0.11551858454909825,2
2025/1/11 11:52:46,0.11482742685003548,2
2025/1/11 11:52:47,0.11389263654567161,2
2025/1/11 11:52:48,0.1311746744917861,2
2025/1/11 11:52:49,0.12153341306697725,2
2025/1/11 11:52:50,0.12633564931642857,2
2025/1/11 11:52:51,0.12487531770415572,2
2025/1/11 11:52:52,0.12401527738759673,2
2025/1/11 11:52:53,0.11204823092762295,2
2025/1/11 11:52:54,0.11940559341652494,2
2025/1/11 11:52:55,0.11328510006407289,2
2025/1/11 11:52:56,0.12697990686301885,2
2025/1/11 11:52:57,0.13101686982019833,2
2025/1/11 11:52:58,0.13015841762753308,2
2025/1/11 11:52:59,0.14478854985095765,2
2025/1/11 11:53:00,0.13551367199829226,2
2025/1/11 11:53:01,0.12920548484845717,2
2025/1/11 11:53:02,0.13528479420833447,2
2025/1/11 11:53:03,0.12962940051409802,2
2025/1/11 11:53:05,0.1457384933221816,2
2025/1/11 11:53:06,0.14025238342748722,2
2025/1/11 11:53:07,0.13436760755264254,2
2025/1/11 11:53:08,0.1294261331144706,2
2025/1/11 11:53:09,0.12740858082393913,2
2025/1/11 11:53:10,0.12593282535789077,2
2025/1/11 11:53:11,0.11847823024399329,2
2025/1/11 11:53:12,0.13099981492724014,2
2025/1/11 11:53:13,0.13867461102849563,2
2025/1/11 11:53:14,0.1469113333108285,2
2025/1/11 11:53:15,0.1520947559737098,2
2025/1/11 11:53:16,0.14524945485596094,2
2025/1/11 11:53:17,0.1694807965136079,2
2025/1/11 11:53:18,0.15006891911332806,2
2025/1/11 11:53:19,0.1512436918938893,2
2025/1/11 11:53:20,0.12218361903917474,2
2025/1/11 11:53:21,0.214621268,2
2025/1/11 11:53:22,0.2553023238527901,2
2025/1/11 11:53:23,0.30586366561519246,2
2025/1/11 11:53:24,0.3111137127663892,2
2025/1/11 11:53:25,0.3050946433793058,2
2025/1/11 11:53:26,0.3020590111941299,1.8416666666666663
2025/1/11 11:53:27,0.3092105999415214,1.8416666666666663
2025/1/11 11:53:28,0.3069760996558147,1.8416666666666663
2025/1/11 11:53:29,0.30373510218478517,1.7916666666666665
2025/1/11 11:53:30,0.3012977299082231,1.7916666666666665
2025/1/11 11:53:31,0.29884516500582414,1.5416666666666654
2025/1/11 11:53:32,0.2738021456592559,1.5416666666666654
2025/1/11 11:53:33,0.2716338163669292,1.5416666666666654
2025/1/11 11:53:34,0.2701953870292228,1.4916666666666654
2025/1/11 11:53:35,0.27194778372236944,1.4916666666666654
2025/1/11 11:53:36,0.2722571604765296,1.2416666666666663
2025/1/11 11:53:37,0.26283202232999575,1.291666666666666
2025/1/11 11:53:38,0.23840983943152105,1.091666666666666
2025/1/11 11:53:39,0.26352195692829206,1.091666666666666
2025/1/11 11:53:40,0.26003736295622115,1.041666666666666
2025/1/11 11:53:41,0.2520611158705677,1.041666666666666
2025/1/11 11:53:42,0.28133968011030586,0.8916666666666657
2025/1/11 11:53:43,0.2798681942696324,0.8916666666666657
2025/1/11 11:53:44,0.2867707332392408,0.8416666666666657
2025/1/11 11:53:45,0.2827278201089743,0.7416666666666663
2025/1/11 11:53:46,0.2799547385545235,0.6916666666666662
2025/1/11 11:53:47,0.278381132,0.5916666666666659
2025/1/11 11:53:48,0.25220902837006776,0.5916666666666659
2025/1/11 11:53:49,0.24807010868152415,0.5416666666666659
2025/1/11 11:53:50,0.24864731581056798,0.3916666666666664
2025/1/11 11:53:51,0.25804819382662086,0.44166666666666643
2025/1/11 11:53:52,0.26608996413368785,0.44166666666666643
2025/1/11 11:53:53,0.27406723928468485,0.3416666666666659
2025/1/11 11:53:54,0.2750442435940628,0.3416666666666659
2025/1/11 11:53:55,0.2766775003484221,0.1416666666666655
2025/1/11 11:53:56,0.27775987967177346,0.091666667
2025/1/11 11:53:57,0.2769148301179121,0
2025/1/11 11:53:58,0.27703383991908154,0
2025/1/11 11:53:59,0.2775365762083741,0
2025/1/11 11:54:00,0.27717766612658074,0
2025/1/11 11:54:01,0.2764558418169026,0
2025/1/11 11:54:02,0.2755354539012516,0
2025/1/11 11:54:03,0.27536173104905065,0
2025/1/11 11:54:04,0.27517060358955164,0
2025/1/11 11:54:05,0.2746165640962472,0
2025/1/11 11:54:06,0.3018917971601714,0
2025/1/11 11:54:07,0.29978297347366717,0
2025/1/11 11:54:08,0.3077549794686704,0
2025/1/11 11:54:09,0.30730598919920443,0
2025/1/11 11:54:10,0.308258427,0
2025/1/11 11:54:11,0.3316966900588816,0
2025/1/11 11:54:12,0.32847180577749874,0
2025/1/11 11:54:13,0.3362840235540081,0
2025/1/11 11:54:14,0.3339303376899336,0
2025/1/11 11:54:15,0.3348435602083944,0
2025/1/11 11:54:16,0.3368218470028615,0
2025/1/11 11:54:17,0.33868799638054653,0
2025/1/11 11:54:18,0.33901575700388503,0
2025/1/11 11:54:19,0.37029594919400727,0
2025/1/11 11:54:20,0.37252865966285514,0
2025/1/11 11:54:21,0.3802001422839103,0
2025/1/11 11:54:22,0.37978772041764125,0
2025/1/11 11:54:23,0.3779562750084873,0
2025/1/11 11:54:24,0.376466547,0
2025/1/11 11:54:25,0.36749800537035365,0
2025/1/11 11:54:26,0.3690209020941584,0
2025/1/11 11:54:27,0.3570689812892615,0
2025/1/11 11:54:28,0.3575782702766417,0
2025/1/11 11:54:29,0.3583768894007135,0
2025/1/11 11:54:30,0.35875228522517216,0
2025/1/11 11:54:31,0.35760408675446403,0
2025/1/11 11:54:32,0.3487631244379907,0
2025/1/11 11:54:33,0.3737509043388534,0
2025/1/11 11:54:34,0.3686492146575165,0
2025/1/11 11:55:47,0.38603403833684347,0
2025/1/11 11:55:48,0.38507777868180293,0
2025/1/11 11:55:49,0.4225634689295344,0
2025/1/11 11:55:50,0.41852780313222926,0
2025/1/11 11:55:51,0.4298616818034193,0
2025/1/11 11:55:52,0.4269850729557854,0
2025/1/11 11:55:53,0.4224998895340482,0
2025/1/11 11:55:54,0.4478087495782653,0
2025/1/11 11:55:55,0.4582082125150084,0
2025/1/11 11:55:56,0.45851634369330707,0
2025/1/11 11:55:57,0.4583776778756256,0
2025/1/11 11:55:58,0.5006372066134971,0
2025/1/11 11:55:59,0.4550951161569297,0
2025/1/11 11:56:00,0.4985014579117079,0
2025/1/11 11:56:01,0.3512038631965102,0
2025/1/11 11:56:02,0.24220705989656022,0
2025/1/11 11:56:03,0.2865608081754316,0
2025/1/11 11:56:04,0.29454748824513083,0
2025/1/11 11:56:05,0.31630550343406627,0
2025/1/11 11:56:06,0.3088821678578689,0
2025/1/11 11:56:07,0.30469420488527454,0
2025/1/11 11:56:08,0.29844755049870536,0
2025/1/11 11:56:09,0.25578569038736737,0
2025/1/11 11:56:10,0.19813637235071027,0
2025/1/11 11:56:11,0.12476224383694164,0
2025/1/11 11:56:12,0.14562817093082106,0
2025/1/11 11:56:13,0.1831378189867392,0
2025/1/11 11:56:14,0.2166398536588816,0
2025/1/11 11:56:15,0.22777166046663133,0
2025/1/11 11:56:16,0.22242741377602546,0
2025/1/11 11:56:17,0.2225513182728879,0
2025/1/11 11:56:18,0.22277445919307345,0
2025/1/11 11:56:19,0.2245355376577578,0
2025/1/11 11:56:20,0.2290371862861981,0
2025/1/11 11:56:21,0.22341814388351144,0
2025/1/11 11:56:22,0.2054583600529852,0
2025/1/11 11:56:23,0.21297980580952544,0
2025/1/11 11:56:24,0.22624961664547585,0
2025/1/11 11:56:25,0.26072313922454854,0
2025/1/11 11:56:26,0.23916913738255405,0
2025/1/11 11:56:27,0.22866977554606085,0
2025/1/11 11:56:28,0.21669826422805802,0
2025/1/11 11:56:29,0.21072544644731886,0
2025/1/11 11:56:30,0.2104424339014539,0
2025/1/11 11:56:31,0.20699994049441806,0
2025/1/11 11:56:32,0.20245476651639782,0
2025/1/11 11:56:33,0.20212236658842123,0
2025/1/11 11:56:34,0.19592919473693135,0
2025/1/11 11:56:35,0.20860830602749955,0
2025/1/11 11:56:36,0.20396509059460546,0
2025/1/11 11:56:37,0.20850760854856176,0
2025/1/11 11:56:38,0.19588910454608044,0
2025/1/11 11:56:39,0.20084409836628003,0
2025/1/11 11:56:40,0.1946652396135186,0
2025/1/11 11:56:41,0.19226525174783152,0
2025/1/11 11:56:42,0.18933274364912522,0
2025/1/11 11:56:43,0.17683337310927674,0
2025/1/11 11:56:44,0.18147550201038318,0
2025/1/11 11:56:45,0.1759427995332099,0
2025/1/11 11:56:46,0.17341260692807112,0
2025/1/11 11:56:47,0.17116189579853236,0
2025/1/11 11:56:48,0.1687348325078649,0
2025/1/11 11:56:49,0.16304981844698796,0
2025/1/11 11:56:50,0.16766140800506482,0
2025/1/11 11:56:51,0.1597786346556358,0
2025/1/11 11:56:52,0.15774611395815116,0
2025/1/11 11:56:53,0.14634894710667382,0
2025/1/11 11:56:54,0.15323774797250259,0
2025/1/11 11:56:55,0.14728449037824554,0
2025/1/11 11:56:56,0.14540658052198374,0
2025/1/11 11:56:57,0.13305351969082344,0
2025/1/11 11:56:58,0.15281869194265255,0
2025/1/11 11:56:59,0.15480815572193526,0
2025/1/11 11:57:00,0.1513961634488236,0
2025/1/11 11:57:01,0.15029396187758617,0
2025/1/11 11:57:02,0.14827720285211163,0
2025/1/11 11:57:03,0.22051001389948333,0
2025/1/11 11:57:04,0.075963749,0
2025/1/11 11:57:05,0.072394897,0
2025/1/11 11:57:06,0.072152619,0
2025/1/11 11:57:07,0.06826707,0
2025/1/11 11:57:08,0.064023921,0
2025/1/11 11:57:09,0.057207686,0
2025/1/11 11:57:10,0.059970559,0
2025/1/11 11:57:11,0.063193828,0
2025/1/11 11:57:12,0.077794804,0
2025/1/11 11:57:13,0.089667073,0
2025/1/11 11:57:14,0.09585171,0
2025/1/11 11:57:15,0.091550013,0
2025/1/11 11:57:16,0.089608447,0
2025/1/11 11:57:17,0.087662174,0
2025/1/11 11:57:18,0.082039381,0
2025/1/11 11:57:19,0.09466633,0
2025/1/11 11:57:20,0.10017170374439759,0
2025/1/11 11:57:21,0.096563663,0
2025/1/11 11:57:22,0.090924802,0
2025/1/11 11:57:23,0.097164415,0
2025/1/11 11:57:24,0.089678,0
2025/1/11 11:57:25,0.071874252,0
2025/1/11 11:57:26,0.068772683,0
2025/1/11 11:57:27,0.063896404,0
2025/1/11 11:57:28,0.071666361,0
2025/1/11 11:57:29,0.078558594,0
2025/1/11 11:57:30,0.079662696,0
2025/1/11 11:57:31,0.079131193,0
2025/1/11 11:57:32,0.078485333,0
2025/1/11 11:57:33,0.079073505,0
2025/1/11 11:57:34,0.079417736,0
2025/1/11 11:57:35,0.074885104,0
2025/1/11 11:57:36,0.070935421,0
2025/1/11 11:57:37,0.069687272,0
2025/1/11 11:57:38,0.074289543,0
2025/1/11 11:57:39,0.067263901,0
2025/1/11 11:57:40,0.090234649,0
2025/1/11 11:57:41,0.11195614498035263,0
2025/1/11 11:57:42,0.10424068604693397,0
2025/1/11 11:57:43,0.10361861858611254,0
2025/1/11 11:57:44,0.10525982671943786,0
2025/1/11 11:57:45,0.1036344411470617,0
2025/1/11 11:57:46,0.10272150534029893,0
2025/1/11 11:57:47,0.10209671288201694,0
2025/1/11 11:57:48,0.10017675701076396,0
2025/1/11 11:57:49,0.096844312,0
2025/1/11 11:57:50,0.10315145007990001,0
2025/1/11 11:57:51,0.10132647752517936,0
2025/1/11 11:57:52,0.092795988,0
2025/1/11 11:57:53,0.083982027,0
2025/1/11 11:57:54,0.08023563,0
2025/1/11 11:57:55,0.091535982,0
2025/1/11 11:57:56,0.096975004,0
2025/1/11 11:57:57,0.088792948,0
2025/1/11 11:57:58,0.053086417,0
2025/1/11 11:57:59,0.050063806791568556,0
2025/1/11 11:58:00,0.052425149,0
2025/1/11 11:58:01,0.057405315,0
2025/1/11 11:58:02,0.054035869,0
2025/1/11 11:58:03,0.052240569,0
2025/1/11 11:58:04,0.050311062,0
2025/1/11 11:58:05,0.048809623,0
2025/1/11 11:58:06,0.050290305,0
2025/1/11 11:58:07,0.056491425,0
2025/1/11 11:58:08,0.059722128348827695,0
2025/1/11 11:58:09,0.058769808918246014,0
2025/1/11 11:58:10,0.059942983,0
2025/1/11 11:58:11,0.061229236718839765,0
2025/1/11 11:58:12,0.059023570670464785,0
2025/1/11 11:58:13,0.060245143,0
2025/1/11 11:58:14,0.063276295,0
2025/1/11 11:58:15,0.058425387,0
2025/1/11 11:58:16,0.056244776230103856,0
2025/1/11 11:58:17,0.05956978,0
2025/1/11 11:58:18,0.056350370188893294,0
2025/1/11 11:58:19,0.057506950183397944,0
2025/1/11 11:58:20,0.053370371,0
2025/1/11 11:58:21,0.055594458394572964,0
2025/1/11 11:58:22,0.061293509,0
2025/1/11 11:58:23,0.059743557876403695,0
2025/1/11 11:58:24,0.057375589,0
2025/1/11 11:58:25,0.060355154905722706,0
2025/1/11 11:58:26,0.063411604,0
2025/1/11 11:58:27,0.066210603,0
2025/1/11 11:58:28,0.065913912,0
2025/1/11 11:58:29,0.063256299,0
2025/1/11 11:58:30,0.072504812,0
2025/1/11 11:58:31,0.07621941,0
2025/1/11 11:58:32,0.087482654,0
2025/1/11 11:58:33,0.091536057,0
2025/1/11 11:58:34,0.097587895,0
2025/1/11 11:58:35,0.099077439,0
2025/1/11 11:58:36,0.10958450184635238,0
2025/1/11 11:58:37,0.10812793326267167,0
2025/1/11 11:58:38,0.11323390833698932,0
2025/1/11 11:58:39,0.11788463126846234,0
2025/1/11 11:58:40,0.11946981454199228,0
2025/1/11 11:58:41,0.12077454009116077,0
2025/1/11 11:58:42,0.20395033038308163,0
2025/1/11 11:58:43,0.1523067679247608,0
2025/1/11 11:58:44,0.1577145354463596,0
2025/1/11 11:58:45,0.15338908238063098,0
2025/1/11 11:58:46,0.15797729405812921,0
2025/1/11 11:58:47,0.1624673996050389,0
2025/1/11 11:58:48,0.17866828247482625,0
2025/1/11 11:58:49,0.1845882790256345,0
2025/1/11 11:58:50,0.19048061061384672,0
2025/1/11 11:58:51,0.18854127328001416,0
2025/1/11 11:58:52,0.18659785873104143,0
2025/1/11 11:58:53,0.19162304493384053,0
2025/1/11 11:58:54,0.19697340054957246,0
2025/1/11 11:58:55,0.1944954688360768,0
2025/1/11 11:58:56,0.19176640911791676,0
2025/1/11 11:58:57,0.20547128061365308,0
2025/1/11 11:58:58,0.2037028641781727,0
2025/1/11 11:58:59,0.20831585800045893,0
2025/1/11 11:59:00,0.21315828543208135,0
2025/1/11 11:59:01,0.2271440132143995,0
2025/1/11 11:59:02,0.23197868249427125,0
2025/1/11 11:59:03,0.26587431975306536,0
2025/1/11 11:59:04,0.2841899090866069,0
2025/1/11 11:59:05,0.28907974863448277,0
2025/1/11 11:59:06,0.30774596357639306,0
2025/1/11 11:59:07,0.305867304,0
2025/1/11 11:59:08,0.30406936466730466,0
2025/1/11 11:59:09,0.3093196433441136,0
2025/1/11 11:59:10,0.31262054118588356,0
2025/1/11 11:59:11,0.31583461011877983,0
2025/1/11 11:59:12,0.3210424203344912,0
2025/1/11 11:59:13,0.32544463388018957,0
2025/1/11 11:59:14,0.3313189733616384,0
2025/1/11 11:59:15,0.3369567549075068,0
2025/1/11 11:59:16,0.3399079292116934,0
2025/1/11 11:59:17,0.3447199520148523,0
2025/1/11 11:59:18,0.3380921988476002,0
2025/1/11 11:59:19,0.3312370331762306,0
2025/1/11 11:59:20,0.32371648226636324,0
2025/1/11 11:59:21,0.31606641477651126,0
2025/1/11 11:59:22,0.30827000238464297,0
2025/1/11 11:59:23,0.30047247815447403,0
2025/1/11 11:59:24,0.29206231183162856,0
2025/1/11 11:59:25,0.28215806,0
2025/1/11 11:59:26,0.2712996103632695,0
2025/1/11 11:59:27,0.26391787417714774,0
2025/1/11 11:59:28,0.2746543224660816,0
2025/1/11 11:59:29,0.2786227249860859,0
2025/1/11 11:59:30,0.2801320124374905,0
2025/1/11 11:59:31,0.26944456681045753,0
2025/1/11 11:59:32,0.2599925384778577,0
2025/1/11 11:59:33,0.2713195324216753,0
2025/1/11 11:59:34,0.26997825858820645,0
2025/1/11 11:59:35,0.2686953388688913,0
2025/1/11 11:59:36,0.761353855,0
2025/1/11 11:59:37,0.7015622708818485,0
2025/1/11 11:59:38,0.7790451138374946,0
2025/1/11 11:59:39,0.8142651739755008,0
2025/1/11 11:59:40,0.8082527764786193,0
2025/1/11 11:59:41,0.8276593953449772,0
2025/1/11 11:59:42,0.8537684246037056,0
2025/1/11 11:59:43,0.8094294153933864,0
2025/1/11 11:59:44,0.7638333244587029,0
2025/1/11 11:59:45,0.7153613861610403,0
2025/1/11 11:59:46,0.6605691011144604,0
2025/1/11 11:59:47,0.6022059889754693,0
2025/1/11 11:59:48,0.5400758329090958,0
2025/1/11 11:59:49,0.47862001786100744,0
2025/1/11 11:59:50,0.4162924671788934,0
2025/1/11 11:59:51,0.33564849544237224,0
2025/1/11 11:59:52,0.28343644845032845,0
2025/1/11 11:59:53,0.28877670980216275,0
2025/1/11 11:59:54,0.3253429316349818,0
2025/1/11 11:59:55,0.2122120718967079,0
2025/1/11 11:59:56,0.2527588249688891,0
2025/1/11 11:59:57,0.35663391555299934,0
2025/1/11 11:59:58,0.19281966129201855,0
2025/1/11 11:59:59,0.2312746583816135,0
2025/1/11 12:00:00,0.25129908757861674,0
2025/1/11 12:00:01,0.22424467997882522,0
2025/1/11 12:00:02,0.32009948140068395,0
2025/1/11 12:00:03,0.013067922098581727,0
2025/1/11 12:00:04,0.031477494,0
2025/1/11 12:00:05,0.046032504,0
2025/1/11 12:00:06,0.061991379,0
2025/1/11 12:00:07,2,0
2025/1/11 12:00:08,1.4757954352945202,0
2025/1/11 12:00:09,1.0628561264600227,0
2025/1/11 12:00:10,2,0
2025/1/11 12:00:11,nan,0
2025/1/11 12:00:12,nan,0
2025/1/11 12:00:13,nan,0
2025/1/11 12:00:14,nan,0
2025/1/11 12:00:15,nan,0
2025/1/11 12:00:16,nan,0
2025/1/11 12:00:17,nan,0
2025/1/11 12:00:18,nan,0
2025/1/11 12:00:19,nan,0
2025/1/11 12:00:20,nan,0
2025/1/11 12:00:21,nan,0
2025/1/11 12:00:22,nan,0
2025/1/11 12:00:23,nan,0
2025/1/11 12:00:24,nan,0
2025/1/11 12:00:25,nan,0
2025/1/11 12:00:26,nan,0
2025/1/11 12:00:27,nan,0
2025/1/11 12:00:28,nan,0
2025/1/11 12:00:29,nan,0
2025/1/11 12:00:30,nan,0
2025/1/11 12:00:31,nan,0
2025/1/11 12:00:32,nan,0
2025/1/11 12:00:33,nan,0
2025/1/11 12:00:34,nan,0
2025/1/11 12:00:35,nan,0
2025/1/11 12:00:36,nan,0
2025/1/11 12:00:37,nan,0
2025/1/11 12:00:38,nan,0
2025/1/11 12:00:39,nan,0
2025/1/11 12:00:40,nan,0
2025/1/11 12:00:41,nan,0
2025/1/11 12:00:42,nan,0
2025/1/11 12:00:43,nan,0
2025/1/11 12:00:44,nan,0
2025/1/11 12:00:45,nan,0
2025/1/11 12:00:46,nan,0
2025/1/11 12:00:47,nan,0
2025/1/11 12:00:48,nan,0
2025/1/11 12:00:49,nan,0
2025/1/11 12:00:50,nan,0
2025/1/11 12:00:51,nan,0
2025/1/11 12:00:52,nan,0
2025/1/11 12:00:53,nan,0
2025/1/11 12:00:54,nan,0
2025/1/11 12:00:55,nan,0
2025/1/11 12:00:56,nan,0
2025/1/11 12:00:57,nan,0
2025/1/11 12:00:58,nan,0
2025/1/11 12:00:59,nan,0
2025/1/11 12:01:00,nan,0
2025/1/11 12:01:01,nan,0
2025/1/11 12:01:02,nan,0
2025/1/11 12:01:03,nan,0
2025/1/11 12:01:04,nan,0
2025/1/11 12:01:05,nan,0
2025/1/11 12:01:06,nan,0
2025/1/11 12:01:07,nan,0
2025/1/11 12:01:08,nan,0
2025/1/11 12:01:09,nan,0
2025/1/11 12:01:10,nan,0
2025/1/11 12:01:11,nan,0
2025/1/11 12:01:12,nan,0
2025/1/11 12:01:13,nan,0
2025/1/11 12:01:14,nan,0
2025/1/11 12:01:15,nan,0
2025/1/11 12:01:16,nan,0
2025/1/11 12:01:17,nan,0
2025/1/11 12:01:18,nan,0
2025/1/11 12:01:19,nan,0
2025/1/11 12:01:20,nan,0
2025/1/11 12:01:21,nan,0
2025/1/11 12:01:22,nan,0
2025/1/11 12:01:23,nan,0
2025/1/11 12:01:24,nan,0
2025/1/11 12:01:25,nan,0
2025/1/11 12:01:26,nan,0
2025/1/11 12:01:27,nan,0
2025/1/11 12:01:28,nan,0
2025/1/11 12:01:29,nan,0
2025/1/11 12:01:30,nan,0
2025/1/11 12:01:31,nan,0
2025/1/11 12:01:32,nan,0
2025/1/11 12:01:33,nan,0
2025/1/11 12:01:34,nan,0
2025/1/11 12:01:35,nan,0
2025/1/11 12:01:36,nan,0
2025/1/11 12:01:37,nan,0
2025/1/11 12:01:38,nan,0
2025/1/11 12:01:39,nan,0
2025/1/11 12:01:40,nan,0
2025/1/11 12:01:41,nan,0
2025/1/11 12:01:42,nan,0
2025/1/11 12:01:43,nan,0
2025/1/11 12:01:44,nan,0
2025/1/11 12:01:45,nan,0
2025/1/11 12:01:46,nan,0
2025/1/11 12:01:47,nan,0
2025/1/11 12:01:48,nan,0
2025/1/11 12:01:49,nan,0
2025/1/11 12:01:50,nan,0
2025/1/11 12:01:51,nan,0
2025/1/11 12:01:52,nan,0
2025/1/11 12:01:53,nan,0
2025/1/11 12:01:54,nan,0
2025/1/11 12:01:55,nan,0
2025/1/11 12:01:56,nan,0
2025/1/11 12:01:57,nan,0
2025/1/11 12:01:58,nan,0
2025/1/11 12:01:59,nan,0
2025/1/11 12:02:00,nan,0
2025/1/11 12:02:01,nan,0
2025/1/11 12:02:02,nan,0
2025/1/11 12:02:03,nan,0
2025/1/11 12:02:04,nan,0
2025/1/11 12:02:05,nan,0
2025/1/11 12:02:06,nan,0
2025/1/11 12:02:07,nan,0
2025/1/11 12:02:08,nan,0
2025/1/11 12:02:09,nan,0
2025/1/11 12:02:10,nan,0
2025/1/11 12:02:11,nan,0
2025/1/11 12:02:12,nan,0
2025/1/11 12:02:13,nan,0
2025/1/11 12:02:14,nan,0
2025/1/11 12:02:15,nan,0
2025/1/11 12:02:16,nan,0
2025/1/11 12:02:17,nan,0
2025/1/11 12:02:18,nan,0
2025/1/11 12:02:19,nan,0
2025/1/11 12:02:20,nan,0
2025/1/11 12:02:21,nan,0
2025/1/11 12:02:22,nan,0
2025/1/11 12:02:23,nan,0
2025/1/11 12:02:24,nan,0
2025/1/11 12:02:25,nan,0
2025/1/11 12:02:26,nan,0
2025/1/11 12:02:27,nan,0
2025/1/11 12:02:28,nan,0
2025/1/11 12:02:29,nan,0
2025/1/11 12:02:30,nan,0
2025/1/11 12:02:31,nan,0
2025/1/11 12:02:32,nan,0
2025/1/11 12:02:33,nan,0
2025/1/11 12:02:34,nan,0
2025/1/11 12:02:35,nan,0
2025/1/11 12:02:36,nan,0
2025/1/11 12:02:37,nan,0
2025/1/11 12:02:38,nan,0
2025/1/11 12:02:39,nan,0
2025/1/11 12:02:40,nan,0
2025/1/11 12:02:41,nan,0
2025/1/11 12:02:42,nan,0
2025/1/11 12:02:43,nan,0
2025/1/11 12:02:44,nan,0
2025/1/11 12:02:45,nan,0
2025/1/11 12:02:46,nan,0
2025/1/11 12:02:47,nan,0
2025/1/11 12:02:48,nan,0
2025/1/11 12:02:49,nan,0
2025/1/11 12:02:50,nan,0
2025/1/11 12:02:51,nan,0
2025/1/11 12:02:52,nan,0
2025/1/11 12:02:53,nan,0
2025/1/11 12:02:54,nan,0
2025/1/11 12:02:55,nan,0
2025/1/11 12:02:56,nan,0
2025/1/11 12:02:57,nan,0
2025/1/11 12:02:58,nan,0
2025/1/11 12:02:59,nan,0
2025/1/11 12:03:00,nan,0
2025/1/11 12:03:01,nan,0
2025/1/11 12:03:02,nan,0
2025/1/11 12:03:03,nan,0
2025/1/11 12:03:04,nan,0
2025/1/11 12:03:05,nan,0
2025/1/11 12:03:06,nan,0
2025/1/11 12:03:07,nan,0
2025/1/11 12:03:08,nan,0
2025/1/11 12:03:09,nan,0
2025/1/11 12:03:10,nan,0
2025/1/11 12:03:11,nan,0
2025/1/11 12:03:12,nan,0
2025/1/11 12:03:13,nan,0
2025/1/11 12:03:14,nan,0
2025/1/11 12:03:15,nan,0
2025/1/11 12:03:16,nan,0
2025/1/11 12:03:17,nan,0
2025/1/11 12:03:18,nan,0
2025/1/11 12:03:19,nan,0
2025/1/11 12:03:20,nan,0
2025/1/11 12:03:21,nan,0
2025/1/11 12:03:22,nan,0
2025/1/11 12:03:23,nan,0
2025/1/11 12:03:24,nan,0
2025/1/11 12:03:25,nan,0
2025/1/11 12:03:26,nan,0
2025/1/11 12:03:27,nan,0
2025/1/11 12:03:28,nan,0
2025/1/11 12:03:29,nan,0
2025/1/11 12:03:30,nan,0
2025/1/11 12:03:31,nan,0
2025/1/11 12:03:32,nan,0
2025/1/11 12:03:33,nan,0
2025/1/11 12:03:34,nan,0
2025/1/11 12:03:35,nan,0
2025/1/11 12:03:36,nan,0
2025/1/11 12:03:37,nan,0
2025/1/11 12:03:38,nan,0
2025/1/11 12:03:39,nan,0
2025/1/11 12:03:40,nan,0
2025/1/11 12:03:41,nan,0
2025/1/11 12:03:42,nan,0
2025/1/11 12:03:43,nan,0
2025/1/11 12:03:44,nan,0
2025/1/11 12:03:45,nan,0
2025/1/11 12:03:46,nan,0
2025/1/11 12:03:47,nan,0
2025/1/11 12:03:48,nan,0
2025/1/11 12:03:49,nan,0
2025/1/11 12:03:50,nan,0
2025/1/11 12:03:51,nan,0
2025/1/11 12:03:52,nan,0
2025/1/11 12:03:53,nan,0
2025/1/11 12:03:54,nan,0
2025/1/11 12:03:55,nan,0
2025/1/11 12:03:56,nan,0
2025/1/11 12:03:57,nan,0
2025/1/11 12:03:58,nan,0
2025/1/11 12:03:59,nan,0
2025/1/11 12:04:00,nan,0
2025/1/11 12:04:01,nan,0
2025/1/11 12:04:02,nan,0
2025/1/11 12:04:03,nan,0
2025/1/11 12:04:04,nan,0
2025/1/11 12:04:05,nan,0
2025/1/11 12:04:06,nan,0
2025/1/11 12:04:07,nan,0
2025/1/11 12:04:08,nan,0
2025/1/11 12:04:09,nan,0
2025/1/11 12:04:10,nan,0
2025/1/11 12:04:11,nan,0
2025/1/11 12:04:12,nan,0
2025/1/11 12:04:13,nan,0
2025/1/11 12:04:14,nan,0
2025/1/11 12:04:15,nan,0
2025/1/11 12:04:16,nan,0
2025/1/11 12:04:17,nan,0
2025/1/11 12:04:18,nan,0
2025/1/11 12:04:19,nan,0
2025/1/11 12:04:20,2,0
2025/1/11 12:04:21,1.0775280072529627,0
2025/1/11 12:04:22,1.4715275777114503,0
2025/1/11 12:04:23,1.4715275777114503,0
2025/1/11 12:04:24,1.4715275777114503,0
2025/1/11 12:04:25,1.4715275777114503,0
2025/1/11 12:04:26,1.4715275777114503,0
2025/1/11 12:04:27,1.4715275777114503,0
2025/1/11 12:04:28,1.4715275777114503,0
2025/1/11 12:04:29,1.4715275777114503,0
2025/1/11 12:04:30,1.4715275777114503,0
2025/1/11 12:04:31,1.4715275777114503,0
2025/1/11 12:04:32,1.4715275777114503,0
2025/1/11 12:04:33,1.4715275777114503,0
2025/1/11 12:04:34,1.4715275777114503,0
2025/1/11 12:04:35,1.4715275777114503,0
2025/1/11 12:04:36,1.4715275777114503,0
2025/1/11 12:04:37,1.4715275777114503,0
2025/1/11 12:04:38,1.4715275777114503,0
2025/1/11 12:04:39,1.4715275777114503,0
2025/1/11 12:04:40,1.4715275777114503,0
2025/1/11 12:04:41,1.4715275777114503,0
2025/1/11 12:04:42,1.4715275777114503,0
2025/1/11 12:04:43,1.4715275777114503,0
2025/1/11 12:04:44,1.4715275777114503,0
2025/1/11 12:04:45,1.4715275777114503,0
2025/1/11 12:04:46,1.4715275777114503,0
2025/1/11 12:04:47,1.4715275777114503,0
2025/1/11 12:04:48,1.4715275777114503,0
2025/1/11 12:04:49,1.4715275777114503,0
2025/1/11 12:04:50,1.4715275777114503,0
2025/1/11 12:04:51,1.4715275777114503,0
2025/1/11 12:04:52,1.4715275777114503,0
2025/1/11 12:04:53,1.4715275777114503,0
2025/1/11 12:04:54,1.4715275777114503,0
2025/1/11 12:04:55,1.4715275777114503,0
2025/1/11 12:04:56,1.4715275777114503,0
2025/1/11 12:04:57,1.4715275777114503,0
2025/1/11 12:04:58,1.4715275777114503,0
2025/1/11 12:04:59,1.4715275777114503,0
2025/1/11 12:05:00,1.4715275777114503,0
2025/1/11 12:05:01,1.4715275777114503,0
2025/1/11 12:05:02,1.4715275777114503,0
2025/1/11 12:05:03,1.4715275777114503,0
2025/1/11 12:05:04,1.4715275777114503,0
2025/1/11 12:05:05,1.4715275777114503,0
2025/1/11 12:05:06,1.4715275777114503,0
2025/1/11 12:05:07,1.4715275777114503,0
2025/1/11 12:05:08,1.4715275777114503,0
2025/1/11 12:05:09,1.4715275777114503,0
2025/1/11 12:05:10,1.4715275777114503,0
2025/1/11 12:05:11,1.4715275777114503,0
2025/1/11 12:05:12,1.4715275777114503,0
2025/1/11 12:05:13,1.4715275777114503,0
2025/1/11 12:05:14,1.4715275777114503,0
2025/1/11 12:05:15,1.4715275777114503,0
2025/1/11 12:05:16,1.4715275777114503,0
2025/1/11 12:05:17,1.4715275777114503,0
2025/1/11 12:05:18,1.4715275777114503,0
2025/1/11 12:05:19,1.4715275777114503,0
2025/1/11 12:05:20,1.4715275777114503,0
2025/1/11 12:05:21,1.4715275777114503,0
2025/1/11 12:05:22,1.4715275777114503,0
2025/1/11 12:05:23,1.4715275777114503,0
2025/1/11 12:05:24,1.4715275777114503,0
2025/1/11 12:05:25,1.4715275777114503,0
2025/1/11 12:05:26,1.4715275777114503,0
2025/1/11 12:05:27,1.4715275777114503,0
2025/1/11 12:05:28,1.4715275777114503,0
2025/1/11 12:05:29,1.4715275777114503,0
2025/1/11 12:05:30,1.4715275777114503,0
2025/1/11 12:07:00,2,0
2025/1/11 12:07:01,2,0
2025/1/11 12:07:02,2,0
2025/1/11 12:07:03,2,0
2025/1/11 12:07:04,1.9354419581022084,0
2025/1/11 12:07:05,2,0
2025/1/11 12:07:06,2,0
2025/1/11 12:07:07,2,0
2025/1/11 12:07:08,1.9699215599590045,0
2025/1/11 12:07:09,1.828689026514933,0
2025/1/11 12:07:10,1.7227442900692644,0
2025/1/11 12:07:11,1.7893687447225748,0
2025/1/11 12:07:12,1.8493629509552931,0
2025/1/11 12:07:13,1.907811781832671,0
2025/1/11 12:07:14,1.967866750384405,0
2025/1/11 12:07:15,2,0
2025/1/11 12:07:16,2,0
2025/1/11 12:07:17,2,0
2025/1/11 12:07:18,2,0
2025/1/11 12:07:19,2,0
2025/1/11 12:07:20,2,0
2025/1/11 12:07:21,2,0
2025/1/11 12:07:22,2,0
2025/1/11 12:07:23,2,0
2025/1/11 12:07:24,2,0
2025/1/11 12:07:25,2,0
2025/1/11 12:07:26,2,0
2025/1/11 12:07:27,2,0
2025/1/11 12:07:28,2,0
2025/1/11 12:07:29,2,0
2025/1/11 12:07:30,2,0
2025/1/11 12:07:31,2,0
2025/1/11 12:07:32,2,0
2025/1/11 12:07:33,2,0
2025/1/11 12:07:34,2,0
2025/1/11 12:07:35,2,0
2025/1/11 12:07:36,2,0
2025/1/11 12:07:37,2,0
2025/1/11 12:07:38,2,0
2025/1/11 12:07:39,2,0
2025/1/11 12:07:40,2,0
2025/1/11 12:07:41,2,0
2025/1/11 12:07:42,2,0
2025/1/11 12:07:43,2,0
2025/1/11 12:07:44,2,0
2025/1/11 12:07:45,2,0
2025/1/11 12:07:46,2,0
2025/1/11 12:07:47,2,0
2025/1/11 12:07:48,2,0
2025/1/11 12:07:49,2,0
2025/1/11 12:07:50,2,0
2025/1/11 12:07:51,2,0
2025/1/11 12:07:52,2,0
2025/1/11 12:07:53,2,0
2025/1/11 12:07:54,2,0
2025/1/11 12:07:55,2,0
2025/1/11 12:07:56,2,0
2025/1/11 12:07:57,2,0
2025/1/11 12:07:58,2,0
2025/1/11 12:07:59,2,0
2025/1/11 12:08:00,2,1.2916666666666663
2025/1/11 12:08:01,2,1.3916666666666657
2025/1/11 12:08:02,2,1.591666666666666
2025/1/11 12:08:03,2,1.8416666666666666
2025/1/11 12:08:05,1.989060741514602,1.8416666666666666
2025/1/11 12:08:06,1.310588145127267,2
2025/1/11 12:08:07,1.2140798797383552,2
2025/1/11 12:08:08,1.192726907,2
2025/1/11 12:08:09,1.0724495852540041,2
2025/1/11 12:08:10,1.0301680652401914,2
2025/1/11 12:08:11,0.9881046606433319,2
2025/1/11 12:08:12,0.9662998584261503,2
2025/1/11 12:08:13,0.9435782432978188,2
2025/1/11 12:08:14,0.9206578430113362,2
2025/1/11 12:08:15,0.894760987,2
2025/1/11 12:08:16,0.8672148479665083,2
2025/1/11 12:08:17,0.764529761,2
2025/1/11 12:08:18,0.7262958093503619,2
2025/1/11 12:08:19,0.6843519602166183,2
2025/1/11 12:08:20,0.654973871,2
2025/1/11 12:08:21,0.5655407994486041,2
2025/1/11 12:08:22,0.5655407994486041,2
2025/1/11 12:08:23,0.5655407994486041,2
2025/1/11 12:08:24,0.5655407994486041,2
2025/1/11 12:08:25,0.5655407994486041,2
2025/1/11 12:08:26,0.5655407994486041,2
2025/1/11 12:08:27,0.5655407994486041,2
2025/1/11 12:08:28,0.5655407994486041,2
2025/1/11 12:08:29,0.5655407994486041,2
2025/1/11 12:08:30,0.5655407994486041,2
2025/1/11 12:08:31,0.5655407994486041,2
2025/1/11 12:08:32,0.5655407994486041,2
2025/1/11 12:08:33,0.5655407994486041,2
2025/1/11 12:08:34,0.5655407994486041,2
2025/1/11 12:08:35,0.5655407994486041,2
2025/1/11 12:08:36,0.5655407994486041,2
2025/1/11 12:08:37,0.5655407994486041,2
2025/1/11 12:08:38,0.5655407994486041,2
2025/1/11 12:08:39,0.5655407994486041,2
2025/1/11 12:08:40,0.5655407994486041,2
2025/1/11 12:08:41,0.5655407994486041,2
2025/1/11 12:08:42,0.5655407994486041,2
2025/1/11 12:08:43,0.5655407994486041,2
2025/1/11 12:08:44,0.5655407994486041,2
2025/1/11 12:08:45,0.5655407994486041,2
2025/1/11 12:08:46,0.5655407994486041,2
2025/1/11 12:08:47,0.5655407994486041,2
2025/1/11 12:08:48,0.5655407994486041,2
2025/1/11 12:08:49,0.5655407994486041,2
2025/1/11 12:08:50,0.5655407994486041,2
2025/1/11 12:08:51,0.5655407994486041,2
2025/1/11 12:08:52,0.5655407994486041,2
2025/1/11 12:08:53,0.5655407994486041,2
2025/1/11 12:08:54,0.5655407994486041,2
2025/1/11 12:08:55,0.5655407994486041,2
2025/1/11 12:08:56,0.5655407994486041,2
2025/1/11 12:08:57,0.5655407994486041,2
2025/1/11 12:08:58,0.5655407994486041,2
2025/1/11 12:08:59,0.5655407994486041,2
2025/1/11 12:09:00,0.5655407994486041,2
2025/1/11 12:09:01,0.5655407994486041,2
2025/1/11 12:09:02,0.5655407994486041,2
2025/1/11 12:09:03,0.5655407994486041,2
2025/1/11 12:09:04,0.5655407994486041,2
2025/1/11 12:09:05,0.5655407994486041,2
2025/1/11 12:09:06,0.5655407994486041,2
2025/1/11 12:09:07,0.5655407994486041,2
2025/1/11 12:09:08,0.5655407994486041,2
2025/1/11 12:09:09,0.5655407994486041,2
2025/1/11 12:09:10,0.5655407994486041,2
2025/1/11 12:09:11,0.5655407994486041,2
2025/1/11 12:09:12,0.5655407994486041,2
2025/1/11 12:09:13,0.5655407994486041,2
2025/1/11 12:09:14,0.5655407994486041,2
2025/1/11 12:09:15,0.5655407994486041,2
2025/1/11 12:09:16,0.5655407994486041,2
2025/1/11 12:09:17,0.5655407994486041,2
2025/1/11 12:09:18,0.5655407994486041,2
2025/1/11 12:09:19,0.5655407994486041,2
2025/1/11 12:09:20,0.5655407994486041,2
2025/1/11 12:09:21,0.5655407994486041,2
2025/1/11 12:09:22,0.5655407994486041,2
2025/1/11 12:09:23,0.5655407994486041,2
2025/1/11 12:09:24,0.5655407994486041,2
2025/1/11 12:09:25,0.5655407994486041,2
2025/1/11 12:09:26,0.5655407994486041,2
2025/1/11 12:09:27,0.5655407994486041,2
2025/1/11 12:09:28,0.5655407994486041,2
2025/1/11 12:09:29,0.5655407994486041,2
2025/1/11 12:09:30,0.5655407994486041,2
2025/1/11 12:09:31,0.5655407994486041,2
2025/1/11 12:09:32,0.5655407994486041,2
2025/1/11 12:09:33,0.5655407994486041,2
2025/1/11 12:09:34,0.5655407994486041,2
2025/1/11 12:09:35,0.5655407994486041,2
2025/1/11 12:09:36,0.5655407994486041,2
2025/1/11 12:09:37,0.5655407994486041,2
2025/1/11 12:09:38,0.5655407994486041,2
2025/1/11 12:09:39,0.5655407994486041,2
2025/1/11 12:09:40,0.5655407994486041,2
2025/1/11 12:09:41,0.5655407994486041,2
2025/1/11 12:09:42,0.5655407994486041,2
2025/1/11 12:09:43,0.5655407994486041,2
2025/1/11 12:09:44,0.5655407994486041,2
2025/1/11 12:09:45,0.5655407994486041,2
2025/1/11 12:09:46,0.5655407994486041,2
2025/1/11 12:09:47,0.5655407994486041,2
2025/1/11 12:09:48,0.5655407994486041,2
2025/1/11 14:43:24,0.16511661615659076,2
2025/1/11 14:43:25,0.1796227215861698,2
2025/1/11 14:43:26,0.19901406666778051,2
2025/1/11 14:43:27,0.2062998093434015,2
2025/1/11 14:43:28,0.21802055,2
2025/1/11 14:43:29,0.23883967657592242,2
2025/1/11 14:43:30,0.25103647403731494,2
2025/1/11 14:43:31,0.25393629230112946,2
2025/1/11 14:43:32,0.25346743175920583,2
2025/1/11 14:43:33,0.25124768669433895,2
2025/1/11 14:43:34,0.2538229315180723,2
2025/1/11 14:43:35,0.25744068955589583,2
2025/1/11 14:43:36,0.2596842107743747,2
2025/1/11 14:43:37,0.2619613839396891,2
2025/1/11 14:43:38,0.26634472332380427,2
2025/1/11 14:43:39,0.27178268605216616,2
2025/1/11 14:43:40,0.2465853829334129,2
2025/1/11 14:43:41,0.22183503973097127,2
2025/1/11 14:43:42,0.2227044235683849,2
2025/1/11 14:43:43,0.2234320783803493,2
2025/1/11 14:43:44,0.2277229663333391,2
2025/1/11 14:43:45,0.23267911696125987,2
2025/1/11 14:43:46,0.23714164977805016,2
2025/1/11 14:43:47,0.2426096903986692,2
2025/1/11 14:43:48,0.24996383173382167,2
2025/1/11 14:43:49,0.2502523213529269,2
2025/1/11 14:43:50,0.24977590932465285,2
2025/1/11 14:43:51,0.24704940999472624,2
2025/1/11 14:43:52,0.25502686944019287,2
2025/1/11 14:43:53,0.26902253421624805,2
2025/1/11 14:43:54,0.27774885028598745,2
2025/1/11 14:43:55,0.27999561530955913,2
2025/1/11 14:43:56,0.282095939,2
2025/1/11 14:43:57,0.2847053387885901,2
2025/1/11 14:43:58,0.2885067990914054,2
2025/1/11 14:43:59,0.3070064076805359,2
2025/1/11 14:44:00,0.3152391431347284,2
2025/1/11 14:44:01,0.32387110369750366,2
2025/1/11 14:44:02,0.33119029946849965,2
2025/1/11 14:44:03,0.33417701100761005,2
2025/1/11 14:44:04,0.3327102909144881,2
2025/1/11 14:44:05,0.3317863735801474,2
2025/1/11 14:44:06,0.33096755298815034,2
2025/1/11 14:44:07,0.3275446255873164,2
2025/1/11 14:44:08,0.3253606811601057,2
2025/1/11 14:44:09,0.3479882224520778,2
2025/1/11 14:44:10,0.3292457859062221,2
2025/1/11 14:44:11,0.31830993665131163,2
2025/1/11 14:44:12,0.3034248791449734,2
2025/1/11 14:44:13,0.30016156223848345,2
2025/1/11 14:44:14,0.2923323102915421,2
2025/1/11 14:44:15,0.2938796528995285,2
2025/1/11 14:44:16,0.2953861498510008,2
2025/1/11 14:44:17,0.2907233703357857,2
2025/1/11 14:44:18,0.22883002457811452,2
2025/1/11 14:44:19,0.21792193863403542,2
2025/1/11 14:44:20,0.21421759029811493,2
2025/1/11 14:44:21,0.21404912774969942,2
2025/1/11 14:44:22,0.22841157515982768,2
2025/1/11 14:44:23,0.21492526131581316,2
2025/1/11 14:44:24,0.2102421164565209,2
2025/1/11 14:44:25,0.20938294364868812,2
2025/1/11 14:44:26,0.2093822427964982,2
2025/1/11 14:44:27,0.2080757061857382,2
2025/1/11 14:44:28,0.20734337012799178,2
2025/1/11 14:44:29,0.20932992014076923,2
2025/1/11 14:44:30,0.2081979797281086,2
2025/1/11 14:44:31,0.20780510347825265,2
2025/1/11 14:44:32,0.21262729887264964,2
2025/1/11 14:44:33,0.23715746544177282,2
2025/1/11 14:44:34,0.22897166595082905,2
2025/1/11 14:44:35,0.22924769771966705,2
2025/1/11 14:44:36,0.23050654519213332,2
2025/1/11 14:44:37,0.23131516440958158,2
2025/1/11 14:44:38,0.22918693390162068,2
2025/1/11 14:44:39,0.23454172552127486,2
2025/1/11 14:44:40,0.23863691937444168,2
2025/1/11 14:44:41,0.2503688166222324,2
2025/1/11 14:44:42,0.2491795492348204,2
2025/1/11 14:44:43,0.2473981591318659,2
2025/1/11 14:44:44,0.25040135468165287,2
2025/1/11 14:44:45,0.24726503189498553,2
2025/1/11 14:44:46,0.23791245034168318,2
2025/1/11 14:44:47,0.25159146496267654,2
2025/1/11 14:44:48,0.22732147580609144,2
2025/1/11 14:44:49,0.2205242549542675,2
2025/1/11 14:44:50,0.21849191411795962,2
2025/1/11 14:44:51,0.24406371972612728,2
2025/1/11 14:44:52,0.2399701307601275,2
2025/1/11 14:44:53,0.24583979231113742,2
2025/1/11 14:44:54,0.23450352391946838,2
2025/1/11 14:44:55,0.22730233020134008,2
2025/1/11 14:44:56,0.22379397094533152,2
2025/1/11 14:44:57,0.2232945850185478,2
2025/1/11 14:44:58,0.22974964166697123,2
2025/1/11 14:44:59,0.18131282044792293,2
2025/1/11 14:45:00,0.14351692059739282,2
2025/1/11 14:45:01,0.15242262105367121,2
2025/1/11 14:45:02,0.1488054910894306,2
2025/1/11 14:45:03,0.14885073100234747,2
2025/1/11 14:45:04,0.15005661395260894,2
2025/1/11 14:45:05,0.1476868527373744,2
2025/1/11 14:45:06,0.1325592261456275,2
2025/1/11 14:45:07,0.091747193,2
2025/1/11 14:45:08,0.085428127,2
2025/1/11 14:45:09,0.081085266,2
2025/1/11 14:45:10,0.079894053,2
2025/1/11 14:45:11,0.081223857,2
2025/1/11 14:45:12,0.082455518,2
2025/1/11 14:45:13,0.085353393,2
2025/1/11 14:45:14,0.084966316,2
2025/1/11 14:45:15,0.086572734,2
2025/1/11 14:45:16,0.088181879,2
2025/1/11 14:45:17,0.088340643,2
2025/1/11 14:45:18,0.08814946,2
2025/1/11 14:45:19,0.11527561140877014,2
2025/1/11 14:45:20,0.13169978989828435,2
2025/1/11 14:45:21,0.13371506565470423,2
2025/1/11 14:45:22,0.13286486303166015,2
2025/1/11 14:45:23,0.13407436296934083,2
2025/1/11 14:45:24,0.13246349080048678,2
2025/1/11 14:45:25,0.13085499764300726,2
2025/1/11 14:45:26,0.12922311373311382,2
2025/1/11 14:45:27,0.12502640070807258,2
2025/1/11 14:45:28,0.12671426187106816,2
2025/1/11 14:45:29,0.12613199864849647,2
2025/1/11 14:45:30,0.13108110243177404,2
2025/1/11 14:45:31,0.1257152806727356,2
2025/1/11 14:45:32,0.11624195033005973,2
2025/1/11 14:45:33,0.11458042652222049,2
2025/1/11 14:45:34,0.1131689499055731,2
2025/1/11 14:45:35,0.11256546700263496,2
2025/1/11 14:45:36,0.11306036588838826,2
2025/1/11 14:45:37,0.112055563,2
2025/1/11 14:45:38,0.11190416798912202,2
2025/1/11 14:45:39,0.11697935965674115,2
2025/1/11 14:45:40,0.11429786546536731,2
2025/1/11 14:45:41,0.11286635251522521,2
2025/1/11 14:45:42,0.10910800862595016,2
2025/1/11 14:45:43,0.10986984526692511,2
2025/1/11 14:45:44,0.11068284119390492,2
2025/1/11 14:45:45,0.10645666964439693,2
2025/1/11 14:45:46,0.11799914590817373,2
2025/1/11 14:45:47,0.1294026077207612,2
2025/1/11 14:45:48,0.10529937605416768,2
2025/1/11 14:45:49,0.1354878373859867,2
2025/1/11 14:45:50,0.16440856807879678,2
2025/1/11 14:45:51,0.1827220817462202,2
2025/1/11 14:45:52,0.1827220817462202,2
2025/1/11 14:45:53,0.19024174769924254,2
2025/1/11 14:45:54,0.19024174769924254,2
2025/1/11 14:45:55,0.18842015362014056,2
2025/1/11 14:46:27,0.38610360047734354,2
2025/1/11 14:46:28,0.3910439324096748,2
2025/1/11 14:46:29,0.40034203842151933,2
2025/1/11 14:46:30,0.3958085877443696,2
2025/1/11 14:46:31,0.37949972385120107,2
2025/1/11 14:46:32,0.3624986980829745,2
2025/1/11 14:46:33,0.3748160394897804,2
2025/1/11 14:46:34,0.3838173178898929,2
2025/1/11 14:46:35,0.3889250631794714,2
2025/1/11 14:46:36,0.3891673920170608,2
2025/1/11 14:46:37,0.3830669759582566,2
2025/1/11 14:46:38,0.4847212172960698,2
2025/1/11 14:46:39,0.5803364170377536,2
2025/1/11 14:46:40,0.5748498175053696,2
2025/1/11 14:46:41,0.5900740565236672,2
2025/1/11 14:46:42,0.5909559977777902,2
2025/1/11 14:46:43,0.5831189331609243,2
2025/1/11 14:46:44,0.591611115,2
2025/1/11 14:46:45,0.6752162339165041,2
2025/1/11 14:46:46,0.9274116500569525,2
2025/1/11 14:46:47,0.9266272759201261,2
2025/1/11 14:46:48,0.9176947627597049,2
2025/1/11 14:46:49,0.9323369473157014,2
2025/1/11 14:46:50,0.9460463849667186,2
2025/1/11 14:46:51,0.9739839392294293,2
2025/1/11 14:46:52,0.9930300888853655,2
2025/1/11 14:46:53,0.9897844095591329,2
2025/1/11 14:46:54,0.989030537,2
2025/1/11 14:46:55,0.9780571156595202,2
2025/1/11 14:46:56,0.9678928052809797,2
2025/1/11 14:46:57,0.9608100619856602,2
2025/1/11 14:46:58,0.957184361,2
2025/1/11 14:46:59,0.9361509394956254,2
2025/1/11 14:47:00,0.9359194315495296,2
2025/1/11 14:47:01,0.893253503,2
2025/1/11 14:47:02,0.9082733698455968,2
2025/1/11 14:47:03,0.9147762349123715,2
2025/1/11 14:47:04,0.9125207228466241,2
2025/1/11 14:47:05,0.9089412587113083,2
2025/1/11 14:47:06,0.9030549561328453,2
2025/1/11 14:47:07,0.8963914000256651,2
2025/1/11 14:47:08,0.8244133223781643,2
2025/1/11 14:47:09,0.5656466650315194,2
2025/1/11 14:47:10,0.569670077,2
2025/1/11 14:47:11,0.5695270630109871,2
2025/1/11 14:47:12,0.5681907687948266,2
2025/1/11 14:47:13,0.5765215025332594,2
2025/1/11 14:47:14,0.5746025846715425,2
2025/1/11 14:47:15,0.5717131181150975,2
2025/1/11 14:47:16,0.5828939835779979,2
2025/1/11 14:47:17,0.5724363925407318,2
2025/1/11 14:47:18,0.5684084435273897,2
2025/1/11 14:47:19,0.5742100579333457,2
2025/1/11 14:47:20,0.5703418273995354,2
2025/1/11 14:47:21,0.5779173449892737,2
2025/1/11 14:47:22,0.5780068884648947,2
2025/1/11 14:47:23,0.5755207080224204,2
2025/1/11 14:47:24,0.5884765509424499,2
2025/1/11 14:47:25,0.5764776728234094,2
2025/1/11 14:47:26,0.5581642779525549,2
2025/1/11 14:47:27,0.6233110731237358,2
2025/1/11 14:47:28,0.5947297823975125,2
2025/1/11 14:47:29,0.5510696151579854,2
2025/1/11 14:47:30,0.5372639808204812,2
2025/1/11 14:47:31,0.5436160360496246,2
2025/1/11 14:47:32,0.5461167484151307,2
2025/1/11 14:47:33,0.5450271745902859,2
2025/1/11 14:47:34,0.5421412200665462,2
2025/1/11 14:47:35,0.5395477381729727,2
2025/1/11 14:47:36,0.5296244416505154,2
2025/1/11 14:47:37,0.525307935,2
2025/1/11 14:47:38,0.534802736,2
2025/1/11 14:47:39,0.534894579,2
2025/1/11 14:47:40,0.5320366847575014,2
2025/1/11 14:47:41,0.5350578134755434,2
2025/1/11 14:47:42,0.5364741871313662,2
2025/1/11 14:47:43,0.5340652040293938,2
2025/1/11 14:47:44,0.529911226,2
2025/1/11 14:47:45,0.5101798443731725,2
2025/1/11 14:47:46,0.5002609106595025,2
2025/1/11 14:47:47,0.47505722807734063,2
2025/1/11 14:47:48,0.4696441644284873,2
2025/1/11 14:47:49,0.3967795604401694,2
2025/1/11 14:47:50,0.3940473256972843,2
2025/1/11 14:47:51,0.3974385793767696,2
2025/1/11 14:47:52,0.3999360688542349,2
2025/1/11 14:47:53,0.4085053521440054,2
2025/1/11 14:47:54,0.3886268302444586,2
2025/1/11 14:47:55,0.39265030900094144,2
2025/1/11 14:47:56,0.3837441860860369,2
2025/1/11 14:47:57,0.36665081456465626,2
2025/1/11 14:47:58,0.37355657174456597,2
2025/1/11 14:47:59,0.3927727691854062,2
2025/1/11 14:48:00,0.3878699715527767,2
2025/1/11 14:48:01,0.3666723130058768,2
2025/1/11 14:48:02,0.34737917111433986,2
2025/1/11 14:48:03,0.3237211011563712,2
2025/1/11 14:48:04,0.34028538432358646,2
2025/1/11 14:48:05,0.3457122854089767,2
2025/1/11 14:48:06,0.3480903962465624,2
2025/1/11 14:48:07,0.34946759421804047,2
2025/1/11 14:48:08,0.3415720389584676,2
2025/1/11 14:48:09,0.3370253141601542,2
2025/1/11 14:48:22,0.39698698450958486,2
2025/1/11 14:48:23,0.39160490616933313,2
2025/1/11 14:48:24,0.39809377298868176,2
2025/1/11 14:48:25,0.33861048652309744,2
2025/1/11 14:48:26,0.29817916462104366,2
2025/1/11 14:48:27,0.3006503728210211,2
2025/1/11 14:48:28,0.29503930220474767,2
2025/1/11 14:48:29,0.2940774879541476,2
2025/1/11 14:48:30,0.28723175788369976,2
2025/1/11 14:48:31,0.2807362387720289,2
2025/1/11 14:48:32,0.27435287428873184,2
2025/1/11 14:48:33,0.271511889,2
2025/1/11 14:48:34,0.2704369817021215,2
2025/1/11 14:48:35,0.27336124584598426,2
2025/1/11 14:48:36,0.2745625993182313,2
2025/1/11 14:48:37,0.274958427,2
2025/1/11 14:48:38,0.2739347181603679,2
2025/1/11 14:48:39,0.2741320212139091,2
2025/1/11 14:48:40,0.2732575796167362,2
2025/1/11 14:48:41,0.2806290778659341,2
2025/1/11 14:48:42,0.27125116119860343,2
2025/1/11 14:48:43,0.2659131252458051,2
2025/1/11 14:48:44,0.26527628193296016,2
2025/1/11 14:48:45,0.2651818723589196,2
2025/1/11 14:48:46,0.2644962774935344,2
2025/1/11 14:48:47,0.2653292576165473,2
2025/1/11 14:48:48,0.2785107917926428,2
2025/1/11 14:48:49,0.3285531953814876,2
2025/1/11 14:48:50,0.33630983048124435,2
2025/1/11 14:48:51,0.3507230756897271,2
2025/1/11 14:48:52,0.3703600330086679,2
2025/1/11 14:48:53,0.38641157335471793,2
2025/1/11 14:48:54,0.38829531106895665,2
2025/1/11 14:48:55,0.39073193097985354,2
2025/1/11 14:48:56,0.38178461415336046,2
2025/1/11 14:48:57,0.3900580488487315,2
2025/1/11 14:48:58,0.3843274141977589,2
2025/1/11 14:48:59,0.37457655800619943,2
2025/1/11 14:49:00,0.37084647263012477,2
2025/1/11 14:49:01,0.3659036984560191,2
2025/1/11 14:49:02,0.37383762523696645,2
2025/1/11 14:49:03,0.3826148275041648,2
2025/1/11 14:49:04,0.3848857170873332,2
2025/1/11 14:49:05,0.38864510919464273,2
2025/1/11 14:49:06,0.39284909335825297,2
2025/1/11 14:49:07,0.3956148709311618,2
2025/1/11 14:49:08,0.3961595869142605,2
2025/1/11 14:49:09,0.40576286839754694,2
2025/1/11 14:49:10,0.40082789258046825,2
2025/1/11 14:49:15,0.38417755887732746,2
2025/1/11 14:49:16,0.39025791541606347,2
2025/1/11 14:49:17,0.39301419642044905,2
2025/1/11 14:49:18,0.390317717,2
2025/1/11 14:49:19,0.3936803251343375,2
2025/1/11 14:49:20,0.39878061097959067,2
2025/1/11 14:49:21,0.31365014461168245,2
2025/1/11 14:49:22,0.3155415074836087,2
2025/1/11 14:49:23,0.31976642746402684,2
2025/1/11 14:49:24,0.3216372047421996,2
2025/1/11 14:49:25,0.32033697,2
2025/1/11 14:49:26,0.3174528316317928,2
2025/1/11 14:49:27,0.32490321754385665,2
2025/1/11 14:49:28,0.335384647,2
2025/1/11 14:49:29,0.3968951881746374,2
2025/1/11 14:49:30,0.39337190007019335,2
2025/1/11 14:49:31,0.39058734706687465,2
2025/1/11 14:49:32,0.39764504589106187,2
2025/1/11 14:49:33,0.3842360859638682,2
2025/1/11 14:49:34,0.40733122448380144,2
2025/1/11 14:49:35,0.40846026177593203,2
2025/1/11 14:49:36,0.4096853753538395,2
2025/1/11 14:49:37,0.40899156381782636,2
2025/1/11 14:49:38,0.4093955749969105,2
2025/1/11 14:49:39,0.4080073308099356,2
2025/1/11 14:49:40,0.4038643879422114,2
2025/1/11 14:49:41,0.4029320484535403,2
2025/1/11 14:49:42,0.40305394310174975,2
2025/1/11 14:49:43,0.3553797457441206,2
2025/1/11 14:49:44,0.295259794,2
2025/1/11 14:49:45,0.28418988327319744,2
2025/1/11 14:49:46,0.2790607086536226,2
2025/1/11 14:49:47,0.27245209240059215,2
2025/1/11 14:49:48,0.2704095201349734,2
2025/1/11 14:49:49,0.27183248984113034,2
2025/1/11 14:49:50,0.2745592757473389,2
2025/1/11 14:49:51,0.2646090856699952,2
2025/1/11 14:49:52,0.2619274379758217,2
2025/1/11 14:49:53,0.28321429851991864,2
2025/1/11 14:49:54,0.2383392172527509,2
2025/1/11 14:49:55,0.218209656,2
2025/1/11 14:50:37,0.1892758178389169,2
2025/1/11 14:50:38,0.20547025537161678,2
2025/1/11 14:50:39,0.20545547106274156,2
2025/1/11 14:50:40,0.2216764713318796,2
2025/1/11 14:50:41,0.20750886242028863,2
2025/1/11 14:50:42,0.26266742508653546,2
2025/1/11 14:50:43,0.28670986226340034,2
2025/1/11 14:50:44,0.2793918671707565,2
2025/1/11 14:50:45,0.28453802358693725,2
2025/1/11 14:50:46,0.28670380969625003,2
2025/1/11 14:50:47,0.28297526575472115,2
2025/1/11 14:50:48,0.27190415785495076,2
2025/1/11 14:50:49,0.2618620835102594,2
2025/1/11 14:50:50,0.25643737721080573,2
2025/1/11 14:50:51,0.25180808161184015,2
2025/1/11 14:50:52,0.24526484920492683,2
2025/1/11 14:50:53,0.21415255310996736,2
2025/1/11 14:50:54,0.20778224488333277,2
2025/1/11 14:50:55,0.2016521561937763,2
2025/1/11 14:50:56,0.1997378573206706,2
2025/1/11 14:50:57,0.19792927817594208,2
2025/1/11 14:50:58,0.1929204280344831,2
2025/1/11 14:50:59,0.19214843000512705,2
2025/1/11 14:51:00,0.191214055,2
2025/1/11 14:51:01,0.1889500057797413,2
2025/1/11 14:51:02,0.18791582090533585,2
2025/1/11 14:51:03,0.18683718227849835,2
2025/1/11 14:51:04,0.18062262524579017,2
2025/1/11 14:51:05,0.17835564211382518,2
2025/1/11 14:51:06,0.17819433050543262,2
2025/1/11 14:51:07,0.17840309780662045,2
2025/1/11 14:51:08,0.17823500730562683,2
2025/1/11 14:51:09,0.17480590327321321,2
2025/1/11 14:51:10,0.17273560720229084,2
2025/1/11 14:51:11,0.17482928770539083,2
2025/1/11 14:51:12,0.17327966508836243,2
2025/1/11 14:51:13,0.17127020643539748,2
2025/1/11 14:51:14,0.17157038301725244,2
2025/1/11 14:51:15,0.17189098145995851,2
2025/1/11 14:51:16,0.16331792851664387,2
2025/1/11 14:51:17,0.15622360425128035,2
2025/1/11 14:51:18,0.15715263660066872,2
2025/1/11 14:51:19,0.15700995578279597,2
2025/1/11 14:51:20,0.1576196942507456,2
2025/1/11 14:51:21,0.15899586274418587,2
2025/1/11 14:51:22,0.1630254050789118,2
2025/1/11 14:51:23,0.17006148174840385,2
2025/1/11 14:51:24,0.17098507721054515,2
2025/1/11 14:51:25,0.17059471270109108,2
2025/1/11 14:51:26,0.1706500101650823,2
2025/1/11 14:51:27,0.176186363,2
2025/1/11 14:51:28,0.1855110603737017,2
2025/1/11 14:51:29,0.18825616521360367,2
2025/1/11 14:51:30,0.1868089045365693,2
2025/1/11 14:51:31,0.18116785163349972,2
2025/1/11 14:51:32,0.1823365771335855,2
2025/1/11 14:51:33,0.18628867730697696,2
2025/1/11 14:51:34,0.18547078582835663,2
2025/1/11 14:51:35,0.18552037035063318,2
2025/1/11 14:51:36,0.18491701988673626,2
2025/1/11 14:51:37,0.20294267390061238,2
2025/1/11 14:51:38,0.24703320632678386,2
2025/1/11 14:51:39,0.23734522886827034,2
2025/1/11 14:51:40,0.22347898588692225,2
2025/1/11 14:51:41,0.21234895857690153,2
2025/1/11 14:51:42,0.2115045813373985,2
2025/1/11 14:51:43,0.2135415301983811,2
2025/1/11 14:51:44,0.21474528658555014,2
2025/1/11 14:51:45,0.2172509212049918,2
2025/1/11 14:51:46,0.21881821138667248,2
2025/1/11 14:51:47,0.2233183369228874,2
2025/1/11 14:51:48,0.2192278543920295,2
2025/1/11 14:51:49,0.20007891052258073,2
2025/1/11 14:51:50,0.20186768269042585,2
2025/1/11 14:51:51,0.20186768269042585,2
2025/1/11 14:51:52,0.20254498209560046,2
2025/1/11 14:51:53,0.207660802,2
2025/1/11 14:51:54,0.2108679815862399,2
2025/1/11 14:51:55,0.2048868323195728,2
2025/1/11 14:51:56,0.18939717653126165,2
2025/1/11 14:51:57,0.16466706872070866,2
2025/1/11 14:51:58,0.14343384965159744,2
2025/1/11 14:51:59,0.12787601783058897,2
2025/1/11 14:52:00,0.18627210258050284,2
2025/1/11 14:52:01,0.23126738510038347,2
2025/1/11 14:52:02,0.23135518771730043,2
2025/1/11 14:52:03,0.23230617900672076,2
2025/1/11 14:52:04,0.23493110980429335,2
2025/1/11 14:52:05,0.24615527600296616,2
2025/1/11 14:52:06,0.2474051453749917,2
2025/1/11 14:52:07,0.23380244007985373,2
2025/1/11 14:52:08,0.23536359948664906,2
2025/1/11 14:52:09,0.22457033926262518,2
2025/1/11 14:52:10,0.20283379762851883,2
2025/1/11 14:52:11,0.21492182311601526,2
2025/1/11 14:52:12,0.24572306420326676,2
2025/1/11 14:52:13,0.2769743402702581,2
2025/1/11 14:52:14,0.30458464470250934,2
2025/1/11 14:52:15,0.31123931128005927,2
2025/1/11 14:52:16,0.31525469648741905,2
2025/1/11 14:52:17,0.3424667360782365,2
2025/1/11 14:52:18,0.36766068538928093,2
2025/1/11 14:52:19,0.4218627263809756,2
2025/1/11 14:52:20,0.4771334273575561,2
2025/1/11 14:52:21,0.5664708847639922,2
2025/1/11 14:52:22,0.6380573269141916,2
2025/1/11 14:52:23,0.6624171315158538,2
2025/1/11 14:52:24,0.6705547357492364,2
2025/1/11 14:52:25,0.6814837781875488,2
2025/1/11 14:52:26,0.7000212831546765,2
2025/1/11 14:52:27,0.7000980162279203,2
2025/1/11 14:52:28,0.6982034775041871,2
2025/1/11 14:52:29,0.7169275510176171,2
2025/1/11 14:52:30,0.7172564460637272,2
2025/1/11 14:52:31,0.870057131,2
2025/1/11 14:52:32,1.166951782103287,2
2025/1/11 14:52:33,1.175998709529215,2
2025/1/11 14:52:34,1.1868198202743765,2
2025/1/11 14:52:35,1.2139595259035014,2
2025/1/11 14:52:36,1.223848816273953,2
2025/1/11 14:52:37,1.238069674627866,2
2025/1/11 14:52:38,1.248594773170548,2
2025/1/11 14:52:39,1.2532539234345068,2
2025/1/11 14:52:40,1.2493607089179646,2
2025/1/11 14:52:41,1.2685731113200094,2
2025/1/11 14:52:42,0.8823285375504426,2
2025/1/11 14:52:43,0.6715011893896952,2
2025/1/11 14:52:44,0.6751227914650141,2
2025/1/11 14:52:45,0.6721656853883852,2
2025/1/11 14:52:46,0.6721656853883852,2
2025/1/11 14:52:47,0.6696801459572367,2
2025/1/11 14:52:48,0.6696801459572367,2
2025/1/11 14:52:49,0.6765972269692909,2
2025/1/11 14:52:50,0.6754030199004211,2
2025/1/11 14:52:51,0.6727305137922007,2
2025/1/11 14:52:52,0.6714723829662935,2
2025/1/11 14:52:53,0.6692747458280296,2
2025/1/11 14:52:54,0.6628306816068007,2
2025/1/11 14:52:55,0.6523591647739714,2
2025/1/11 14:54:34,0.6304534533554474,2
2025/1/11 14:54:35,0.633540468,2
2025/1/11 14:54:36,0.6364569387495393,2
2025/1/11 14:54:37,0.6352561244966849,2
2025/1/11 14:54:38,0.6301591285472399,2
2025/1/11 14:54:39,0.594551935,2
2025/1/11 14:54:40,0.5788458424005771,2
2025/1/11 14:54:41,0.5697167956053937,2
2025/1/11 14:54:42,0.5630384715825277,2
2025/1/11 14:54:43,0.5552023444240946,2
2025/1/11 14:54:44,0.5349317176014198,2
2025/1/11 14:54:45,0.5072504954876931,2
2025/1/11 14:54:46,0.4875657158993533,2
2025/1/11 14:54:47,0.4808122986696475,2
2025/1/11 14:54:48,0.4876628896911816,2
2025/1/11 14:54:49,0.49305067479139364,2
2025/1/11 14:54:50,0.4519775211610851,2
2025/1/11 14:54:51,0.4608138256175412,2
2025/1/11 14:54:52,0.4616738997709291,2
2025/1/11 14:54:53,0.46411962875898344,2
2025/1/11 14:54:54,0.4623410507629598,2
2025/1/11 14:54:55,0.46262490013906943,2
2025/1/11 14:54:56,0.46759597946499093,2
2025/1/11 14:54:57,0.4753976785252201,2
2025/1/11 14:54:58,0.48258832028848575,2
2025/1/11 14:54:59,0.4876001304923078,2
2025/1/11 14:55:00,0.49077968943744815,2
2025/1/11 14:55:01,0.49406118242406105,2
2025/1/11 14:55:02,0.5042199172020227,2
2025/1/11 14:55:03,0.5064075750717496,2
2025/1/11 14:55:04,0.5022761759090821,2
2025/1/11 14:55:05,0.49649149195225356,2
2025/1/11 14:55:06,0.49346320318817466,2
2025/1/11 14:55:07,0.5021691015741433,2
2025/1/11 14:55:08,0.520891305,2
2025/1/11 14:55:09,0.5412121488053386,2
2025/1/11 14:55:10,0.5564413370771976,2
2025/1/11 14:55:11,0.5529506797377937,2
2025/1/11 14:55:12,0.5586286209942055,2
2025/1/11 14:55:13,0.5665462902895687,2
2025/1/11 14:55:14,0.576550225,2
2025/1/11 14:55:15,0.5875645418813099,2
2025/1/11 14:55:16,0.5972540578105799,2
2025/1/11 14:55:17,0.604442887,2
2025/1/11 14:55:18,0.6146711511632902,2
2025/1/11 14:55:19,0.6198596144841013,2
2025/1/11 14:55:20,0.6200632509361091,2
2025/1/11 14:55:21,0.6224460392490778,2
2025/1/11 14:55:22,0.6152933880242881,2
2025/1/11 14:55:23,0.6128970856365964,2
2025/1/11 14:55:24,0.6087308199953245,2
2025/1/11 14:55:25,0.617338328,2
2025/1/11 14:55:26,0.6360619101037215,2
2025/1/11 14:55:27,0.644705365,2
2025/1/11 14:55:28,0.6590978411367172,2
2025/1/11 14:55:29,0.6296338840349351,2
2025/1/11 14:55:30,0.6080729731695312,2
2025/1/11 14:55:31,0.589332456,2
2025/1/11 14:55:32,0.5877391350582997,2
2025/1/11 14:55:33,0.5868992843394908,2
2025/1/11 14:55:34,0.5858219789770486,2
2025/1/11 14:55:35,0.5808396481491843,2
2025/1/11 14:55:36,0.5778482608531416,2
2025/1/11 14:55:37,0.5529731823107897,2
2025/1/11 14:55:38,0.5465113783256353,2
2025/1/11 14:55:39,0.543591222,2
2025/1/11 14:55:40,0.5245120388845953,2
2025/1/11 14:55:41,0.5160100112381635,2
2025/1/11 14:55:42,0.5172013197559088,2
2025/1/11 14:55:43,0.5012485306958808,2
2025/1/11 14:55:44,0.4978553968978477,2
2025/1/11 14:55:45,0.4949678182844209,2
2025/1/11 14:55:46,0.4749998959180511,2
2025/1/11 14:55:47,0.46331038198145685,2
2025/1/11 14:55:48,0.4727845186719941,2
2025/1/11 14:55:49,0.47799433733934205,2
2025/1/11 14:55:50,0.46984963551477515,2
2025/1/11 14:55:51,0.46171700925718584,2
2025/1/11 14:55:52,0.42904790832933015,2
2025/1/11 14:55:53,0.41811231812689265,2
2025/1/11 14:55:54,0.40646677463649566,2
2025/1/11 14:55:55,0.3912757192366246,2
2025/1/11 14:55:56,0.38329630628037803,2
2025/1/11 14:55:57,0.3730584043446945,2
2025/1/11 14:55:58,0.3472020609413707,2
2025/1/11 14:55:59,0.4724481694673628,2
2025/1/11 14:56:00,0.4724481694673628,2
2025/1/11 14:56:01,0.6390700682990079,2
2025/1/11 14:56:02,0.6245949408857364,2
2025/1/11 14:56:03,0.624232159,2
2025/1/11 14:56:04,0.523925246,2
2025/1/11 14:56:05,0.44749783704895396,2
2025/1/11 14:56:06,0.4388185764364317,2
2025/1/11 14:56:07,0.43354468233572047,2
2025/1/11 14:56:08,0.43349514714965665,2
2025/1/11 14:56:09,0.4329733173778945,2
2025/1/11 14:56:10,0.43271311458159056,2
2025/1/11 14:56:11,0.432595968,2
2025/1/11 14:56:12,0.4434937597474609,2
2025/1/11 14:56:13,0.454769579,2
2025/1/11 14:56:14,0.47689824856623647,2
2025/1/11 14:56:15,0.4693224972984476,2
2025/1/11 14:56:16,0.4640972215851136,2
2025/1/11 14:56:17,0.444034177,2
2025/1/11 14:56:18,0.43102053599220147,2
2025/1/11 14:56:19,0.43332650881852386,2
2025/1/11 14:56:20,0.4667285040768185,2
2025/1/11 14:56:21,0.5049041866426287,2
2025/1/11 14:56:22,0.5285099851669653,2
2025/1/11 14:56:23,0.5495609834542409,2
2025/1/11 14:56:24,0.5399293117088811,2
2025/1/11 14:56:25,0.504006984,2
2025/1/11 14:56:26,0.4115788843694747,2
2025/1/11 14:56:27,0.42268446955304695,2
2025/1/11 14:56:28,0.4346485481322461,2
2025/1/11 14:56:29,0.5083140457485665,2
2025/1/11 14:56:30,0.5551675648735913,2
2025/1/11 14:56:31,0.5618224420611301,2
2025/1/11 14:56:32,0.5791680006957156,2
2025/1/11 14:56:33,0.5925426582602612,2
2025/1/11 14:56:34,0.6065587667166571,2
2025/1/11 14:56:35,0.5919180025211471,2
2025/1/11 14:56:36,0.5148203284149834,2
2025/1/11 14:56:37,0.5148203284149834,2
2025/1/11 14:57:13,0.5242511866691942,2
2025/1/11 14:57:14,0.4896630835381644,2
2025/1/11 14:57:15,0.4882464673659584,2
2025/1/11 14:57:16,0.48814874012443427,2
2025/1/11 14:57:17,0.4881256757442505,2
2025/1/11 14:57:18,0.484924886,2
2025/1/11 14:57:19,0.4812389998690674,2
2025/1/11 14:57:20,0.4745409641214365,2
2025/1/11 14:57:21,0.47093725427056166,2
2025/1/11 14:57:22,0.46578528870498886,2
2025/1/11 14:57:23,0.4561703563257911,2
2025/1/11 14:57:24,0.4433686031168434,2
2025/1/11 14:57:25,0.42832898531763447,2
2025/1/11 14:57:26,0.4077329532330438,2
2025/1/11 14:57:27,0.4002837073078669,2
2025/1/11 14:57:28,0.3953177107860271,2
2025/1/11 14:57:29,0.38780600281289807,2
2025/1/11 14:57:30,0.38189267408431543,2
2025/1/11 14:57:31,0.37567645840065067,2
2025/1/11 14:57:32,0.36922668884083115,2
2025/1/11 14:57:33,0.3653308457767461,2
2025/1/11 14:57:34,0.36148467392539735,2
2025/1/11 14:57:35,0.35979330669124626,2
2025/1/11 14:57:36,0.36181775213692263,2
2025/1/11 14:57:37,0.36010505112619784,2
2025/1/11 14:57:38,0.36158722507047897,2
2025/1/11 14:57:39,0.35750011744541305,2
2025/1/11 14:57:40,0.35797957764819194,2
2025/1/11 14:57:41,0.3469085131977197,2
2025/1/11 14:57:42,0.3469085131977197,2
2025/1/11 14:57:43,0.33719747502014324,2
2025/1/11 14:57:44,0.3299925474338236,2
2025/1/11 14:57:45,0.32728388195437813,2
2025/1/11 14:57:46,0.33398540589287906,2
2025/1/11 14:57:47,0.3354275406776817,2
2025/1/11 14:57:48,0.331021294,2
2025/1/11 14:57:49,0.3335435384510103,2
2025/1/11 14:57:50,0.33459473872267953,2
2025/1/11 14:57:51,0.33466451545224096,2
2025/1/11 14:57:52,0.33263521649078776,2
2025/1/11 14:57:53,0.3330864108060463,2
2025/1/11 14:57:54,0.33216031648409095,2
2025/1/11 14:57:55,0.3315718709426454,2
2025/1/11 14:57:56,0.3278865096628539,2
2025/1/11 14:57:57,0.32589630999548974,2
2025/1/11 14:57:58,0.33335474757389444,2
2025/1/11 14:57:59,0.3451238566014225,2
2025/1/11 14:58:00,0.3554464070833781,2
2025/1/11 14:58:01,0.36166232519787905,2
2025/1/11 14:58:02,0.36125734207605903,2
2025/1/11 14:58:03,0.360427885,2
2025/1/11 14:58:05,0.3581218294425443,2
2025/1/11 14:58:06,0.3283936849910624,2
2025/1/11 14:58:07,0.22606115759814793,2
2025/1/11 14:58:08,0.23522380713101443,2
2025/1/11 14:58:09,0.2514320076271483,2
2025/1/11 14:58:10,0.25696268572629694,2
2025/1/11 14:58:11,0.25720226454295325,2
2025/1/11 14:58:12,0.2575732007140399,2
2025/1/11 14:58:13,0.2570556511711192,2
2025/1/11 14:58:14,0.2586971917496492,2
2025/1/11 14:58:15,0.26177372320163145,2
2025/1/11 14:58:16,0.26220174244931166,2
2025/1/11 14:58:17,0.2623081923237803,2
2025/1/11 14:58:18,0.26253153237921617,2
2025/1/11 14:58:19,0.26242572057381075,2
2025/1/11 14:58:20,0.2893487392913494,2
2025/1/11 14:58:21,0.29173644419652806,2
2025/1/11 14:58:22,0.28971333604107025,2
2025/1/11 14:58:23,0.2880303456068445,2
2025/1/11 14:58:24,0.28556823650231006,2
2025/1/11 14:58:25,0.28437640726911334,2
2025/1/11 14:58:26,0.2851454930978214,2
2025/1/11 14:58:27,0.2882336345293079,2
2025/1/11 14:58:28,0.28980609969834187,2
2025/1/11 14:58:29,0.2885388965875082,2
2025/1/11 14:58:30,0.2891390624318609,2
2025/1/11 14:58:31,0.28325341892545985,2
2025/1/11 14:58:32,0.2813513355083416,2
2025/1/11 14:58:33,0.2862847327936935,2
2025/1/11 14:58:34,0.2825768495485213,2
2025/1/11 14:58:35,0.29392148978182453,2
2025/1/11 14:58:36,0.2909910878187058,2
2025/1/11 14:58:37,0.2834505356001314,2
2025/1/11 14:58:38,0.27679429083093227,2
2025/1/11 14:58:39,0.2402280810356975,2
2025/1/11 14:58:40,0.220498212,2
2025/1/11 14:58:41,0.23282574947416443,2
2025/1/11 14:58:42,0.2808539055686561,2
2025/1/11 14:58:43,0.2709919511560767,2
2025/1/11 14:58:44,0.28509626714949476,2
2025/1/11 14:58:45,0.26636425108813394,2
2025/1/11 14:58:46,0.2608625680590227,2
2025/1/11 14:58:47,0.2572939626925539,2
2025/1/11 14:58:48,0.2501176435657886,2
2025/1/11 14:58:49,0.23855757081830312,2
2025/1/11 14:58:50,0.23028710473134106,2
2025/1/11 14:58:51,0.23808856434675926,2
2025/1/11 14:58:52,0.29993767,2
2025/1/11 14:58:53,0.2039736272081066,2
2025/1/11 14:58:54,0.22529295024326398,2
2025/1/11 14:58:55,0.22652262623371255,2
2025/1/11 14:58:56,0.22672097105583333,2
2025/1/11 14:58:57,0.22790953535895309,2
2025/1/11 14:58:58,0.23825583794840824,2
2025/1/11 14:58:59,0.23960068601586024,2
2025/1/11 14:59:00,0.24079543582107302,2
2025/1/11 14:59:01,0.2356942772959257,2
2025/1/11 14:59:02,0.23687822907893885,2
2025/1/11 14:59:03,0.24420872815690112,2
2025/1/11 14:59:04,0.24417972674190405,2
2025/1/11 14:59:05,0.24536419330125034,2
2025/1/11 14:59:06,0.24267990470042186,2
2025/1/11 14:59:07,0.2600426638856564,2
2025/1/11 14:59:08,0.29972694655395893,2
2025/1/11 14:59:09,0.329105099,2
2025/1/11 14:59:10,0.35072378053515835,2
2025/1/11 14:59:11,0.37408793190698014,2
2025/1/11 14:59:12,0.38790180681864433,2
2025/1/11 14:59:13,0.3896849273902843,2
2025/1/11 14:59:14,0.39011938735465046,2
2025/1/11 14:59:15,0.3944716988634389,2
2025/1/11 14:59:16,0.4023115849224464,2
2025/1/11 14:59:17,0.4175080847450519,2
2025/1/11 14:59:18,0.42377265612869586,2
2025/1/11 14:59:19,0.43130543978764324,2
2025/1/11 14:59:20,0.43715786145874197,2
2025/1/11 14:59:21,0.451903678,2
2025/1/11 14:59:22,0.4643123119800099,2
2025/1/11 14:59:23,0.4667970308531597,2
2025/1/11 14:59:24,0.4633027281762671,2
2025/1/11 14:59:25,0.46072259489703454,2
2025/1/11 14:59:26,0.4594348777266499,2
2025/1/11 14:59:27,0.463470384,2
2025/1/11 14:59:28,0.4633970648935268,2
2025/1/11 14:59:29,0.4622710523249487,2
2025/1/11 14:59:30,0.46000370361572696,2
2025/1/11 14:59:31,0.4605687241849748,2
2025/1/11 14:59:32,0.4563627018898475,2
2025/1/11 14:59:33,0.45704152427059935,2
2025/1/11 14:59:34,0.4566381430727245,2
2025/1/11 14:59:35,0.453099429,2
2025/1/11 14:59:36,0.45629802242851225,2
2025/1/11 14:59:37,0.45813364359300995,2
2025/1/11 14:59:38,0.44396179720260776,2
2025/1/11 14:59:39,0.43998698336659964,2
2025/1/11 14:59:40,0.4391791080419926,2
2025/1/11 14:59:41,0.44189919634129043,2
2025/1/11 14:59:42,0.4416096790114777,2
2025/1/11 14:59:43,0.4378745537338557,2
2025/1/11 14:59:44,0.440820093,2
2025/1/11 14:59:45,0.5063891000495433,2
2025/1/11 14:59:46,0.5063891000495433,2
2025/1/11 14:59:47,0.7485239347348793,2
2025/1/11 14:59:48,0.75249203,2
2025/1/11 14:59:49,0.7327558214083894,2
2025/1/11 14:59:50,0.7186627207133715,2
2025/1/11 14:59:51,0.6756689186868448,2
2025/1/11 14:59:52,0.6719039838802546,2
2025/1/11 14:59:53,0.6694155457746002,2
2025/1/11 14:59:54,0.6979073800030342,2
2025/1/11 15:37:24,1.1010983756062547,0
2025/1/11 15:37:25,1.107781814,0
2025/1/11 15:37:26,1.1241919772521245,0
2025/1/11 15:37:27,1.151999673071513,0
2025/1/11 15:37:28,1.155585801690986,0
2025/1/11 15:37:29,1.2239071286680288,0
2025/1/11 15:37:30,1.2856689318191037,0
2025/1/11 15:37:31,1.3355484398971305,0
2025/1/11 15:37:32,1.2654567231435048,0
2025/1/11 15:37:33,1.2643683270965818,0
2025/1/11 15:37:34,1.2679097121652132,0
2025/1/11 15:37:35,1.2715140445293127,0
2025/1/11 15:37:36,1.2766368022838315,0
2025/1/11 15:37:37,1.2564365583805994,0
2025/1/11 15:37:38,1.2755131688972794,0
2025/1/11 15:37:39,1.2903794190871911,0
2025/1/11 15:37:40,1.306857041316351,0
2025/1/11 15:37:41,1.3090680057033486,0
2025/1/11 15:37:42,1.2975637826987223,0
2025/1/11 15:37:43,1.2956520131684537,0
2025/1/11 15:37:44,1.2947492664348532,0
2025/1/11 15:37:45,1.2968475922877634,0
2025/1/11 15:37:46,1.297169633585561,0
2025/1/11 15:37:47,1.2958171670141556,0
2025/1/11 15:37:48,1.3212113633523277,0
2025/1/11 15:37:49,1.3465580094617586,0
2025/1/11 15:37:50,1.318291696994522,0
2025/1/11 15:37:51,1.3996112844509245,0
2025/1/11 15:37:52,1.3869963793274618,0
2025/1/11 15:37:53,1.4639920430338602,0
2025/1/11 15:37:54,1.5171747934148767,0
2025/1/11 15:37:55,1.516861508,0
2025/1/11 15:37:56,0.8228043689630479,0
2025/1/11 15:37:57,0.3141074403631697,0
2025/1/11 15:37:58,0.26535373847973426,0
2025/1/11 15:37:59,0.24721321644830022,0
2025/1/11 15:38:00,0.24360839090137162,0
2025/1/11 15:38:01,0.24365215769967538,0
2025/1/11 15:38:02,0.24439442628121766,0
2025/1/11 15:38:03,0.24084435660665626,0
2025/1/11 15:38:04,0.2400927506569821,0
2025/1/11 15:38:05,0.2390162060361057,0
2025/1/11 15:38:06,0.24007194890551053,0
2025/1/11 15:38:07,0.24160780235406568,0
2025/1/11 15:38:08,0.23938152851936337,0
2025/1/11 15:38:09,0.23960538895858452,0
2025/1/11 15:38:10,0.23932578302897412,0
2025/1/11 15:38:11,0.2390142821497426,0
2025/1/11 15:38:12,0.23881217850228031,0
2025/1/11 15:38:13,0.23891240004609418,0
2025/1/11 15:38:14,0.23814532938128222,0
2025/1/11 15:38:15,0.23567409500385272,0
2025/1/11 15:38:16,0.23594636835221325,0
2025/1/11 15:38:17,0.2360676294255688,0
2025/1/11 15:38:18,0.2348399963102533,0
2025/1/11 15:38:19,0.2358565950342144,0
2025/1/11 15:38:20,0.2348020077436169,0
2025/1/11 15:38:21,0.23482770475756398,0
2025/1/11 15:38:22,0.23513385583687615,0
2025/1/11 15:38:23,0.2348952425601293,0
2025/1/11 15:38:24,0.2345359627917003,0
2025/1/11 15:38:25,0.2328487260092683,0
2025/1/11 15:38:26,0.23429122357957302,0
2025/1/11 15:38:27,0.23673043215042844,0
2025/1/11 15:38:28,0.1991380906165364,0
2025/1/11 15:38:29,0.13460981311018547,0
2025/1/11 15:38:30,0.065715769,0
2025/1/11 15:38:31,0.010735762998424528,0
2025/1/11 15:38:32,0.019125622883780984,0
2025/1/11 15:38:33,0.030215418,0
2025/1/11 15:38:34,0.032379879,0
2025/1/11 15:38:35,0.029115533,0
2025/1/11 15:38:36,0.025520762,0
2025/1/11 15:38:37,0.023898187480838533,0
2025/1/11 15:38:38,0.028425946938136715,0
2025/1/11 15:38:39,0.037199976,0
2025/1/11 15:38:40,0.046577942,0
2025/1/11 15:38:41,0.051770186,0
2025/1/11 15:38:42,0.057707736,0
2025/1/11 15:38:43,0.051083588,0
2025/1/11 15:38:44,0.039856541,0
2025/1/11 15:38:45,0.027392333375408622,0
2025/1/11 15:38:46,0.016746076,0
2025/1/11 15:38:47,0.011024595557401096,0
2025/1/11 15:38:48,0.006915934,0
2025/1/11 15:38:49,0.005313929,0
2025/1/11 15:38:50,0.005544043,0
2025/1/11 15:38:51,0.00646636,0
2025/1/11 15:38:52,0.005231655,0
2025/1/11 15:38:53,0.00519102,0
2025/1/11 15:38:54,0.016396117,0
2025/1/11 15:38:55,0.030094340201533825,0
2025/1/11 15:38:56,0.040731848,0
2025/1/11 15:38:57,0.047186024742182475,0
2025/1/11 15:38:58,0.050108066,0
2025/1/11 15:38:59,0.05208862,1.6249999999999996
2025/1/11 15:39:00,0.056179748104637404,1.8249999999999997
2025/1/11 15:39:01,0.065844859,2
2025/1/11 15:39:02,0.087152069,2
2025/1/11 15:39:03,0.11791377674378249,2
2025/1/11 15:39:04,0.14557653867586437,2
2025/1/11 15:39:05,0.15390920211359468,2
2025/1/11 15:39:06,0.1541236854284763,2
2025/1/11 15:39:07,0.14782297584182258,2
2025/1/11 15:39:08,0.12604083225061405,2
2025/1/11 15:39:09,0.10273515671754134,2
2025/1/11 15:39:10,0.080844092,2
2025/1/11 15:39:11,0.097173168,2
2025/1/11 15:39:12,0.11798215321107763,2
2025/1/11 15:39:13,0.11912311945028294,2
2025/1/11 15:39:14,0.11777915303088642,2
2025/1/11 15:39:15,0.11181080815540693,2
2025/1/11 15:39:16,0.10692276489841257,2
2025/1/11 15:39:17,0.095100807,2
2025/1/11 15:39:18,0.085752234,2
2025/1/11 15:39:19,0.076199134,2
2025/1/11 15:39:20,0.071474967,2
2025/1/11 15:39:21,0.071334524,2
2025/1/11 15:39:22,0.071365394,2
2025/1/11 15:39:23,0.069494241,2
2025/1/11 15:39:24,0.07010701,2
2025/1/11 15:39:25,0.069566142,2
2025/1/11 15:39:26,0.067284798,2
2025/1/11 15:39:27,0.063813398,2
2025/1/11 15:39:28,0.058515075893339784,2
2025/1/11 15:39:29,0.051646401110820715,2
2025/1/11 15:39:30,0.040446238484620846,2
2025/1/11 15:39:31,0.024894253,2
2025/1/11 15:39:32,0.020555935281841037,2
2025/1/11 15:39:33,0.016757353,2
2025/1/11 15:39:34,0.011272882,2
2025/1/11 15:39:35,0.21726861368019432,2
2025/1/11 15:39:36,0.5260003234738889,0
2025/1/11 15:39:37,0.7801771585505092,0
2025/1/11 15:39:38,0.9733451882503221,0
2025/1/11 15:39:39,1.017863863343714,0
2025/1/11 15:39:40,1.0170371754942928,0
2025/1/11 15:39:41,1.0197902620402104,0
2025/1/11 15:39:42,1.0558974409406527,0
2025/1/11 15:39:43,1.0624729728453908,0
2025/1/11 15:39:44,1.0681622029492568,0
2025/1/11 15:39:45,1.0542330881432818,0
2025/1/11 15:39:46,1.0430940358149208,0
2025/1/11 15:39:47,1.0314865005200016,0
2025/1/11 15:39:48,1.0157002692174746,0
2025/1/11 15:39:49,1.0051531962706053,0
2025/1/11 15:39:50,1.0077259178560283,0
2025/1/11 15:39:51,1.0211379225949049,0
2025/1/11 15:39:52,1.0368695816012155,0
2025/1/11 15:39:53,1.0429404265421816,0
2025/1/11 15:39:54,1.0633447391404716,0
2025/1/11 15:39:55,1.0457954021466447,0
2025/1/11 15:39:56,1.0355447857090072,0
2025/1/11 15:39:57,1.052452856962611,0
2025/1/11 15:39:58,1.0524528569624891,0
2025/1/11 15:39:59,1.0687594906713167,0
2025/1/11 15:40:00,1.057874045158474,0
2025/1/11 15:40:01,1.049619712245397,0
2025/1/11 15:40:02,1.0408180836645096,0
2025/1/11 15:40:03,1.0329331406737203,0
2025/1/11 15:40:04,1.052918786956903,0
2025/1/11 15:40:05,1.0536712677147146,0
2025/1/11 15:40:06,1.0474483590040362,0
2025/1/11 15:40:07,0.9774251183197062,0
2025/1/11 15:40:08,0.9767479936233583,0
2025/1/11 15:40:09,0.9723977707259251,0
2025/1/11 15:40:10,0.9930925080060614,0
2025/1/11 15:40:11,0.9955429918445514,0
2025/1/11 15:40:12,0.97551295,0
2025/1/11 15:40:13,0.9572875972486564,0
2025/1/11 15:40:14,0.9575539029040087,0
2025/1/11 15:40:15,0.9566604848380246,0
2025/1/11 15:40:16,0.9380974452800782,0
2025/1/11 15:40:17,0.9295121844898316,0
2025/1/11 15:40:18,0.9161808300408989,0
2025/1/11 15:40:19,0.821148182,0
2025/1/11 15:40:20,0.821148182,0
2025/1/11 15:42:01,0.8770069610443217,0
2025/1/11 15:42:02,0.876103802,0
2025/1/11 15:42:03,0.8727413337625108,0
2025/1/11 15:42:04,0.876431837,0
2025/1/11 15:42:05,0.8798260286344153,0
2025/1/11 15:42:06,0.8925102040493371,0
2025/1/11 15:42:07,0.9047625398466167,0
2025/1/11 15:42:08,0.9258195140322352,0
2025/1/11 15:42:09,0.9502993667576831,0
2025/1/11 15:42:10,0.9536030680308496,0
2025/1/11 15:42:11,0.9446713879559955,0
2025/1/11 15:42:12,0.925312108,0
2025/1/11 15:42:13,0.9074172666036399,0
2025/1/11 15:42:14,0.9020683086975921,0
2025/1/11 15:42:15,0.9017937844965825,0
2025/1/11 15:42:16,0.9033834142895637,0
2025/1/11 15:42:17,0.9093721498053157,0
2025/1/11 15:42:18,0.9022330281387673,0
2025/1/11 15:42:19,0.8646932379597262,0
2025/1/11 15:42:20,0.7829256395400955,0
2025/1/11 15:42:21,0.6779037088780605,0
2025/1/11 15:42:22,0.6390399621580549,0
2025/1/11 15:42:23,0.6221355641478019,0
2025/1/11 15:42:24,0.6169404465602383,0
2025/1/11 15:42:25,0.6083389999225322,0
2025/1/11 15:42:26,0.6036570223268197,0
2025/1/11 15:42:27,0.6117392333913574,0
2025/1/11 15:42:28,0.5563484074253134,0
2025/1/11 15:42:29,0.4606400584299763,0
2025/1/11 15:42:30,0.43181638324679056,0
2025/1/11 15:42:31,0.4134417908470156,0
2025/1/11 15:42:32,0.45255147805306767,0
2025/1/11 15:42:33,0.47835796948868614,0
2025/1/11 15:42:34,0.4743695453756948,0
2025/1/11 15:42:35,0.4826094488139761,0
2025/1/11 15:42:36,0.4829484837634797,0
2025/1/11 15:42:37,0.45483109273690747,0
2025/1/11 15:42:38,0.4321058483355526,0
2025/1/11 15:42:39,0.43971928534201554,0
2025/1/11 15:42:40,0.47988558568382517,0
2025/1/11 15:42:41,0.48381558111803774,0
2025/1/11 15:42:42,0.48228782430496847,0
2025/1/11 15:42:43,0.4723653323705637,0
2025/1/11 15:42:44,0.43813608193385994,0
2025/1/11 15:42:45,0.4206508502465119,0
2025/1/11 15:42:46,0.4099297189330155,0
2025/1/11 15:42:47,0.39157656074525776,0
2025/1/11 15:42:48,0.3894947394947225,0
2025/1/11 15:42:49,0.3876557642450232,0
2025/1/11 15:42:50,0.386488901,0
2025/1/11 15:42:51,0.3811106534908058,0
2025/1/11 15:42:52,0.34977209469159715,0
2025/1/11 15:42:53,0.3541281241278103,0
2025/1/11 15:42:54,0.36716221447568076,0
2025/1/11 15:42:55,0.36648176985376885,0
2025/1/11 15:42:56,0.3666792434674477,0
2025/1/11 15:42:57,0.36968026277729127,0
2025/1/11 15:42:58,0.3832670779168666,0
2025/1/11 15:42:59,0.4061060138823677,0
2025/1/11 15:43:00,0.42920105814037157,0
2025/1/11 15:43:01,0.4303750360649829,0
2025/1/11 15:43:02,0.4387266898431587,0
2025/1/11 15:43:03,0.420456196,0
2025/1/11 15:43:04,0.45976800867397083,0
2025/1/11 15:43:05,0.42218784276090543,0
2025/1/11 15:43:06,0.40223931016876585,0
2025/1/11 15:43:07,0.19395374109400398,0
2025/1/11 15:43:08,0.19320181488898816,0
2025/1/11 15:43:09,0.1910892460777364,0
2025/1/11 15:43:10,0.19051276383263463,0
2025/1/11 15:43:11,0.1899522408681483,0
2025/1/11 15:43:12,0.1831341120150166,0
2025/1/11 15:43:13,0.17186115491571652,0
2025/1/11 15:43:14,0.16237461968420228,0
2025/1/11 15:43:15,0.15211889118233093,0
2025/1/11 15:43:16,0.14453295716448253,0
2025/1/11 15:43:17,0.14034825608367166,0
2025/1/11 15:43:18,0.13736734757878125,0
2025/1/11 15:43:19,0.13602071853132994,0
2025/1/11 15:43:20,0.13844238866354397,0
2025/1/11 15:43:21,0.1438148013956099,0
2025/1/11 15:43:22,0.1446241731777187,0
2025/1/11 15:43:23,0.14715793517389134,0
2025/1/11 15:43:24,0.16253364951255467,0
2025/1/11 15:43:25,0.14919647117812573,0
2025/1/11 15:43:26,0.13809153996227316,0
2025/1/11 15:43:27,0.13215491319662234,0
2025/1/11 15:43:28,0.12826637467234722,0
2025/1/11 15:43:29,0.13559239928218295,0
2025/1/11 15:43:30,0.1413507953439681,0
2025/1/11 15:43:31,0.13886339788122784,0
2025/1/11 15:43:32,0.13528603959463567,0
2025/1/11 15:43:33,0.1395815805493378,0
2025/1/11 15:43:34,0.143419858,0
2025/1/11 15:43:35,0.13660010176514228,0
2025/1/11 15:43:36,0.16196601658139972,0
2025/1/11 15:43:37,0.16377394073329432,0
2025/1/11 15:43:38,0.16779735832886042,0
2025/1/11 15:43:39,0.1715350637180526,0
2025/1/11 15:43:40,0.17199222039332515,0
2025/1/11 15:43:41,0.17250070597458297,0
2025/1/11 15:43:42,0.17112466309084282,0
2025/1/11 15:43:43,0.1715296335061439,0
2025/1/11 15:43:44,0.17427604968542307,0
2025/1/11 15:43:45,0.17720563913783569,0
2025/1/11 15:43:46,0.17951100135310463,0
2025/1/11 15:43:47,0.17806747880732474,0
2025/1/11 15:43:48,0.1739430866081905,0
2025/1/11 15:43:49,0.1703458437722678,0
2025/1/11 15:43:50,0.17780640964874253,0
2025/1/11 15:43:51,0.18099885517421152,0
2025/1/11 15:43:52,0.182955394,0
2025/1/11 15:43:53,0.1843183557441055,0
2025/1/11 15:43:54,0.18702157122007032,0
2025/1/11 15:43:55,0.20019884180810532,0
2025/1/11 15:43:56,0.2075671738307765,0
2025/1/11 15:43:57,0.2097767440651522,0
2025/1/11 15:43:58,0.21084417049347692,0
2025/1/11 15:43:59,0.21093361326757787,0
2025/1/11 15:44:00,0.21306761895576912,0
2025/1/11 15:44:01,0.2142727311432342,0
2025/1/11 15:44:02,0.21559659895859484,0
2025/1/11 15:44:03,0.2057001812291476,0
2025/1/11 15:44:04,0.19992459418980912,0
2025/1/11 15:44:05,0.2013255250968875,0
2025/1/11 15:44:06,0.2017082928847961,0
2025/1/11 15:44:07,0.19816507733351774,0
2025/1/11 15:44:08,0.19152172823406813,0
2025/1/11 15:44:09,0.19138581823434966,0
2025/1/11 15:44:10,0.19375316622241945,0
2025/1/11 15:44:11,0.1992730765475367,0
2025/1/11 15:44:12,0.20050845603566522,0
2025/1/11 15:44:13,0.19382565779146996,0
2025/1/11 15:44:14,0.18717014894579442,0
2025/1/11 15:44:15,0.18762556278523132,0
2025/1/11 15:44:16,0.18560842074447903,0
2025/1/11 15:44:17,0.18527770335922478,0
2025/1/11 15:44:18,0.17652387845437115,0
2025/1/11 15:44:19,0.17121453145817847,0
2025/1/11 15:44:20,0.17208748814143382,0
2025/1/11 15:44:21,0.17079829819551554,0
2025/1/11 15:44:22,0.17283731046252285,0
2025/1/11 15:44:23,0.1793502914440547,0
2025/1/11 15:44:24,0.1810252352233929,0
2025/1/11 15:44:25,0.18261085683333045,0
2025/1/11 15:44:26,0.2044738808351282,0
2025/1/11 15:44:27,0.080205093,0
2025/1/11 15:44:28,0.063589503,0
2025/1/11 15:44:29,0.063587565,0
2025/1/11 15:44:30,0.064049037,0
2025/1/11 15:44:31,0.068422389,0
2025/1/11 15:44:32,0.063134622,0
2025/1/11 15:44:33,0.066172372,0
2025/1/11 15:44:34,0.066113574,0
2025/1/11 15:44:35,0.064637722,0
2025/1/11 15:44:36,0.062638181,0
2025/1/11 15:44:37,0.057502084513967176,0
2025/1/11 15:44:38,0.048605669,0
2025/1/11 15:44:39,0.038747098,0
2025/1/11 15:44:40,0.034917659,0
2025/1/11 15:44:41,0.034915615,0
2025/1/11 15:44:42,0.03696521,0
2025/1/11 15:44:43,0.023693455982286043,0
2025/1/11 15:44:44,0.016885849086975657,0
2025/1/11 15:44:45,0.2371903563443841,0
2025/1/11 15:44:46,0.028042137696066227,0
2025/1/11 15:44:47,0.026234840796547143,0
2025/1/11 15:44:48,0.026234840796547143,0
2025/1/11 15:44:49,0.026180655074442043,0
2025/1/11 15:44:50,0.1094571689608131,0
2025/1/11 15:44:51,0.067463011,0
2025/1/11 15:44:52,0.064107177,0
2025/1/11 15:44:53,0.061581054306312076,0
2025/1/11 16:30:43,0.027921120196924498,0
2025/1/11 16:30:44,0.011539629,0
2025/1/11 16:30:45,0.028778117,0
2025/1/11 16:30:46,0.010087551633789568,0
2025/1/11 16:30:47,0.011134275749866251,0
2025/1/11 16:30:48,0.011910092465500751,0
2025/1/11 16:30:49,0.011983544156142667,0
2025/1/11 16:30:50,0.012511397972257162,0
2025/1/11 16:30:51,0.013097164381367321,0
2025/1/11 16:30:52,0.019892517064131827,0
2025/1/11 16:30:53,0.001657085,0
2025/1/11 16:30:54,0.000900203,0
2025/1/11 16:30:55,0.000709515,0
2025/1/11 16:30:56,0.003603401,0
2025/1/11 16:30:57,0.002908889,0
2025/1/11 16:30:58,0.001157975,0
2025/1/11 16:30:59,0.1431095842704262,0
2025/1/11 16:31:00,0.006499664,0
2025/1/11 16:31:01,0.005703947,0
2025/1/11 16:31:02,0.010398971,0
2025/1/11 16:31:03,0.020230749,0
2025/1/11 16:31:04,0.026447375,0
2025/1/11 16:31:05,0.035726431441063244,0
2025/1/11 16:31:06,0.056776521,0
2025/1/11 16:31:07,0.12388204712037891,0
2025/1/11 16:31:08,0.097735471,0
2025/1/11 16:31:09,0.09544469,0
2025/1/11 16:31:10,0.09603919,0
2025/1/11 16:31:11,0.10038349632330561,0
2025/1/11 16:31:12,0.094487545,0
2025/1/11 16:31:13,0.091433279,0
2025/1/11 16:31:14,0.091345348,0
2025/1/11 16:31:15,0.088589515,0
2025/1/11 16:31:16,0.063032276,0
2025/1/11 16:31:17,0.067594463,0
2025/1/11 16:31:18,0.07463617,0
2025/1/11 16:31:19,0.080500355,0
2025/1/11 16:31:20,0.070143433,0
2025/1/11 16:31:21,0.066325914,0
2025/1/11 16:31:22,0.067691346,0
2025/1/11 16:31:23,0.075393925,0
2025/1/11 16:31:24,0.057052409,0
2025/1/11 16:31:25,0.040685082,0
2025/1/11 16:31:26,0.040922075,0
2025/1/11 16:31:27,0.038005853954016455,0
2025/1/11 16:31:28,0.029929850218287573,0
2025/1/11 16:31:29,0.030384035294061935,0
2025/1/11 16:31:30,0.03155983,0
2025/1/11 16:31:31,0.032750737,0
2025/1/11 16:31:32,0.030036596745972588,0
2025/1/11 16:31:33,0.020319328198065516,0
2025/1/11 16:31:34,0.016070087315370962,0
2025/1/11 16:31:35,0.020875908,0
2025/1/11 16:31:36,0.020686779,0
2025/1/11 16:31:37,0.018337246,0
2025/1/11 16:31:38,0.014599429181322213,0
2025/1/11 16:31:39,0.014750701,0
2025/1/11 16:31:40,0.015120910143463137,0
2025/1/11 16:31:41,0.015459129354313964,0
2025/1/11 16:31:42,0.015865825700537666,0
2025/1/11 16:31:43,0.016292866748985297,0
2025/1/11 16:31:44,0.014982423630672445,0
2025/1/11 16:31:45,0.011371562,0
2025/1/11 16:31:46,0.009991063,0
2025/1/11 16:31:47,0.00563539,0
2025/1/11 16:31:48,0.007356184,0
2025/1/11 16:31:49,0.010834991647490652,0
2025/1/11 16:31:50,0.016191411718100568,0
2025/1/11 16:31:51,0.020860199,0
2025/1/11 16:31:52,0.014386819407192034,0
2025/1/11 16:31:53,0.023557115262241062,0
2025/1/11 16:31:54,0.01554665,0
2025/1/11 16:31:55,0.021364507870216116,0
2025/1/11 16:31:56,0.021810262,0
2025/1/11 16:31:57,0.022278780294285355,0
2025/1/11 16:31:58,0.022418024486907513,0
2025/1/11 16:31:59,0.022107976231075483,0
2025/1/11 16:32:00,0.023340741,0
2025/1/11 16:32:01,0.019440632999210433,0
2025/1/11 16:32:02,0.022753791,0
2025/1/11 16:32:03,0.020206759046617655,0
2025/1/11 16:32:04,0.020495343,0
2025/1/11 16:32:05,0.0194284,0
2025/1/11 16:32:06,0.018532223,0
2025/1/11 16:32:07,0.019662439553100725,0
2025/1/11 16:32:08,0.019844695663351935,0
2025/1/11 16:32:09,0.018497524,0
2025/1/11 16:32:10,0.019858829203127797,0
2025/1/11 16:32:11,0.019726333954007913,0
2025/1/11 16:32:12,0.019952569,0
2025/1/11 16:32:13,0.022394786,0
2025/1/11 16:32:14,0.029761384,0
2025/1/11 16:32:15,0.026964142618142617,0
2025/1/11 16:32:16,0.026900950010189106,0
2025/1/11 16:32:17,0.033724414,0
2025/1/11 16:32:18,0.076427569,0
2025/1/11 16:32:19,0.165728114,0
2025/1/11 16:32:20,0.2645378251863944,0
2025/1/11 16:32:21,0.3483324097883953,0
2025/1/11 16:32:22,0.42361261256356303,0
2025/1/11 16:32:23,0.3696560624779848,0
2025/1/11 16:32:24,0.36872439395071793,0
2025/1/11 16:32:25,0.3525234506102806,0
2025/1/11 16:32:26,0.3195186578016262,0
2025/1/11 16:32:27,0.3196141767425087,0
2025/1/11 16:32:28,0.3234935336376547,0
2025/1/11 16:32:29,0.28269140713839197,0
2025/1/11 16:32:30,0.26158029278036565,0
2025/1/11 16:32:31,0.26581241852238247,0
2025/1/11 16:32:32,0.2589697576717113,0
2025/1/11 16:32:33,0.2796118965690145,0
2025/1/11 16:32:34,0.26511055284794693,0
2025/1/11 16:32:35,0.26370375181793654,0
2025/1/11 16:32:36,0.2598237426513639,0
2025/1/11 16:32:37,0.2626649948180588,0
2025/1/11 16:32:38,0.28195732167445176,0
2025/1/11 16:32:39,0.2918378652286546,0
2025/1/11 16:32:40,0.2888011055787514,0
2025/1/11 16:32:41,0.2775242727637379,0
2025/1/11 16:32:42,0.2655353501593156,0
2025/1/11 16:32:43,0.2611194600392392,0
2025/1/11 16:32:44,0.23421784296955103,0
2025/1/11 16:32:45,0.29578520643054046,0
2025/1/11 16:32:46,0.2554808340106036,0
2025/1/11 16:32:47,0.2698721883954704,0
2025/1/11 16:32:48,0.27285417638906634,0
2025/1/11 16:32:49,0.2694891530466735,0
2025/1/11 16:32:50,0.26718542555551145,0
2025/1/11 16:32:51,0.27169840927998273,0
2025/1/11 16:32:52,0.2765724026570469,0
2025/1/11 16:32:53,0.28328915713664804,0
2025/1/11 16:32:54,0.29466019115367786,0
2025/1/11 16:32:55,0.3079801906902791,0
2025/1/11 16:34:31,0.2671740568837346,0
2025/1/11 16:34:32,0.25895441319876006,0
2025/1/11 16:34:33,0.24758382275005011,0
2025/1/11 16:34:34,0.26929146681215715,0
2025/1/11 16:34:35,0.2848307228453974,0
2025/1/11 16:34:36,0.2882032888816963,0
2025/1/11 16:34:37,0.3004758207674659,0
2025/1/11 16:34:38,0.31123929876235285,0
2025/1/11 16:34:39,0.3124103670822807,0
2025/1/11 16:34:40,0.3159889960584444,0
2025/1/11 16:34:41,0.31962078467277105,0
2025/1/11 16:34:42,0.330688038,0
2025/1/11 16:34:43,0.3352477584152081,0
2025/1/11 16:34:44,0.335931123,0
2025/1/11 16:34:45,0.3389883127563957,0
2025/1/11 16:34:46,0.34214626383940017,0
2025/1/11 16:34:47,0.34806353876334145,0
2025/1/11 16:34:48,0.3528515636947998,0
2025/1/11 16:34:49,0.35175353590102665,0
2025/1/11 16:34:50,0.3554151896130624,0
2025/1/11 16:34:51,0.3568054264815979,0
2025/1/11 16:34:52,0.3585486824617677,0
2025/1/11 16:34:53,0.3635088766214851,0
2025/1/11 16:34:54,0.3739176244408077,0
2025/1/11 16:34:55,0.36988128600880116,0
2025/1/11 16:34:56,0.3725088503915915,0
2025/1/11 16:34:57,0.3756270043824073,0
2025/1/11 16:34:58,0.3764824643542572,0
2025/1/11 16:34:59,0.3648783310142214,0
2025/1/11 16:35:00,0.35356918009252336,0
2025/1/11 16:35:01,0.3507223283716348,0
2025/1/11 16:35:02,0.3530266681959365,0
2025/1/11 16:35:03,0.34509807,0
2025/1/11 16:35:04,0.3549290989188815,0
2025/1/11 16:35:05,0.3556826468039282,0
2025/1/11 16:35:06,0.352895459,0
2025/1/11 16:35:07,0.3510217637899835,0
2025/1/11 16:35:08,0.35225554719063384,0
2025/1/11 16:35:09,0.35513338,0
2025/1/11 16:35:10,0.3468405415560583,0
2025/1/11 16:35:11,0.3498967643208137,0
2025/1/11 16:35:12,0.3475088088529219,0
2025/1/11 16:35:13,0.3518064311571538,0
2025/1/11 16:35:14,0.34935015,0
2025/1/11 16:35:15,0.3496767200577491,0
2025/1/11 16:35:16,0.3598534642037528,0
2025/1/11 16:35:17,0.36469011666518014,0
2025/1/11 16:35:18,0.3674011519904193,0
2025/1/11 16:35:19,0.38165884978865244,0
2025/1/11 16:35:20,0.3938631110095489,0
2025/1/11 16:35:21,0.39857687934870745,0
2025/1/11 16:35:22,0.3936502436272183,0
2025/1/11 16:35:23,0.3893988445851873,0
2025/1/11 16:35:24,0.3796159502695741,0
2025/1/11 16:35:25,0.3913824721283339,0
2025/1/11 16:35:26,0.37681334052302784,0
2025/1/11 16:35:27,0.39655061302155953,0
2025/1/11 16:35:28,0.3675623113293631,0
2025/1/11 16:35:29,0.3287191025060143,0
2025/1/11 16:35:30,0.267607265,0
2025/1/11 16:35:31,0.2008316726582199,0
2025/1/11 16:35:32,0.12717049183677798,0
2025/1/11 16:35:33,0.13220220965274931,0
2025/1/11 16:35:34,0.1324785584257341,0
2025/1/11 16:35:35,0.14128490260852336,0
2025/1/11 16:35:36,0.1629546657894491,0
2025/1/11 16:35:37,0.15936938107631007,0
2025/1/11 16:35:38,0.15534496864283817,0
2025/1/11 16:35:39,0.19905280586108573,0
2025/1/11 16:35:40,0.21017597026718557,0
2025/1/11 16:35:41,0.21082571508234116,0
2025/1/11 16:35:42,0.2243498323002573,0
2025/1/11 16:35:43,0.16870580973307892,0
2025/1/11 16:35:44,0.1748561641168528,0
2025/1/11 16:35:45,0.17494178454774723,0
2025/1/11 16:35:46,0.1783247686832885,0
2025/1/11 16:35:47,0.16500451453405698,0
2025/1/11 16:35:48,0.1425696792904554,0
2025/1/11 16:35:49,0.15036556734817155,0
2025/1/11 16:35:50,0.15045644260372612,0
2025/1/11 16:35:51,0.14985860324022315,0
2025/1/11 16:35:52,0.1504448016287975,0
2025/1/11 16:35:53,0.15033061680421822,0
2025/1/11 16:35:54,0.19824993390242276,0
2025/1/11 16:35:55,0.10606899467775295,0
2025/1/11 16:37:03,0.068842951,0
2025/1/11 16:37:04,0.031263307,0
2025/1/11 16:37:05,0.047972689,0
2025/1/11 16:37:06,0.05451223,0
2025/1/11 16:37:07,0.053023665,0
2025/1/11 16:37:08,0.051785014,0
2025/1/11 16:37:09,0.054506242,0
2025/1/11 16:37:10,0.050250244418681866,0
2025/1/11 16:37:11,0.050404823,0
2025/1/11 16:37:12,0.053889472223839885,0
2025/1/11 16:37:13,0.027045984,0
2025/1/11 16:37:14,0.028834176,0
2025/1/11 16:37:15,0.022528141192985185,0
2025/1/11 16:37:16,0.033196647,0
2025/1/11 16:37:17,0.031796997,0
2025/1/11 16:37:18,0.031119093537001746,0
2025/1/11 16:37:19,0.03011923,0
2025/1/11 16:37:20,0.032927820462226386,0
2025/1/11 16:37:21,0.037437782,0
2025/1/11 16:37:22,0.065761258,0
2025/1/11 16:37:23,0.10701016357379656,0
2025/1/11 16:37:24,0.10404382161418708,0
2025/1/11 16:37:25,0.10423390330743383,0
2025/1/11 16:37:26,0.088837694,0
2025/1/11 16:37:27,0.081219813,0
2025/1/11 16:37:28,0.097164589,0
2025/1/11 16:37:29,0.091518333,0
2025/1/11 16:37:30,0.093181451,0
2025/1/11 16:37:31,0.08648349,0
2025/1/11 16:37:32,0.097600186,0
2025/1/11 16:37:33,0.10071988165766325,0
2025/1/11 16:37:34,0.10157415188666219,0
2025/1/11 16:37:35,0.1172205924128719,0
2025/1/11 16:37:36,0.13305287506912342,0
2025/1/11 16:37:37,0.1321382902678064,0
2025/1/11 16:37:38,0.13101448683168174,0
2025/1/11 16:37:39,0.13792657530948102,0
2025/1/11 16:37:40,0.14068827720386393,0
2025/1/11 16:37:41,0.1393224203980711,0
2025/1/11 16:37:42,0.1350926458257741,0
2025/1/11 16:37:43,0.14744922046645006,0
2025/1/11 16:37:44,0.12769835611044109,0
2025/1/11 16:37:45,0.13337709890575056,0
2025/1/11 16:37:46,0.13412740235316267,0
2025/1/11 16:37:47,0.13537825293258088,0
2025/1/11 16:37:48,0.14931894482878474,0
2025/1/11 16:37:49,0.141252965,0
2025/1/11 16:37:50,0.13274456040159555,0
2025/1/11 16:37:51,0.12840235268326028,0
2025/1/11 16:37:52,0.13218287204514256,0
2025/1/11 16:37:53,0.1407513741911718,0
2025/1/11 16:37:54,0.12743758723756748,0
2025/1/11 16:37:55,0.14082149659676713,0
2025/1/11 16:37:56,0.14949490577745284,0
2025/1/11 16:37:57,0.1851502467257317,0
2025/1/11 16:37:58,0.11230990547975421,0
2025/1/11 16:37:59,0.12158707114835288,0
2025/1/11 16:38:00,0.11519663853561157,0
2025/1/11 16:38:01,0.11642769450530821,0
2025/1/11 16:38:02,0.11757224535717266,0
2025/1/11 16:38:03,0.11808369723606083,0
2025/1/11 16:38:04,0.10886957957291266,0
2025/1/11 16:38:05,0.1548522733067994,0
2025/1/11 16:38:06,0.1633589042447293,0
2025/1/11 16:38:07,0.16050902511717732,0
2025/1/11 16:38:08,0.16099318263794263,0
2025/1/11 16:38:09,0.16118507724579909,0
2025/1/11 16:38:10,0.15864080844788564,0
2025/1/11 16:38:11,0.15688094289142582,0
2025/1/11 16:38:12,0.15601704733704658,0
2025/1/11 16:38:13,0.15529201967687575,0
2025/1/11 16:38:14,0.15506296316338405,0
2025/1/11 16:38:15,0.15483247676675496,0
2025/1/11 16:38:16,0.1631493192477027,0
2025/1/11 16:38:17,0.16695482652048174,0
2025/1/11 16:38:18,0.16735906728812053,0
2025/1/11 16:38:19,0.1600122111516075,0
2025/1/11 16:38:20,0.15238097152812355,0
2025/1/11 16:38:21,0.15243669890332714,0
2025/1/11 16:38:22,0.1525283275364071,0
2025/1/11 16:38:23,0.15278670816395726,0
2025/1/11 16:38:24,0.15176454049082025,0
2025/1/11 16:38:25,0.14893327115198143,0
2025/1/11 16:38:26,0.15111188775783013,0
2025/1/11 16:38:27,0.14310178214587074,0
2025/1/11 16:38:28,0.13732582796549067,0
2025/1/11 16:38:29,0.13585086779559882,0
2025/1/11 16:38:30,0.15608921358202066,0
2025/1/11 16:38:31,0.1617892013016625,0
2025/1/11 16:38:32,0.1614134689967884,0
2025/1/11 16:38:33,0.16262153852376068,0
2025/1/11 16:38:34,0.163964132,0
2025/1/11 16:38:35,0.16523117316100336,0
2025/1/11 16:38:36,0.1465658181005328,0
2025/1/11 16:38:37,0.13494753710877783,0
2025/1/11 16:38:38,0.1281565468241923,0
2025/1/11 16:38:39,0.11932082221504474,0
2025/1/11 16:38:40,0.11784896838515602,0
2025/1/11 16:38:41,0.11784896838515602,0
2025/1/11 16:38:43,0.10804434696730025,0
2025/1/11 16:38:44,0.093160789,0
2025/1/11 16:38:45,0.076002012,0
2025/1/11 16:38:46,0.065011825,0
2025/1/11 16:38:47,0.06103767,0
2025/1/11 16:38:48,0.052998683,0
2025/1/11 16:38:49,0.042231368,0
2025/1/11 16:38:50,0.04061788,0
2025/1/11 16:38:51,0.041309451,0
2025/1/11 16:38:52,0.04365334,0
2025/1/11 16:38:53,0.055448229,0
2025/1/11 16:38:54,0.053166344,0
2025/1/11 16:38:55,0.041464465,0
2025/1/11 16:38:56,0.04678701,0
2025/1/11 16:38:57,0.051266625,0
2025/1/11 16:38:58,0.051567898,0
2025/1/11 16:38:59,0.048127615,0
2025/1/11 16:39:00,0.067932554,0
2025/1/11 16:39:01,0.085150921,0
2025/1/11 16:39:02,0.079868484,0
2025/1/11 16:39:03,0.028165936136889336,0
2025/1/11 16:39:04,0.059901087578212074,0
2025/1/11 16:39:05,0.021475603,0
2025/1/11 16:39:06,0.012682389836138785,0
2025/1/11 16:39:07,0.012766892789349319,0
2025/1/11 16:39:08,0.010919847753855016,0
2025/1/11 16:39:09,0.006952615,0
2025/1/11 16:39:10,0.011848401685736013,0
2025/1/11 16:39:11,0.009315248,0
2025/1/11 16:39:12,0.00358496,0
2025/1/11 16:39:13,0.002690008,0
2025/1/11 16:39:14,0.000875701,0
2025/1/11 16:39:15,0.001380471,0
2025/1/11 16:39:16,0.001793956,0
2025/1/11 16:39:17,0.005803826,0
2025/1/11 16:39:18,0.014303330214104607,0
2025/1/11 16:39:19,0.009149074,0
2025/1/11 16:39:20,0.007214181,0
2025/1/11 16:39:21,0.00765762,0
2025/1/11 16:39:22,0.007757497,0
2025/1/11 16:39:23,0.014621051903668617,0
2025/1/11 16:39:24,0.02244618,0
2025/1/11 16:39:25,0.018743966,0
2025/1/11 16:39:26,0.017057123504478817,0
2025/1/11 16:39:27,0.014339531191266483,0
2025/1/11 16:39:28,0.014842830807949495,0
2025/1/11 16:39:29,0.016489529,0
2025/1/11 16:39:30,0.017388492556098385,0
2025/1/11 16:39:31,0.015605752222179229,0
2025/1/11 16:39:32,0.036450406,0
2025/1/11 16:39:33,0.054914363,0
2025/1/11 16:39:34,0.049103542,0
2025/1/11 16:39:35,0.050645863982487604,0
2025/1/11 16:39:36,0.051289437203937194,0
2025/1/11 16:39:37,0.0400598,02025-01-27 10:18:09,0.07164906634897077,0.0
2025-01-27 10:18:10,0.07351022326401739,0.0
2025-01-27 10:18:11,0.08013278776373471,0.0
2025-01-27 10:18:12,0.08310892295222623,0.0
2025-01-27 10:18:13,0.08601023532448189,0.0
2025-01-27 10:18:14,0.07584480007861227,0.0
2025-01-27 10:18:15,0.06920174191760091,0.0
2025-01-27 10:18:16,0.07352558773166473,0.0
2025-01-27 10:18:17,0.0671142292953042,0.0
2025-01-27 10:18:18,0.06784955778862949,0.0
2025-01-27 10:18:19,0.0682758780002121,0.0
2025-01-27 10:18:20,0.06883714223217903,0.0
2025-01-27 10:18:21,0.06592746420461919,0.0
2025-01-27 10:18:22,0.06045534135131284,0.0
2025-01-27 10:18:23,0.061127730091822485,0.0
2025-01-27 10:18:24,0.061184207863103524,0.0
2025-01-27 10:18:25,0.05606545846699085,0.0
2025-01-27 10:18:26,0.056628563675741095,0.0
2025-01-27 10:18:27,0.05729113324962887,0.0
2025-01-27 10:18:28,0.05830762176087371,0.0
2025-01-27 10:18:29,0.05492238841929575,0.0
2025-01-27 10:18:30,0.04636510741833533,0.0
2025-01-27 10:18:31,0.060908365875155766,0.0
2025-01-27 10:18:32,0.052736144855251244,0.0
2025-01-27 10:18:33,0.047355903633511755,0.0
2025-01-27 10:18:34,0.050642006065888236,0.0
2025-01-27 10:18:35,0.0520096298879286,0.0
2025-01-27 10:18:36,0.049053220432111765,0.0
2025-01-27 10:18:37,0.08000423552230096,0.0
2025-01-27 10:18:38,0.11406021983283399,0.0
2025-01-27 10:18:39,0.10893869328155059,0.0
2025-01-27 10:18:40,0.11046895762778967,0.0
2025-01-27 10:18:41,0.14639299574459574,0.0
2025-01-27 10:18:42,0.10099971176928602,0.0
2025-01-27 10:18:43,0.07448696305032909,0.0
2025-01-27 10:18:44,0.0616494665757091,0.0
2025-01-27 10:18:45,0.06552593662339341,0.0
2025-01-27 10:18:46,0.08034358499020759,0.0
2025-01-27 10:18:47,0.09230176562433605,0.0
2025-01-27 10:18:48,0.09988473627249557,0.0
2025-01-27 10:18:49,0.08847654623969214,0.0
2025-01-27 10:18:50,0.09272190453441691,0.0
2025-01-27 10:18:51,0.09392001532553292,0.0
2025-01-27 10:18:52,0.09224237867540452,0.0
2025-01-27 10:18:53,0.09345754837265548,0.0
2025-01-27 10:18:54,0.10410658323517034,0.0
2025-01-27 10:18:55,0.13438999880264216,0.0
2025-01-27 10:18:56,0.1208449190155374,0.0
2025-01-27 10:18:57,0.11716555479455841,0.0
2025-01-27 10:18:58,0.1202572883136841,0.0
2025-01-27 10:18:59,0.12274721809164661,0.0
2025-01-27 10:19:00,0.12274721809164661,0.0
2025-01-27 10:19:01,0.14776696577963966,0.0
2025-01-27 10:19:02,0.1259646272755138,0.0
2025-01-27 10:19:03,0.07483454084818526,0.0
2025-01-27 10:19:04,0.08443706699268223,0.0
2025-01-27 10:19:05,0.08723136085334134,0.0
2025-01-27 10:19:06,0.09024718559841578,0.0
2025-01-27 10:19:07,0.09454801887070596,0.0
2025-01-27 10:19:08,0.11122209080199437,0.0
2025-01-27 10:19:09,0.054302659785371375,0.0
2025-01-27 10:19:10,0.06541852482138492,0.0
2025-01-27 10:19:11,0.038897527968910474,0.0
2025-01-27 10:19:12,0.04091414043076543,0.0
2025-01-27 10:19:13,0.04890726159161737,0.0
2025-01-27 10:19:14,0.0438383804603939,0.0
2025-01-27 10:19:16,0.0438383804603939,0.0
2025-01-27 10:19:17,0.0033052045165367083,0.0
2025-01-27 10:19:18,0.008916912414702752,0.0
2025-01-27 10:19:19,0.007797808675602684,0.0
2025-01-27 10:19:20,0.0072367847144175395,0.0
2025-01-27 10:19:21,0.031374538307578526,0.0
2025-01-27 10:19:22,0.0017104774028341059,0.0
2025-01-27 10:19:23,0.0029912679111305054,0.0
2025-01-27 10:19:24,0.0050603977194332295,0.0
2025-01-27 10:19:25,0.007721576855095336,0.0
2025-01-27 10:19:26,0.009013905407167696,0.0
2025-01-27 10:19:27,0.0083627053635252,0.0
2025-01-27 10:19:28,0.007908684249740746,0.0
2025-01-27 10:19:29,0.007846345479545954,0.0
2025-01-27 10:19:30,0.007949687192658613,0.0
2025-01-27 10:19:31,0.03850106762763902,0.0
2025-01-27 10:19:32,0.013262140382802675,0.0
2025-01-27 10:19:33,0.012858134522215773,0.0
2025-01-27 10:19:34,0.01277644549731427,0.0
2025-01-27 10:19:35,0.011508938170470865,0.0
2025-01-27 10:19:36,0.010933583122238874,0.0
2025-01-27 10:19:37,0.010926250266775591,0.0
2025-01-27 10:19:38,0.011498562939319909,0.0
2025-01-27 10:19:39,0.012859240489768275,0.0
2025-01-27 10:19:40,0.026398798438570292,0.0
2025-01-27 10:19:41,0.022992048058682713,0.0
2025-01-27 10:19:42,0.004062196795971307,0.0
2025-01-27 10:19:43,0.004999677423381292,0.0
2025-01-27 10:19:44,0.006473461341944524,0.0
2025-01-27 10:19:45,0.04429637175665224,0.0
2025-01-27 10:19:46,0.04994181157557905,0.0
2025-01-27 10:19:47,0.040149257905498725,0.0
2025-01-27 10:19:48,0.03908536496192294,0.0
2025-01-27 10:19:49,0.03899089963036969,0.0
2025-01-27 10:19:50,0.038846025391265616,0.0
2025-01-27 10:19:51,0.0382632256639693,0.0
2025-01-27 10:19:52,0.036478162174645355,0.0
2025-01-27 10:19:53,0.03450794607463618,0.0
2025-01-27 10:19:54,0.033058485180888976,0.0
2025-01-27 10:19:55,0.03162853880076281,0.0
2025-01-27 10:19:56,0.06106482359059765,0.0
2025-01-27 10:19:57,0.05518578975740566,0.0
2025-01-27 10:19:58,0.05484240885581911,0.0
2025-01-27 10:19:59,0.05430138629698641,0.0
2025-01-27 10:20:00,0.05367566611232366,0.0
2025-01-27 10:20:01,0.05280981696948587,0.0
2025-01-27 10:20:02,0.05262527517319985,0.0
2025-01-27 10:20:03,0.05294178866013629,0.0
2025-01-27 10:20:04,0.05281711331785521,0.0
2025-01-27 10:20:05,0.05222673599569442,0.0
2025-01-27 10:20:06,0.051536957412023465,0.0
2025-01-27 10:20:07,0.050745273457919016,0.0
2025-01-27 10:20:08,0.048776616267147244,0.0
2025-01-27 10:20:09,0.06764705358570582,0.0
2025-01-27 10:20:10,0.025388525550187484,0.0
2025-01-27 10:20:11,0.02435614447099151,0.0
2025-01-27 10:20:12,0.031408337896702054,0.0
2025-01-27 10:21:55,0.19777125823436403,1.6066666666666665
2025-01-27 10:21:56,0.19785872197712853,1.5466666666666664
2025-01-27 10:21:57,0.1978803180402459,1.5466666666666664
2025-01-27 10:21:58,0.19834476717724195,1.5466666666666664
2025-01-27 10:21:59,0.1995446925492718,1.5866666666666664
2025-01-27 10:22:00,0.2012336828164137,1.6466666666666665
2025-01-27 10:22:01,0.20284329377174273,1.7266666666666666
2025-01-27 10:22:02,0.20468698291157938,1.7266666666666666
2025-01-27 10:22:03,0.20686069882920868,1.7266666666666666
2025-01-27 10:22:04,0.20841811120933862,1.7266666666666666
2025-01-27 10:22:05,0.20850836493154157,1.7266666666666666
2025-01-27 10:22:06,0.20784206694469645,1.7266666666666666
2025-01-27 10:22:07,0.2076140260022301,1.7266666666666666
2025-01-27 10:22:08,0.20766376397459294,1.7066666666666666
2025-01-27 10:22:09,0.20911912495496102,1.7066666666666666
2025-01-27 10:22:10,0.2192428858725958,1.7066666666666666
2025-01-27 10:22:11,0.23723171293333115,1.7066666666666666
2025-01-27 10:22:12,0.22312824820329036,1.7066666666666666
2025-01-27 10:22:13,0.2229611256091104,1.7066666666666666
2025-01-27 10:22:14,0.22285610868844316,1.7066666666666666
2025-01-27 10:22:15,0.22187313620079419,1.6466666666666665
2025-01-27 10:22:16,0.22255624962366335,1.6466666666666665
2025-01-27 10:22:17,0.22319123106592334,1.6266666666666665
2025-01-27 10:22:18,0.24355124950884552,1.5666666666666664
2025-01-27 10:22:19,0.25804924586309363,1.5666666666666664
2025-01-27 10:22:20,0.25750655867489236,1.5666666666666664
2025-01-27 10:22:21,0.27428883770432017,1.5666666666666664
2025-01-27 10:22:22,0.2918833290629486,1.5666666666666664
2025-01-27 10:22:23,0.29123333844693117,1.5866666666666664
2025-01-27 10:22:24,0.2911766810852335,1.6066666666666665
2025-01-27 10:22:25,0.30919652854765706,1.6066666666666665
2025-01-27 10:22:26,0.27062845157650584,1.7066666666666666
2025-01-27 10:22:27,0.2269858215902656,1.6666666666666665
2025-01-27 10:22:28,0.17648571438872196,1.6866666666666665
2025-01-27 10:22:29,0.1702267595510197,1.6866666666666665
2025-01-27 10:22:30,0.06605608520697286,1.7266666666666666
2025-01-27 10:22:31,0.09317009054629392,1.7466666666666666
2025-01-27 10:22:32,0.07441679468199618,1.8266666666666662
2025-01-27 10:22:33,0.08554220244919275,1.8266666666666662
2025-01-27 10:22:34,0.0985321215485911,1.8266666666666662
2025-01-27 10:22:35,0.07260665553694985,1.8266666666666662
2025-01-27 10:22:36,0.07273781347482548,1.9066666666666665
2025-01-27 10:22:37,0.07257745537668454,1.9466666666666665
2025-01-27 10:22:38,0.07261655523743367,2.0
2025-01-27 10:22:39,0.07348636854802167,2.0
2025-01-27 10:22:40,0.07262150029092644,2.0
2025-01-27 10:22:41,0.07360296509687532,2.0
2025-01-27 10:22:42,0.07406703980156222,2.0
2025-01-27 10:22:43,0.07457021481539335,2.0
2025-01-27 10:22:44,0.08226946111670852,2.0
2025-01-27 10:22:45,0.07190740445900327,2.0
2025-01-27 10:22:46,0.08971233290000209,2.0
2025-01-27 10:22:47,0.07488456681605878,2.0
2025-01-27 10:22:48,0.07552648209238806,2.0
2025-01-27 10:22:49,0.05261312848354427,2.0
2025-01-27 10:22:50,0.0552502084823138,2.0
2025-01-27 10:22:51,0.05705171795400451,2.0
2025-01-27 10:22:52,0.05815265205303325,2.0
2025-01-27 10:22:53,0.1293243178797233,2.0
2025-01-27 10:22:54,0.018182766668699706,2.0
2025-01-27 10:22:55,0.02754762861932288,2.0
2025-01-27 10:22:56,0.027802459069534418,2.0
2025-01-27 10:22:57,0.027263376169822145,2.0
2025-01-27 10:22:58,0.02728046791545813,1.9666666666666663
2025-01-27 10:22:59,0.038156096821279,1.9666666666666663
2025-01-27 10:23:00,0.032788970565255905,1.9066666666666667
2025-01-27 10:23:01,0.03274189764843408,1.9066666666666667
2025-01-27 10:23:02,0.03762273121101319,1.9066666666666667
2025-01-27 10:23:03,0.010601620597999073,1.9066666666666667
2025-01-27 10:23:04,0.01076249564895552,1.9066666666666667
2025-01-27 10:23:05,0.01076249564895552,1.9066666666666667
2025-01-27 10:24:18,0.16240284575287767,0.0
2025-01-27 10:24:19,0.16243413523554576,0.0
2025-01-27 10:24:20,0.1629891556284148,0.0
2025-01-27 10:24:21,0.16461311817463362,0.0
2025-01-27 10:24:22,0.16470345576937126,0.0
2025-01-27 10:24:23,0.168378212422859,0.0
2025-01-27 10:24:24,0.16993217575652922,0.0
2025-01-27 10:24:25,0.16473931764963265,0.0
2025-01-27 10:24:26,0.16578073246549074,0.0
2025-01-27 10:24:27,0.16665431661559715,0.0
2025-01-27 10:24:28,0.16703258038171276,0.0
2025-01-27 10:24:29,0.16729123659498887,0.0
2025-01-27 10:24:30,0.1685804105124141,0.0
2025-01-27 10:24:31,0.17163305831725437,0.0
2025-01-27 10:24:32,0.17383005916526248,0.0
2025-01-27 10:24:33,0.17551430001694257,0.0
2025-01-27 10:24:34,0.1714140142005703,0.0
2025-01-27 10:24:35,0.17584618508403382,0.0
2025-01-27 10:24:36,0.18156504297648293,0.0
2025-01-27 10:24:37,0.18013444976209714,0.0
2025-01-27 10:24:38,0.17950375059930992,0.0
2025-01-27 10:24:39,0.17076539645807598,0.0
2025-01-27 10:24:40,0.17483638127496479,0.0
2025-01-27 10:24:41,0.17797214803661143,0.0
2025-01-27 10:24:42,0.18028271829317402,0.0
2025-01-27 10:24:43,0.2083993298438438,0.0
2025-01-27 10:25:06,0.07426526801407259,0.0
2025-01-27 10:25:07,0.06814758790956905,0.0
2025-01-27 10:25:08,0.0620059710037301,0.0
2025-01-27 10:25:09,0.062287976059084205,0.0
2025-01-27 10:25:10,0.0623066503827047,0.0
2025-01-27 10:25:11,0.07800353650542569,0.0
2025-01-27 10:25:12,0.05777593720552302,0.0
2025-01-27 10:25:13,0.058584986017660746,0.0
2025-01-27 10:25:14,0.05920914599738358,0.0
2025-01-27 10:25:15,0.05848884944185636,0.0
2025-01-27 10:25:16,0.05605257575743291,0.0
2025-01-27 10:25:17,0.0552675062161286,0.0
2025-01-27 10:25:18,0.06616486277001303,0.0
2025-01-27 10:25:19,0.04965048658520551,0.0
2025-01-27 10:25:20,0.0478829292243644,0.0
2025-01-27 10:25:21,0.14045990877461648,0.0
2025-01-27 10:25:22,0.03439984184478181,0.0
2025-01-27 10:25:23,0.030548508838999993,0.0
2025-01-27 10:25:24,0.014057644608610994,0.0
2025-01-27 10:25:25,0.018433120330258124,0.0
2025-01-27 10:25:26,0.03770667668591724,0.0
2025-01-27 10:25:27,0.03973227904715652,0.0
2025-01-27 10:25:28,0.04017452249455274,0.0
2025-01-27 10:25:29,0.037866825467344434,0.0
2025-01-27 10:25:30,0.06856319902155894,0.0
2025-01-27 10:25:53,0.19810106596147095,0.0
2025-01-27 10:25:54,0.19788915870294974,0.0
2025-01-27 10:25:55,0.19740429802669915,0.0
2025-01-27 10:25:56,0.19701641956520977,0.0
2025-01-27 10:25:57,0.1968511699910874,0.0
2025-01-27 10:25:58,0.196710909580172,0.0
2025-01-27 10:25:59,0.19662473230375058,0.0
2025-01-27 10:26:00,0.19607254104583527,0.0
2025-01-27 10:26:01,0.1957185968541335,0.0
2025-01-27 10:26:02,0.19529463177666795,0.0
2025-01-27 10:26:03,0.2093918703415154,0.0
2025-01-27 10:26:04,0.22426133783571522,0.0
2025-01-27 10:26:05,0.21743043477057414,0.0
2025-01-27 10:26:06,0.20576471742357225,0.0
2025-01-27 10:26:07,0.19980611705998155,0.0
2025-01-27 10:26:08,0.2143025290202547,0.0
2025-01-27 10:26:09,0.15289646701179693,0.0
2025-01-27 10:26:10,0.12099199247331278,0.0
2025-01-27 10:26:11,0.12273737801315043,0.0
2025-01-27 10:26:12,0.12309213168602628,0.0
2025-01-27 10:26:13,0.12327359690854722,0.0
2025-01-27 10:26:14,0.12346155634490834,0.0
2025-01-27 10:26:15,0.12381301636215196,0.0
2025-01-27 10:26:16,0.12401665442411518,0.0
2025-01-27 10:26:17,0.12416769897455415,0.0
2025-01-27 10:26:18,0.12431330683903748,0.0
2025-01-27 10:26:19,0.12425383107875139,0.0
2025-01-27 10:26:20,0.12407761837948768,0.0
2025-01-27 10:26:21,0.12407604418361655,0.0
2025-01-27 10:26:22,0.12429880676616116,0.0
2025-01-27 10:26:23,0.12470083344106042,0.0
2025-01-27 10:26:24,0.12503015191559896,0.0
2025-01-27 10:26:25,0.12509399908899685,0.0
2025-01-27 10:26:26,0.1247751671443645,0.0
2025-01-27 10:26:27,0.12497097984614151,0.0
2025-01-27 10:26:28,0.12523185177734955,0.0
2025-01-27 10:26:29,0.1254470121264446,0.0
2025-01-27 10:26:30,0.12531438281759608,0.0
2025-01-27 10:26:31,0.12506356862318282,0.0
2025-01-27 10:26:32,0.12479100661191704,0.0
2025-01-27 10:26:33,0.11568228204318502,0.0
2025-01-27 10:26:34,0.11543327419521665,0.0
2025-01-27 10:26:35,0.11512363403371466,0.0
2025-01-27 10:26:36,0.11477640451265092,0.0
2025-01-27 10:26:37,0.11371509071094277,0.0
2025-01-27 10:26:38,0.11025845685952292,0.0
2025-01-27 10:26:39,0.10943936739266642,0.0
2025-01-27 10:26:40,0.10884848307779722,0.0
2025-01-27 10:26:41,0.10868605634456863,0.0
2025-01-27 10:26:42,0.10895511516526153,0.0
2025-01-27 10:26:43,0.10924598402948726,0.0
2025-01-27 10:26:44,0.11566928237098839,0.0
2025-01-27 10:26:45,0.12436465261797365,0.0
2025-01-27 10:26:46,0.12390434033594981,0.0
2025-01-27 10:28:42,0.0057288851184635154,0.0
2025-01-27 10:28:43,0.004307192334418601,0.0
2025-01-27 10:28:44,0.0039759044109749135,0.0
2025-01-27 10:28:45,0.004164847318094485,0.0
2025-01-27 10:28:46,0.003873231154734628,0.0
2025-01-27 10:28:47,0.0028006357858467723,0.0
2025-01-27 10:28:48,0.0011419200277917874,0.0
2025-01-27 10:28:49,0.0013384387719381035,0.0
2025-01-27 10:28:50,0.0013384387719381035,0.0
2025-01-27 10:28:52,0.06926269312599202,0.0
2025-01-27 10:28:53,0.06690184240188375,0.0
2025-01-27 10:28:54,0.06536186748781292,0.0
2025-01-27 10:28:55,0.06069808867443305,0.0
2025-01-27 10:31:38,0.17506264103207148,0.09999999999999998
2025-01-27 10:31:39,0.17400479665631532,1.28
2025-01-27 10:31:40,0.17201403478066624,1.24
2025-01-27 10:31:41,0.1696864531083908,1.26
2025-01-27 10:31:42,0.16058866741579628,1.26
2025-01-27 10:31:43,0.1478511658833955,1.3199999999999998
2025-01-27 10:31:44,0.14603780467525965,1.22
2025-01-27 10:31:45,0.14399370192667563,1.2
2025-01-27 10:31:46,0.14246934406271952,1.14
2025-01-27 10:31:47,0.1540333250729513,0.08000000000000007
2025-01-27 10:31:48,0.137658486486965,1.24
2025-01-27 10:31:49,0.1205684449565297,1.28
2025-01-27 10:31:50,0.17407994729857457,1.3199999999999998
2025-01-27 10:31:51,0.09683755130528142,1.3599999999999999
2025-01-27 10:31:52,0.09656647059391688,1.4
2025-01-27 10:31:53,0.09598774600924316,1.4
2025-01-27 10:31:54,0.09521567896430942,1.3599999999999999
2025-01-27 10:31:55,0.09488222514984927,1.38
2025-01-27 10:31:56,0.09474732575421285,1.38
2025-01-27 10:31:57,0.09418814623087668,1.42
2025-01-27 10:31:58,0.09373332584799081,0.05999999999999994
2025-01-27 10:31:59,0.1590826524838024,0.05999999999999994
2025-01-27 10:32:00,0.17431519493365144,1.5
2025-01-27 10:32:01,0.173050762586309,0.06000000000000005
2025-01-27 10:32:02,0.17297798318246427,1.54
2025-01-27 10:32:03,0.17364016216747893,1.6400000000000001
2025-01-27 10:32:04,0.1740353634638613,1.7400000000000002
2025-01-27 10:32:05,0.174614032059386,1.7400000000000002
2025-01-27 10:32:06,0.1756193904371702,1.7600000000000002
2025-01-27 10:32:07,0.17506059433959362,1.7600000000000002
2025-01-27 10:32:08,0.19208021806547837,1.7800000000000002
2025-01-27 10:32:09,0.20817639860319095,1.8599999999999999
2025-01-27 10:32:10,0.20715102231795499,1.94
2025-01-27 10:32:11,0.2076169955264701,1.94
2025-01-27 10:32:12,0.20742395660355598,1.96
2025-01-27 10:32:13,0.20776546289925987,1.94
2025-01-27 10:32:14,0.2079230662234859,1.98
2025-01-27 10:32:15,0.2082150501685205,1.9400000000000004
2025-01-27 10:32:16,0.20782164510179144,1.9600000000000002
2025-01-27 10:32:17,0.20818737067740875,1.96
2025-01-27 10:32:18,0.20829134649352854,1.96
2025-01-27 10:32:19,0.20793999596070822,1.92
2025-01-27 10:32:20,0.23043899050225525,1.96
2025-01-27 10:32:21,0.14335965797741115,2.0
2025-01-27 10:32:22,0.0701681401800025,1.9
2025-01-27 10:32:23,0.022735964747365795,1.94
2025-01-27 10:32:24,0.0226872611591431,1.94
2025-01-27 10:32:25,0.022569937796379353,1.94
2025-01-27 10:32:26,0.022505065416184095,2.0
2025-01-27 10:32:27,0.022347926149540953,1.96
2025-01-27 10:32:28,0.022623798851789445,1.96
2025-01-27 10:32:29,0.022645978624319014,1.94
2025-01-27 10:32:30,0.022770655359762266,1.94
2025-01-27 10:32:31,0.025149772031140067,1.8599999999999999
2025-01-27 10:32:32,0.026711057811546812,1.92
2025-01-27 10:32:33,0.02871137388969706,1.92
2025-01-27 10:32:34,0.02804216980061088,1.92
2025-01-27 10:32:35,0.02735529639217112,1.92
2025-01-27 10:32:36,0.029094905437627716,1.92
2025-01-27 10:32:37,0.029071093404051822,1.92
2025-01-27 10:32:38,0.02967888841707156,1.8399999999999999
2025-01-27 10:32:39,0.03034595308143621,1.72
2025-01-27 10:32:40,0.030932263349480998,1.62
2025-01-27 10:32:41,0.03124112498853397,1.6600000000000001
2025-01-27 10:32:42,0.03130451822944632,1.6600000000000001
2025-01-27 10:32:43,0.03114321776364089,1.6
2025-01-27 10:32:44,0.03134116162769862,0.4800000000000001
2025-01-27 10:32:45,0.03141622865343289,0.4800000000000001
2025-01-27 10:32:46,0.03282664941651866,1.58
2025-01-27 10:32:47,0.034977565305509696,0.44000000000000006
2025-01-27 10:32:48,0.03599965717931516,1.56
2025-01-27 10:32:49,0.034651927043164076,1.54
2025-01-27 10:32:50,0.08654966771394657,1.54
2025-01-27 10:32:51,0.06940276167652308,1.58
2025-01-27 10:32:52,0.06845610360703065,1.58
2025-01-27 10:32:53,0.06809166402756721,0.26
2025-01-27 10:32:54,0.06812291369916086,0.2799999999999999
2025-01-27 10:32:55,0.06804197069242084,0.2799999999999999
2025-01-27 10:32:56,0.06772248153414114,0.26
2025-01-27 10:32:57,0.06599561831778411,1.6
2025-01-27 10:32:58,0.09793894209548422,1.6400000000000001
2025-01-27 10:32:59,0.11072841225129615,1.72
2025-01-27 10:33:00,0.10927524886124118,1.7600000000000002
2025-01-27 10:33:01,0.11008889388134453,1.78
2025-01-27 10:33:02,0.16626137300926982,1.8
2025-01-27 10:33:03,0.1428331252521997,1.8200000000000003
2025-01-27 10:33:04,0.14271888117697307,1.7800000000000002
2025-01-27 10:33:05,0.15623126191108896,1.8599999999999999
2025-01-27 10:33:06,0.05642183604157921,1.8599999999999999
2025-01-27 10:33:07,0.033148165987784285,1.8599999999999999
2025-01-27 10:33:08,0.033148165987784285,1.8599999999999999
2025-01-27 10:33:10,0.02676157823440528,1.8600000000000003
2025-01-27 10:33:11,0.02767012259556208,1.8800000000000001
2025-01-27 10:33:12,0.028821225541525664,1.8800000000000001
2025-01-27 10:33:13,0.0292724343762667,1.94
2025-01-27 10:33:14,0.19277590991055726,2.0
2025-01-27 10:33:15,0.07139645480261736,2.0
2025-01-27 10:33:16,0.07145696545034512,2.0
2025-01-27 10:33:17,0.07231872239299293,2.0
2025-01-27 10:33:18,0.0731950694073283,2.0
2025-01-27 10:33:19,0.0765899556024993,2.0
2025-01-27 10:33:20,0.0772850233773541,2.0
2025-01-27 10:33:43,0.13627025871218365,0.0
2025-01-27 10:33:44,0.13655150232813376,0.0
2025-01-27 10:33:45,0.30440360546884265,0.0
2025-01-27 10:33:46,0.08269899416956239,0.0
2025-01-27 10:33:47,0.08287994684148285,0.0
2025-01-27 10:33:48,0.08224564185108892,0.0
2025-01-27 10:33:49,0.08198758181741835,0.0
2025-01-27 10:33:50,0.08157667309409448,0.0
2025-01-27 10:33:51,0.08284776240067249,0.0
2025-01-27 10:33:52,0.08296530668011497,0.0
2025-01-27 10:33:53,0.08295925330437266,0.0
2025-01-27 10:33:54,0.08337794088801109,0.0
2025-01-27 10:33:55,0.08514174772052903,0.0
2025-01-27 10:33:56,0.08564179441254938,0.0
2025-01-27 10:33:57,0.08702340954660064,0.0
2025-01-27 10:33:58,0.09094996710271497,0.0
2025-01-27 10:33:59,0.37204137698459866,0.0
2025-01-27 10:34:00,0.015284097566079069,0.0
2025-01-27 10:34:01,0.012406727082097557,0.0
2025-01-27 10:34:02,0.009441736964303912,0.0
2025-01-27 10:34:03,0.006379348338212705,0.0
2025-01-27 10:34:04,0.11852015722059168,0.0
2025-01-27 10:34:05,0.07066838691682224,0.0
2025-01-27 10:34:06,0.06194451276043308,0.0
2025-01-27 10:34:07,0.05693410329704355,0.0
2025-01-27 10:34:08,0.051882594020629856,0.0
2025-01-27 10:34:54,0.036925510724007925,0.0
2025-01-27 10:34:55,0.016676149477033626,0.0
2025-01-27 10:34:56,0.04734768033376439,0.0
2025-01-27 10:34:57,0.0489770482641522,0.0
2025-01-27 10:34:58,0.048556943529066476,0.0
2025-01-27 10:34:59,0.07557075113580947,0.0
2025-01-27 10:35:00,0.09643650403127335,0.0
2025-01-27 10:35:01,0.12598621077793024,0.0
2025-01-27 10:35:02,0.12323550102084087,0.0
2025-01-27 10:35:03,0.12307488700336326,0.0
2025-01-27 10:35:04,0.12310147505055784,0.0
2025-01-27 10:35:05,0.123441138287403,0.0
2025-01-27 10:35:06,0.12349581396452554,0.0
2025-01-27 10:35:07,0.12339804656407694,0.0
2025-01-27 10:35:08,0.12329052570115377,0.0
2025-01-27 10:35:09,0.12362612709489795,0.0
2025-01-27 10:35:10,0.1245435620285192,0.0
2025-01-27 10:35:28,0.149927355060994,0.0
2025-01-27 10:35:29,0.1497962179342213,0.0
2025-01-27 10:35:30,0.14982746028612684,0.0
2025-01-27 10:35:31,0.14969161395061814,0.0
2025-01-27 10:35:32,0.14960333219156707,0.0
2025-01-27 10:35:33,0.14932005432951323,0.0
2025-01-27 10:35:34,0.148675641140827,0.0
2025-01-27 10:35:35,0.14785060112480242,0.0
2025-01-27 10:35:36,0.14776258487678984,0.0
2025-01-27 10:35:37,0.1477793591941158,0.0
2025-01-27 10:35:38,0.22846979971553236,0.0
2025-01-27 10:35:39,0.18215402350796936,0.0
2025-01-27 10:35:40,0.1840277026354511,0.0
2025-01-27 10:36:38,0.15366742377325368,2.0
2025-01-27 10:36:39,0.08626996407433607,2.0
2025-01-27 10:36:40,0.05638473145562658,2.0
2025-01-27 10:36:41,0.0438198855912774,2.0
2025-01-27 10:36:42,0.0438198855912774,2.0
2025-01-27 10:36:43,0.04401936316873526,2.0
2025-01-27 10:36:44,0.04392892603378155,2.0
2025-01-27 10:36:45,0.04326290667669171,2.0
2025-01-27 10:36:46,0.042386550322939996,2.0
2025-01-27 10:36:47,0.04230958659663179,2.0
2025-01-27 10:36:48,0.04231913762552179,2.0
2025-01-27 10:36:49,0.04252982614441928,2.0
2025-01-27 10:36:50,0.0426804194863748,2.0
2025-01-27 10:36:51,0.04284568026627866,2.0
2025-01-27 10:36:52,0.042637528570560836,2.0
2025-01-27 10:36:53,0.04242762236911668,2.0
2025-01-27 10:36:54,0.040758802125208916,2.0
2025-01-27 10:36:55,0.06479553231990964,2.0
2025-01-27 10:37:10,0.1398456693215251,1.53
2025-01-27 10:37:11,0.1399398886256741,1.55
2025-01-27 10:37:12,0.1385430803226456,1.59
2025-01-27 10:37:13,0.09544777347103084,1.62
2025-01-27 10:37:14,0.09536943997221226,1.6099999999999999
2025-01-27 10:37:15,0.0950707712443819,1.6600000000000001
2025-01-27 10:37:16,0.09494419051480947,1.6800000000000002
2025-01-27 10:37:17,0.10159685002348946,1.7200000000000002
2025-01-27 10:37:18,0.10520782052333673,1.75
2025-01-27 10:37:19,0.10528395148566257,1.8
2025-01-27 10:37:20,0.10538783608150022,1.84
2025-01-27 10:37:21,0.10517966891869124,1.8199999999999998
2025-01-27 10:37:22,0.10432022365774622,1.85
2025-01-27 10:37:23,0.09713263637001779,1.87
2025-01-27 10:37:24,0.13207405933131625,1.87
2025-01-27 10:37:25,0.13655037874556233,1.84
2025-01-27 10:37:26,0.1366748441405378,1.8199999999999998
2025-01-27 10:37:27,0.13623825658468083,1.8199999999999998
2025-01-27 10:37:28,0.13568502603373314,1.8199999999999998
2025-01-27 10:37:29,0.13481059501157322,1.79
2025-01-27 10:37:30,0.1341532869057865,1.79
2025-01-27 10:37:31,0.13357204412413073,1.79
2025-01-27 10:37:32,0.13323603568825382,1.76
2025-01-27 10:37:33,0.13199823737289984,1.76
2025-01-27 10:37:34,0.12759997829231473,1.76
2025-01-27 10:37:35,0.12573025675938196,1.76
2025-01-27 10:37:36,0.12435821108081087,1.76
2025-01-27 10:37:37,0.12371416274609981,1.76
2025-01-27 10:37:38,0.12354243251190604,1.76
2025-01-27 10:37:39,0.12357095487912151,1.76
2025-01-27 10:37:40,0.19618176560659042,1.76
2025-01-27 10:37:41,0.21932872233662146,1.76
2025-01-27 10:37:42,0.2181488885013252,1.7200000000000002
2025-01-27 10:37:43,0.21640616293049142,1.7000000000000002
2025-01-27 10:37:44,0.21478741675983182,1.67
2025-01-27 10:37:48,0.21253545501400387,1.79
2025-01-27 10:37:49,0.2127938590811619,1.79
2025-01-27 10:38:04,0.22398466465929934,1.69
2025-01-27 10:38:05,0.21572547446853316,1.6800000000000002
2025-01-27 10:38:06,0.2049378342479664,1.67
2025-01-27 10:38:07,0.2052746891139967,1.6600000000000001
2025-01-27 10:38:08,0.2054181879183563,1.6600000000000001
2025-01-27 10:38:09,0.1978294791004663,1.62
2025-01-27 10:38:10,0.24219847811779985,1.62
2025-01-27 10:38:11,0.2893818076508099,1.6
2025-01-27 10:38:12,0.2716266968309209,1.55
2025-01-27 10:38:13,0.27240580040701207,1.55
2025-01-27 10:38:14,0.2730215725160064,1.58
2025-01-27 10:38:15,0.27378849118124543,1.58
2025-01-27 10:38:16,0.2736339285077041,1.59
2025-01-27 10:38:17,0.27319132675817154,1.62
2025-01-27 10:38:18,0.27355894702940614,1.62
2025-01-27 10:38:19,0.2739556306228268,1.62
2025-01-27 10:38:20,0.27414171303192214,1.65
2025-01-27 10:38:21,0.274117325237709,1.6800000000000002
2025-01-27 10:38:22,0.2739769537185481,1.72
2025-01-27 10:38:23,0.25915760342707655,1.73
2025-01-27 10:38:24,0.2421895233286898,1.77
2025-01-27 10:38:25,0.24250302770960422,1.8
2025-01-27 10:38:26,0.2428400392080722,1.83
2025-01-27 10:38:27,0.2432958446962692,1.8599999999999999
2025-01-27 10:38:28,0.24401787592925275,1.85
2025-01-27 10:38:29,0.2318898981623739,1.8199999999999998
2025-01-27 10:38:30,0.21808883591286157,1.8599999999999999
2025-01-27 10:38:31,0.2187329465525417,1.9
2025-01-27 10:38:32,0.21826067189090162,1.87
2025-01-27 10:38:33,0.2377133473957372,1.9
2025-01-27 10:38:34,0.1966120110525913,1.93
2025-01-27 10:38:35,0.15755855556326695,1.9
2025-01-27 10:38:36,0.15715405577912125,1.94
2025-01-27 10:38:37,0.15875826087638348,1.9100000000000001
2025-01-27 10:38:38,0.14790423587260074,1.92
2025-01-27 10:38:39,0.13565944574704178,1.9100000000000001
2025-01-27 10:38:40,0.138133470235377,1.8800000000000001
2025-01-27 10:38:41,0.14370100065319477,1.9
2025-01-27 10:38:42,0.1572760914957915,1.92
2025-01-27 10:38:43,0.15760995090502616,1.93
2025-01-27 10:38:44,0.14487370904375188,1.97
2025-01-27 10:38:45,0.13033852125407538,1.9600000000000002
2025-01-27 10:38:46,0.11926303960993072,1.9300000000000002
2025-01-27 10:38:47,0.09741374041671813,1.92
2025-01-27 10:38:48,0.0819409937388443,1.9
2025-01-27 10:38:49,0.06990248511544817,1.8599999999999999
2025-01-27 10:38:50,0.06030496520447581,1.89
2025-01-27 10:38:51,0.12988772799829063,1.89
2025-01-27 10:38:52,0.2084317281614534,1.9
2025-01-27 10:38:53,0.15133122937549448,1.8599999999999999
2025-01-27 10:38:54,0.15143494334037863,1.85
2025-01-27 10:38:55,0.1520872076332623,1.81
2025-01-27 10:38:56,0.1528293956590606,1.77
2025-01-27 10:38:57,0.15423088193248255,1.73
2025-01-27 10:38:58,0.1564205288071984,1.7000000000000002
2025-01-27 10:38:59,0.15924971526821663,1.7000000000000002
2025-01-27 10:39:00,0.1635741953624256,1.7000000000000002
2025-01-27 10:39:01,0.17062375841052146,1.7000000000000002
2025-01-27 10:39:02,0.14435703172438266,1.7000000000000002
2025-01-27 10:39:03,0.12687392717525045,1.6600000000000001
2025-01-27 10:39:04,0.12968331226052218,1.65
2025-01-27 10:39:05,0.11605036169723866,1.65
2025-01-27 10:39:06,0.10376877521377297,1.65
2025-01-27 10:39:07,0.10631158852774014,1.6600000000000001
2025-01-27 10:39:08,0.10813336224894199,1.69
2025-01-27 10:39:09,0.10946182542305305,1.69
2025-01-27 10:39:10,0.11018187712420853,1.6700000000000002
2025-01-27 10:39:11,0.11042299149946382,1.6800000000000002
2025-01-27 10:39:12,0.11106288014211341,1.6400000000000001
2025-01-27 10:39:13,0.11640804879459932,1.6099999999999999
2025-01-27 10:39:14,0.10515606664631294,1.6099999999999999
2025-01-27 10:39:15,0.10533663981835535,1.62
2025-01-27 10:39:16,0.10520956196415836,1.6
2025-01-27 10:39:17,0.16434321580135838,1.57
2025-01-27 10:39:18,0.07613287628793348,1.6
2025-01-27 10:39:19,0.07661020614643436,1.58
2025-01-27 10:39:20,0.07696287267966302,1.57
2025-01-27 10:39:21,0.0773518985090349,1.56
2025-01-27 10:39:22,0.07751976842287833,1.54
2025-01-27 10:39:23,0.07737529988531744,1.52
2025-01-27 10:39:24,0.07771972052683147,1.54
2025-01-27 10:39:25,0.07839651796837573,1.5100000000000002
2025-01-27 10:39:26,0.0787044511317901,1.49
2025-01-27 10:39:27,0.07764421659155533,1.49
2025-01-27 10:39:28,0.0763584794697394,1.45
2025-01-27 10:39:29,0.07561665177605621,1.41
2025-01-27 10:39:30,0.07495611554080384,1.4
2025-01-27 10:39:31,0.07655748346322595,1.3800000000000001
2025-01-27 10:39:32,0.07655748346322595,1.37
2025-01-27 10:39:33,0.06909729918307332,1.41
2025-01-27 10:39:34,0.05520992840121952,1.44
2025-01-27 10:39:35,0.0556289744169011,1.47
2025-01-27 10:39:36,0.05556158429435761,1.48
2025-01-27 10:39:37,0.055307694448608245,1.46
2025-01-27 10:39:38,0.055351014856791725,1.45
2025-01-27 10:39:39,0.055488625283265446,0.75
2025-01-27 10:39:40,0.05914799054734621,0.73
2025-01-27 10:39:41,0.033819187036830144,0.73
2025-01-27 10:39:42,0.03588597152219656,0.73
2025-01-27 10:39:43,0.04024720663957752,0.73
2025-01-27 10:39:44,0.04927902646347645,0.73
2025-01-27 10:39:45,0.056503617765898184,0.73
2025-01-27 10:39:46,0.06181706947464619,0.72
2025-01-27 10:39:47,0.06548078609590775,1.3900000000000001
2025-01-27 10:39:48,0.06054102389278956,1.4
2025-01-27 10:39:49,0.06448720873349141,1.3900000000000001
2025-01-27 10:39:50,0.03993894613329744,1.43
2025-01-27 10:39:51,0.017430281573895517,1.46
2025-01-27 10:39:52,0.017123943437750516,1.42
2025-01-27 10:39:53,0.01666823226093772,1.46
2025-01-27 10:39:54,0.01631380160743608,1.47
2025-01-27 10:39:55,0.018540951063121962,1.47
2025-01-27 10:39:56,0.04836300678143024,1.47
2025-01-27 10:39:57,0.004422190168782721,1.47
2025-01-27 10:39:58,0.004954659305155484,1.47
2025-01-27 10:39:59,0.005633583195083484,1.44
2025-01-27 10:40:00,0.0063809757192146615,1.46
2025-01-27 10:40:01,0.006975737296297376,1.44
2025-01-27 10:40:02,0.0074203983085208884,0.63
2025-01-27 10:40:03,0.010213564230836525,0.63
2025-01-27 10:40:04,0.0005104497501151606,0.64
2025-01-27 10:40:05,0.00038255929777767744,1.4700000000000002
2025-01-27 10:40:06,0.0006941065883694364,1.47
2025-01-27 10:40:07,0.0010270351430636815,1.46
2025-01-27 10:40:08,0.0016468133564127758,1.48
2025-01-27 10:40:09,0.00798003492940147,1.49
2025-01-27 10:40:10,0.0069160601149185945,1.5100000000000002
2025-01-27 10:40:11,0.005894881400320203,1.5100000000000002
2025-01-27 10:40:12,0.005008861011693622,1.5
2025-01-27 10:40:13,0.004100194315973009,0.6799999999999999
2025-01-27 10:40:14,0.01150068006308643,1.48
2025-01-27 10:40:15,0.013387139029948555,1.47
2025-01-27 10:40:16,0.012566062492104605,1.47
2025-01-27 10:40:17,0.011524421089729694,1.49
2025-01-27 10:40:18,0.017903898099744204,1.5
2025-01-27 10:40:19,0.021219096563612688,1.48
2025-01-27 10:40:20,0.020223391322048645,1.44
2025-01-27 10:40:21,0.018938420707493187,0.75
2025-01-27 10:40:22,0.01773370835189055,0.76
2025-01-27 10:40:23,0.01647237223070223,1.42
2025-01-27 10:40:24,0.023252471954366232,0.75
2025-01-27 10:40:25,0.027306341228831688,0.72
2025-01-27 10:40:26,0.026549494632248056,0.77
2025-01-27 10:40:27,0.0256034841394898,0.77
2025-01-27 10:40:28,0.031795391932440666,0.75
2025-01-27 10:40:29,0.03641035724901709,0.75
2025-01-27 10:40:30,0.04234327873380398,0.76
2025-01-27 10:40:31,0.028787609317214802,0.72
2025-01-27 10:40:32,0.05300984909294234,0.72
2025-01-27 10:40:33,0.0034366740799944098,0.75
2025-01-27 10:40:34,0.0032424047601091743,0.77
2025-01-27 10:40:35,0.008449268292082776,0.79
2025-01-27 10:40:36,0.012700580592358643,0.78
2025-01-27 10:40:37,0.015527578307004575,0.78
2025-01-27 10:40:38,0.014741495684219194,0.74
2025-01-27 10:40:39,0.014817399704222764,0.78
2025-01-27 10:40:40,0.016441524979027438,1.3800000000000001
2025-01-27 10:40:41,0.019942567080280565,1.37
2025-01-27 10:40:42,0.019402753209771362,1.41
2025-01-27 10:40:43,0.0005768731312178291,1.41
2025-01-27 10:40:44,0.0020554219399812426,1.43
2025-01-27 10:40:45,0.011147668418408122,1.4
2025-01-27 10:40:46,0.014165634668350672,1.42
2025-01-27 10:40:47,0.017705418099976722,1.45
2025-01-27 10:40:48,0.041313410793509885,1.45
2025-01-27 10:40:49,0.03360095544144329,1.43
2025-01-27 10:40:50,0.033545715777558126,1.43
2025-01-27 10:40:51,0.0337944841646299,1.47
2025-01-27 10:40:52,0.03408922672349268,1.47
2025-01-27 10:40:53,0.03281645535333396,1.48
2025-01-27 10:40:54,0.040535818479674766,1.48
2025-01-27 10:40:55,0.03775955612314578,1.48
2025-01-27 10:40:56,0.034758845251451564,1.48
2025-01-27 10:40:57,0.19640413947345334,1.48
2025-01-27 10:40:58,0.015440795460796094,1.48
2025-01-27 10:40:59,0.01649104306430334,1.48
2025-01-27 10:41:00,0.01749626064403979,1.48
2025-01-27 10:41:01,0.018850932922276947,1.47
2025-01-27 10:41:02,0.02032052963305997,1.47
2025-01-27 10:41:03,0.028833614696503734,1.47
2025-01-27 10:41:04,0.05052420700686596,1.47
2025-01-27 10:41:05,0.057774103238630005,1.47
2025-01-27 10:41:06,0.059590033950934686,1.47
2025-01-27 10:41:07,0.06152329543070042,1.47
2025-01-27 10:41:08,0.059984676350754995,1.47
2025-01-27 10:41:09,0.058246260121702566,1.47
2025-01-27 10:41:10,0.059792906311963545,1.47
2025-01-27 10:41:11,0.05923972680379593,1.47
2025-01-27 10:41:12,0.1339776229197649,1.46
2025-01-27 10:41:13,0.10567240952849828,1.5
2025-01-27 10:41:14,0.1061296779903745,1.53
2025-01-27 10:41:15,0.10623508367336336,1.52
2025-01-27 10:41:16,0.10526126400791498,1.53
2025-01-27 10:41:17,0.1036772184734489,1.53
2025-01-27 10:41:18,0.10257542078772557,1.53
2025-01-27 10:41:19,0.10258615964591315,1.5300000000000002
2025-01-27 10:41:20,0.1026149785707237,1.58
2025-01-27 10:41:21,0.10266037683073348,1.63
2025-01-27 10:41:22,0.10507915786994133,1.58
2025-01-27 10:41:23,0.08815713492556047,1.58
2025-01-27 10:41:24,0.08529459265928097,1.6099999999999999
2025-01-27 10:41:25,0.08483267241549797,1.6400000000000001
2025-01-27 10:41:26,0.08319590976921483,1.6800000000000002
2025-01-27 10:41:27,0.10098220337511273,1.6700000000000002
2025-01-27 10:41:28,0.10000492105685381,1.6800000000000002
2025-01-27 10:41:29,0.10052804312226742,1.65
2025-01-27 10:41:30,0.10087030151581618,1.6400000000000001
2025-01-27 10:41:31,0.10097214715426188,1.6
2025-01-27 10:41:32,0.1010471890044881,1.6099999999999999
2025-01-27 10:41:33,0.10378055202129488,1.6099999999999999
2025-01-27 10:41:34,0.10003843274961843,1.6099999999999999
2025-01-27 10:41:35,0.3624727414300894,1.6099999999999999
2025-01-27 10:41:36,0.2973421481740443,1.6099999999999999
2025-01-27 10:41:37,0.29733062669737675,1.6099999999999999
2025-01-27 10:41:38,0.29725793506636755,1.65
2025-01-27 10:41:39,0.2951515381977381,1.6400000000000001
2025-01-27 10:41:40,0.2927596939752261,1.6400000000000001
2025-01-27 10:41:41,0.29205614712628164,1.65
2025-01-27 10:41:42,0.29127975099736175,1.63
2025-01-27 10:41:43,0.2918160159647816,1.6099999999999999
2025-01-27 10:41:44,0.2918831847010723,1.6
2025-01-27 10:41:45,0.2921498524628259,1.62
2025-01-27 10:41:46,0.2921441778366248,1.62
2025-01-27 10:41:47,0.29195157395395493,1.6099999999999999
2025-01-27 10:41:48,0.2909725450666884,1.6099999999999999
2025-01-27 10:41:49,0.2894393048825668,1.59
2025-01-27 10:41:50,0.2882572371730004,1.54
2025-01-27 10:41:51,0.28747002160106855,1.54
2025-01-27 10:41:52,0.28640589342670414,1.55
2025-01-27 10:41:53,0.28514554887343246,1.54
2025-01-27 10:41:54,0.2883866852108829,1.55
2025-01-27 10:41:55,0.28969323831542076,1.53
2025-01-27 10:41:56,0.29088179318074375,1.49
2025-01-27 10:41:57,0.29193773784404026,1.46
2025-01-27 10:41:58,0.292434642605188,1.45
2025-01-27 10:41:59,0.2924401007037957,1.47
2025-01-27 10:42:00,0.29183350262421026,1.48
2025-01-27 10:42:01,0.29139422942807186,1.51
2025-01-27 10:42:02,0.29100374930954825,1.52
2025-01-27 10:42:03,0.2913115172481711,1.49
2025-01-27 10:42:04,0.29138568746988974,1.48
2025-01-27 10:42:05,0.2913618189057437,1.47
2025-01-27 10:42:06,0.289799891333865,0.8200000000000001
2025-01-27 10:42:07,0.29156226041074945,0.81
2025-01-27 10:42:08,0.29258331507396457,0.8
2025-01-27 10:42:09,0.2912884115483183,0.81
2025-01-27 10:42:10,0.29086120967958484,0.81
2025-01-27 10:42:11,0.29058813264294203,0.8
2025-01-27 10:42:12,0.2907153472057827,0.8200000000000001
2025-01-27 10:42:13,0.29075806547356714,0.8200000000000001
2025-01-27 10:42:14,0.28653218166833866,0.79
2025-01-27 10:42:15,0.47111808803581495,0.8
2025-01-27 10:42:16,0.5374834803532548,0.8
2025-01-27 10:42:17,0.5367995408596333,0.8
2025-01-27 10:42:18,0.5380983370762135,0.8
2025-01-27 10:42:19,0.5378155500070058,0.81
2025-01-27 10:42:20,0.537941922722108,0.81
2025-01-27 10:42:21,0.5377930405260556,0.8200000000000001
2025-01-27 10:42:22,0.5374376034350955,0.85
2025-01-27 10:42:23,0.537262059385435,0.81
2025-01-27 10:42:24,0.5369467645017445,0.78
2025-01-27 10:42:25,0.5308519710234493,0.77
2025-01-27 10:42:26,0.9580948843456495,0.77
2025-01-27 10:42:27,0.6320106489355134,0.77
2025-01-27 10:42:28,0.7570185974629746,0.77
2025-01-27 10:42:29,0.5776739844191482,0.77
2025-01-27 10:42:30,0.6267168293680426,0.77
2025-01-27 10:42:31,0.42781964761824476,0.76
2025-01-27 10:42:32,0.11318365214104024,0.75
2025-01-27 10:42:33,0.10801058490423425,0.75
2025-01-27 10:42:34,0.11031947822427342,0.75
2025-01-27 10:42:35,0.11068346920567729,0.75
2025-01-27 10:42:36,0.11021106913249801,0.75
2025-01-27 10:42:37,0.10861905734164878,0.74
2025-01-27 10:42:38,0.1081517620910432,0.74
2025-01-27 10:42:39,0.10885907422817039,0.74
2025-01-27 10:42:40,0.1294283799065116,0.74
2025-01-27 10:42:41,0.18171281169602724,0.7
2025-01-27 10:42:42,0.18678035430847753,0.73
2025-01-27 10:42:43,0.12663740494172826,0.75
2025-01-27 10:42:44,0.10146629550546704,0.76
2025-01-27 10:42:45,0.10078313195170259,1.33
2025-01-27 10:42:46,0.8344562213319087,1.33
2025-01-27 10:42:47,0.7552718583168231,1.32
2025-01-27 10:42:48,0.40250347809988013,1.31
2025-01-27 10:42:49,0.4021122277176592,1.28
2025-01-27 10:42:50,0.40190003733472707,0.72
2025-01-27 10:42:51,0.40192234942635513,0.69
2025-01-27 10:42:52,0.3869814525716729,0.69
2025-01-27 10:42:53,0.3786442132341987,0.69
2025-01-27 10:42:54,0.37795025024431367,0.6599999999999999
2025-01-27 10:42:55,0.3778497493906614,0.69
2025-01-27 10:42:56,0.364353157775422,0.7
2025-01-27 10:42:57,0.35353941229740843,0.69
2025-01-27 10:42:58,0.3536209218797544,0.69
2025-01-27 10:42:59,0.3430627936462017,0.69
2025-01-27 10:43:00,0.3327081024998922,0.6599999999999999
2025-01-27 10:43:01,0.3326207236268794,0.63
2025-01-27 10:43:02,0.3325117968996194,0.6599999999999999
2025-01-27 10:43:03,0.3322972509335281,0.6599999999999999
2025-01-27 10:43:04,0.33192797057016765,0.6599999999999999
2025-01-27 10:43:05,0.3315286621508256,0.63
2025-01-27 10:43:06,0.3315298741252513,0.63
2025-01-27 10:43:07,0.33163294286760464,0.63
2025-01-27 10:43:08,0.3316701522740579,0.6200000000000001
2025-01-27 10:43:09,0.3317002009521414,0.58
2025-01-27 10:43:10,0.3317904217545718,0.6000000000000001
2025-01-27 10:43:11,0.33191596788443656,0.6000000000000001
2025-01-27 10:43:12,0.3321805974619057,0.6000000000000001
2025-01-27 10:43:13,0.33250924838976764,0.6000000000000001
2025-01-27 10:43:14,0.33268485553930294,0.5700000000000001
2025-01-27 10:43:15,0.33308285550917055,0.5700000000000001
2025-01-27 10:43:16,0.3336088391396035,0.5700000000000001
2025-01-27 10:43:17,0.33419300615399977,0.58
2025-01-27 10:43:18,0.33526600404580337,0.5900000000000001
2025-01-27 10:43:19,0.30968245577719394,0.6
2025-01-27 10:43:20,0.30499475681206717,0.64
2025-01-27 10:43:21,0.3047564591961655,0.64
2025-01-27 10:43:22,0.2880410147070774,0.64
2025-01-27 10:43:23,0.25532983692353844,0.62
2025-01-27 10:43:24,0.25502451794647224,0.66
2025-01-27 10:43:25,0.25499085206022976,0.63
2025-01-27 10:43:26,0.2552272727538421,0.6299999999999999
2025-01-27 10:43:27,0.24631894194089154,0.6699999999999999
2025-01-27 10:43:28,0.237640215513003,0.66
2025-01-27 10:43:29,0.2375291548961028,0.66
2025-01-27 10:43:30,0.23742449179436717,0.6699999999999999
2025-01-27 10:43:31,0.23733247379286806,0.6399999999999999
2025-01-27 10:43:32,0.23703436682238013,0.61
2025-01-27 10:43:33,0.23662191233263577,0.5900000000000001
2025-01-27 10:43:34,0.23613411538700588,0.5599999999999999
2025-01-27 10:43:35,0.2355394681774722,0.52
2025-01-27 10:43:36,0.23490645948784414,0.52
2025-01-27 10:43:37,0.23490645948784414,0.5599999999999999
2025-01-27 10:43:38,0.23406589026209298,0.53
2025-01-27 10:43:39,0.23384283830742922,0.49
2025-01-27 10:43:40,0.23384283830742922,0.5
2025-01-27 10:43:41,0.23364105124231602,0.5
2025-01-27 10:43:42,0.23342585555862513,0.51
2025-01-27 10:43:43,0.23342585555862513,0.52
2025-01-27 10:43:44,0.23333535373337044,0.5
2025-01-27 10:43:45,0.23329800529617062,0.51
2025-01-27 10:43:46,0.23303781543058832,0.51
2025-01-27 10:43:47,0.23224052612372859,0.51
2025-01-27 10:43:48,0.231887811489582,0.5
2025-01-27 10:43:49,0.2319363884873069,0.4899999999999999
2025-01-27 10:43:50,0.2319793752581513,0.4899999999999999
2025-01-27 10:43:51,0.23181466852033875,0.47999999999999987
2025-01-27 10:43:52,0.23166221510972607,0.47999999999999987
2025-01-27 10:43:53,0.23132296451440748,0.47999999999999987
2025-01-27 10:43:54,0.23088869783555696,0.47999999999999987
2025-01-27 10:43:55,0.2189633147604848,0.47999999999999987
2025-01-27 10:43:56,0.21385774219127626,0.47999999999999987
2025-01-27 10:43:57,0.2148372502612236,0.47999999999999987
2025-01-27 10:43:58,0.2155756130183284,0.47999999999999987
2025-01-27 10:43:59,0.21667037946300827,0.47999999999999987
2025-01-27 10:44:00,0.21793971411201798,0.47999999999999987
2025-01-27 10:44:01,0.21199476503870107,0.47999999999999987
2025-01-27 10:44:02,0.2057641111779104,0.47999999999999987
2025-01-27 10:44:03,0.20920425229337067,0.47999999999999987
2025-01-27 10:44:04,0.21224184298327797,0.51
2025-01-27 10:44:05,0.21532819587416116,0.51
2025-01-27 10:44:06,0.22353808793310406,0.51
2025-01-27 10:44:07,0.17823098720928923,0.51
2025-01-27 10:44:08,0.1480875055661306,0.51
2025-01-27 10:44:09,0.15020502775575695,0.51
2025-01-27 10:44:10,0.1359417962915462,0.51
2025-01-27 10:44:11,0.13698449610955357,0.52
2025-01-27 10:44:12,0.14068795592508687,0.52
2025-01-27 10:44:13,0.1410506395547301,0.52
2025-01-27 10:44:14,0.14030303413062306,0.52
2025-01-27 10:44:15,0.1398614102407262,0.49
2025-01-27 10:44:16,0.14004149846929673,0.5
2025-01-27 10:44:17,0.14034777285127994,0.55
2025-01-27 10:44:18,0.1403661703899335,0.5800000000000001
2025-01-27 10:44:19,0.13986926915413486,0.6099999999999999
2025-01-27 10:44:20,0.137173859009691,0.6099999999999999
2025-01-27 10:44:21,0.12973620353955143,0.6099999999999999
2025-01-27 10:44:22,0.12379861461157615,0.6099999999999999
2025-01-27 10:44:23,0.11835227172748992,0.6099999999999999
2025-01-27 10:44:24,0.11751999641822897,0.6099999999999999
2025-01-27 10:44:25,0.11808128383775089,0.6099999999999999
2025-01-27 10:44:26,0.20165888288438838,0.62
2025-01-27 10:44:27,0.1628817538634982,0.62
2025-01-27 10:44:28,0.06176058975947744,0.62
2025-01-27 10:44:29,0.06217265162951957,0.6199999999999999
2025-01-27 10:44:30,0.06268377832122003,0.6399999999999999
2025-01-27 10:44:31,0.0626169386652844,0.6399999999999999
2025-01-27 10:44:32,0.05967244933071747,0.6399999999999999
2025-01-27 10:44:33,0.051788302111523965,0.6399999999999999
2025-01-27 10:44:34,0.06307579223267175,1.48
2025-01-27 10:44:35,0.06175915697088389,1.48
2025-01-27 10:44:36,0.0633837506488167,0.6299999999999999
2025-01-27 10:44:37,0.06238607128009166,0.6299999999999999
2025-01-27 10:44:38,0.06242436822178806,0.6399999999999999
2025-01-27 10:44:39,0.06918442246032501,1.49
2025-01-27 10:44:40,0.06934664539449242,0.6499999999999999
2025-01-27 10:44:41,0.06924540885057724,0.6499999999999999
2025-01-27 10:44:42,0.06881980563597108,0.6499999999999999
2025-01-27 10:44:43,0.06878815520579955,0.6499999999999999
2025-01-27 10:44:44,0.06878503672946652,0.6100000000000001
2025-01-27 10:44:45,0.06842283620210428,0.61
2025-01-27 10:44:46,0.06848789651283971,0.6399999999999999
2025-01-27 10:44:47,0.06836203135837755,1.48
2025-01-27 10:44:48,0.06799768780882347,1.48
2025-01-27 10:44:49,0.06761736718574429,1.52
2025-01-27 10:44:50,0.06724446078121711,1.5
2025-01-27 10:44:51,0.06773958463393992,1.5
2025-01-27 10:44:52,0.06740330551792928,1.47
2025-01-27 10:44:53,0.06729919597849483,1.47
2025-01-27 10:44:54,0.06785533379721705,1.47
2025-01-27 10:44:55,0.06834780141734435,1.44
2025-01-27 10:44:56,0.0689442988507567,0.7
2025-01-27 10:44:57,0.06977553433010779,0.71
2025-01-27 10:44:58,0.0734045462511137,0.71
2025-01-27 10:44:59,0.05883744357233045,0.73
2025-01-27 10:45:00,0.05997141250345998,0.73
2025-01-27 10:45:01,0.06007628789754108,0.73
2025-01-27 10:45:02,0.11493925907516471,1.46
2025-01-27 10:45:03,0.07715269644825155,1.46
2025-01-27 10:45:04,0.077275075757262,0.72
2025-01-27 10:45:05,0.07749878093951705,0.6799999999999999
2025-01-27 10:45:06,0.07795998694053097,0.6799999999999999
2025-01-27 10:45:07,0.08129793110237878,0.69
2025-01-27 10:45:08,0.07805191103584042,0.69
2025-01-27 10:45:09,0.0723778909146322,0.69
2025-01-27 10:45:10,0.0723145596746478,0.69
2025-01-27 10:45:11,0.07232947327457746,0.69
2025-01-27 10:45:12,0.07215685818425681,0.69
2025-01-27 10:45:13,0.07197107021287079,0.72
2025-01-27 10:45:14,0.06193648870677304,0.73
2025-01-27 10:45:15,0.056682434432478036,0.73
2025-01-27 10:45:16,0.07585885865638427,0.72
2025-01-27 10:45:17,0.07138137265804367,0.72
2025-01-27 10:45:18,0.06909629895842961,0.72
2025-01-27 10:45:19,0.06507439352474413,0.72
2025-01-27 10:45:20,0.06427733029333949,0.72
2025-01-27 10:45:21,0.06361628378370243,0.72
2025-01-27 10:45:22,0.06316223450532095,0.72
2025-01-27 10:45:23,0.06296953485903378,0.72
2025-01-27 10:45:24,0.06273257695135737,0.72
2025-01-27 10:45:25,0.06230023369930141,0.72
2025-01-27 10:45:26,0.06198860888809573,0.72
2025-01-27 10:45:27,0.06201367128981531,0.72
2025-01-27 10:45:28,0.06234699418231108,0.72
2025-01-27 10:45:29,0.06264899666057418,0.72
2025-01-27 10:45:30,0.04916429291304262,0.72
2025-01-27 10:45:31,0.06540458413038659,0.72
2025-01-27 10:45:32,0.0655606064627657,0.72
2025-01-27 10:45:33,0.06613004171259111,0.72
2025-01-27 10:45:34,0.05170353117360138,0.72
2025-01-27 10:45:35,0.04663717024947781,0.72
2025-01-27 10:45:36,0.0475161706370586,0.72
2025-01-27 10:45:37,0.04870752673705233,0.72
2025-01-27 10:45:38,0.05568912290082695,0.72
2025-01-27 10:45:39,0.061491977140292274,0.72
2025-01-27 12:57:25,0.09690813251080128,1.54
2025-01-27 12:57:26,0.0919834366316099,1.5300000000000002
2025-01-27 12:57:27,0.08674320192627445,1.56
2025-01-27 12:57:28,0.08287537114921865,1.58
2025-01-27 12:57:29,0.07990652585359721,1.63
2025-01-27 12:57:30,0.0772344417662058,1.65
2025-01-27 12:57:31,0.07473852184041337,1.65
2025-01-27 12:57:32,0.07189343564058381,1.65
2025-01-27 12:57:33,0.06945180868627314,1.6400000000000001
2025-01-27 12:57:34,0.06619755175610731,1.63
2025-01-27 12:57:35,0.06253734733625944,1.65
2025-01-27 12:57:36,0.10138115276330728,1.65
2025-01-27 12:57:37,0.016661495501574326,1.65
2025-01-27 12:57:38,0.013017509818674444,1.65
2025-01-27 12:57:39,0.007844411853971334,1.62
2025-01-27 12:57:40,0.004262638273022497,1.6400000000000001
2025-01-27 12:57:41,0.011398815087037365,1.6400000000000001
2025-01-27 12:57:42,0.004911804926841216,1.6099999999999999
2025-01-27 12:57:43,0.003634998793585235,1.6099999999999999
2025-01-27 12:57:44,0.17845400543455994,1.6
2025-01-27 12:57:45,0.01651930236684181,1.6099999999999999
2025-01-27 12:57:46,0.01651930236684181,1.6099999999999999
2025-01-27 12:57:47,0.007876676871397445,1.6099999999999999
2025-01-27 12:57:48,0.0072500869700348565,1.6099999999999999
2025-01-27 12:57:49,0.0547797906753306,1.6099999999999999
2025-01-27 12:57:50,0.10445284789232634,1.62
2025-01-27 12:57:51,0.07837209095516477,1.62
2025-01-27 12:57:52,0.07418180550087057,1.62
2025-01-27 12:57:53,0.07220941614092391,1.62
2025-01-27 12:57:54,0.06987735383593933,1.62
2025-01-27 12:57:55,0.0665033395129709,1.62
2025-01-27 12:57:56,0.05895992102023214,1.62
2025-01-27 12:57:57,0.0819610429842581,1.58
2025-01-27 12:57:58,0.06363891737813059,1.58
2025-01-27 12:57:59,0.22229202446104646,1.58
2025-01-27 12:58:00,0.13774606486656063,1.58
2025-01-27 12:58:01,0.13406149888381366,1.58
2025-01-27 12:58:02,0.13404365421872985,1.58
2025-01-27 12:58:03,0.13068443934166707,1.58
2025-01-27 12:58:05,0.11727351470245322,1.58
2025-01-27 12:58:06,0.15094279540022196,1.58
2025-01-27 12:58:07,0.2443792143955883,1.58
2025-01-27 12:58:08,0.29632008976073204,1.58
2025-01-27 12:58:09,0.2900722425655924,1.58
2025-01-27 12:58:10,0.23471078246390467,1.58
2025-01-27 12:58:11,0.23965371454264783,1.54
2025-01-27 12:58:12,0.2397297872550491,1.54
2025-01-27 12:58:13,0.24005430247595042,1.54
2025-01-27 12:58:14,0.23813592013043192,1.54
2025-01-27 12:58:15,0.2373070899422928,1.54
2025-01-27 12:58:16,0.2358815207660392,1.54
2025-01-27 12:58:17,0.23426497408689487,1.56
2025-01-27 12:58:18,0.23741146189645748,1.58
2025-01-27 12:58:19,0.21337779349281258,1.61
2025-01-27 12:58:20,0.13883019879453892,1.6
2025-01-27 12:58:21,0.1427164140651557,1.6
2025-01-27 12:58:22,0.14327013988668055,1.6
2025-01-27 12:58:23,0.14428442083074136,1.56
2025-01-27 12:58:24,0.14436136865949237,1.56
2025-01-27 12:58:25,0.14500620432667702,1.56
2025-01-27 12:58:26,0.14854818332242944,1.59
2025-01-27 12:58:27,0.14919556634746986,1.55
2025-01-27 12:58:28,0.1498221160189496,1.55
2025-01-27 12:58:29,0.15048537929646258,1.55
2025-01-27 12:58:30,0.1507417186045156,1.56
2025-01-27 12:58:31,0.1495084621700339,1.56
2025-01-27 12:58:32,0.15218759957046135,1.51
2025-01-27 12:58:33,0.1524987305745841,1.51
2025-01-27 12:58:34,0.15264227905575525,1.51
2025-01-27 12:58:35,0.15773836576737668,1.46
2025-01-27 12:58:36,0.22414571120206053,1.46
2025-01-27 12:58:37,0.2348153770753799,1.46
2025-01-27 12:58:38,0.23512789069324805,1.46
2025-01-27 12:58:39,0.23496814663419885,1.46
2025-01-27 12:59:07,0.19743663848107382,0.41999999999999993
2025-01-27 12:59:08,0.19734865516209052,0.41999999999999993
2025-01-27 12:59:09,0.19692510077347913,0.41999999999999993
2025-01-27 12:59:10,0.19638396399618596,0.41999999999999993
2025-01-27 12:59:11,0.1961045706261384,0.41999999999999993
2025-01-27 12:59:12,0.19657292083601385,0.44999999999999996
2025-01-27 12:59:13,0.19632149456837075,0.41999999999999993
2025-01-27 12:59:14,0.19625092037521194,0.4600000000000001
2025-01-27 12:59:15,0.19644706500063602,0.4800000000000001
2025-01-27 12:59:16,0.19635179179317572,0.52
2025-01-27 12:59:17,2.0,0.5
2025-01-27 12:59:18,0.0013941951307937888,0.4899999999999999
2025-01-27 12:59:19,0.0014586962946861644,0.5
2025-01-27 12:59:20,0.001465377505920203,0.53
2025-01-27 12:59:21,0.0014382856586384978,0.53
2025-01-27 12:59:22,0.0014665055030961642,0.56
2025-01-27 12:59:23,0.0015226804026244878,0.5700000000000001
2025-01-27 12:59:24,0.0015569603811460553,0.5900000000000001
2025-01-27 12:59:25,0.0073924235561627265,0.6000000000000001
2025-01-27 12:59:26,0.0033860296302357837,0.6100000000000001
2025-01-27 12:59:27,0.0036237652083969487,0.6299999999999999
2025-01-27 12:59:28,0.003815372800529756,0.6299999999999999
2025-01-27 12:59:29,0.003223309288771533,0.64
2025-01-27 12:59:30,0.003967599357401319,0.6100000000000001
2025-01-27 12:59:31,0.003485208800103982,0.63
2025-01-27 12:59:32,0.003945670700721197,0.68
2025-01-27 12:59:33,0.002811703074457661,0.6499999999999999
2025-01-27 12:59:34,0.00323452939598301,0.69
2025-01-27 12:59:35,0.003145465026991682,0.71
2025-01-27 12:59:36,0.003094470958756812,0.71
2025-01-27 12:59:37,0.0030291249065565276,0.71
2025-01-27 12:59:38,0.0029909178220058528,0.72
2025-01-27 12:59:39,0.004868592226950834,1.65
2025-01-27 12:59:40,0.0053242563514528385,1.69
2025-01-27 12:59:41,0.005310470508467002,1.7000000000000002
2025-01-27 12:59:42,0.005207398132961671,1.75
2025-01-27 12:59:43,0.005131531341675692,1.79
2025-01-27 12:59:44,0.005072268188969886,1.7800000000000002
2025-01-27 12:59:45,0.005029507145161964,1.7800000000000002
2025-01-27 12:59:46,0.005048203048363546,1.7800000000000002
2025-01-27 12:59:47,0.0051275618359042,1.77
2025-01-27 12:59:48,0.005245630179862755,1.8
2025-01-27 12:59:49,0.005393289454693158,1.83
2025-01-27 12:59:50,0.005415748540873751,1.8
2025-01-27 12:59:51,0.005324084050329099,1.8
2025-01-27 12:59:52,0.005299241877192736,1.77
2025-01-27 12:59:53,0.005204158817435485,1.75
2025-01-27 12:59:54,0.005171981561050772,1.75
2025-01-27 12:59:55,0.005220984281825529,1.71
2025-01-27 12:59:56,0.005975096969894326,1.71
2025-01-27 12:59:57,0.00416156307537315,1.73
2025-01-27 12:59:58,0.004058511477910365,1.7200000000000002
2025-01-27 12:59:59,0.003511375789602441,1.68
2025-01-27 13:00:00,0.003628976577432367,1.69
2025-01-27 13:00:01,0.004284247128459355,1.6600000000000001
2025-01-27 13:00:02,0.005057957641301236,1.6400000000000001
2025-01-27 13:00:03,0.005031683140030403,1.62
2025-01-27 13:00:04,0.005080449668099914,1.65
2025-01-27 13:00:05,0.005182139946383391,1.67
2025-01-27 13:00:06,0.005167900046049982,1.68
2025-01-27 13:00:07,0.0051447324815795765,1.67
2025-01-27 13:00:08,0.005078940008772144,1.71
2025-01-27 13:00:09,0.005177815949319283,1.71
2025-01-27 13:00:10,0.005415230670939852,1.68
2025-01-27 13:00:11,0.005742491122113928,1.6800000000000002
2025-01-27 13:00:12,0.006537651448547936,1.69
2025-01-27 13:00:13,0.0071157700923762945,1.67
2025-01-27 13:00:14,0.007167960678361081,1.67
2025-01-27 13:00:15,0.007140650795210461,1.63
2025-01-27 13:00:16,0.007082815094012762,1.6400000000000001
2025-01-27 13:00:17,0.007044128903727446,1.59
2025-01-27 13:00:18,0.006881280351617243,1.63
2025-01-27 13:00:19,0.006753624284301374,1.58
2025-01-27 13:00:20,0.006827351885736614,0.71
2025-01-27 13:00:21,0.007047410137093202,0.6599999999999999
2025-01-27 13:00:22,0.007133816168465461,0.64
2025-01-27 13:00:23,0.007037995088254867,0.6599999999999999
2025-01-27 13:00:24,0.007011939783558556,0.6699999999999999
2025-01-27 13:00:25,0.007007581653437918,0.69
2025-01-27 13:00:26,0.0070904233380078745,1.6
2025-01-27 13:00:27,0.007320899010321587,1.63
2025-01-27 13:00:28,0.007613955210100738,1.67
2025-01-27 13:00:29,0.007796314599029112,1.67
2025-01-27 13:00:30,0.008427144919872879,1.69
2025-01-27 13:00:31,0.009168093900153421,1.6600000000000001
2025-01-27 13:00:32,0.009947648888340765,1.6600000000000001
2025-01-27 13:00:33,0.010845500631957883,1.7
2025-01-27 13:00:34,0.010075483353680248,1.7200000000000002
2025-01-27 13:00:35,0.009370081462089766,1.7
2025-01-27 13:00:36,0.009342767887826101,1.7200000000000002
2025-01-27 13:00:37,0.009276615032470422,1.7200000000000002
2025-01-27 13:00:38,0.008145330475270107,1.67
2025-01-27 13:00:39,0.009208504626387892,1.6400000000000001
2025-01-27 13:00:40,0.009732495559411655,1.67
2025-01-27 13:00:41,0.009405975818780407,1.6800000000000002
2025-01-27 13:00:42,0.009478154528883712,1.6600000000000001
2025-01-27 13:00:43,0.009525098308005445,1.6099999999999999
2025-01-27 13:00:44,0.009601738886063119,0.7
2025-01-27 13:00:45,0.009575427419157586,1.6
2025-01-27 13:00:46,0.009484719038864645,1.6099999999999999
2025-01-27 13:00:47,0.009332449933235823,0.71
2025-01-27 13:00:48,0.00928859500045783,1.6
2025-01-27 13:00:49,0.009361412447464653,1.62
2025-01-27 13:00:50,0.00950950825301359,1.59
2025-01-27 13:00:51,0.009648552234678457,1.6
2025-01-27 13:00:52,0.009674875997822832,1.6
2025-01-27 13:00:53,0.01041905180921976,1.6
2025-01-27 13:00:54,0.00890560246767865,1.6
2025-01-27 13:00:55,0.00977259011129794,1.6
2025-01-27 13:00:56,1.8213088239900042,0.73
2025-01-27 13:00:57,0.07642954903280079,0.6799999999999999
2025-01-27 13:00:58,0.07138814964464017,0.6499999999999999
2025-01-27 13:00:59,0.06438176090731733,0.6499999999999999
2025-01-27 13:01:00,0.06382690047126467,0.6499999999999999
2025-01-27 13:01:01,0.06422600778009047,0.6599999999999999
2025-01-27 13:01:02,0.06697049547469562,0.66
2025-01-27 13:01:03,0.06766818674365742,0.6599999999999999
2025-01-27 13:01:04,0.16093715189115398,0.6599999999999999
2025-01-27 13:01:05,0.1321034690115117,0.6799999999999999
2025-01-27 13:01:06,0.07929465611003783,0.73
2025-01-27 13:01:07,0.07897597080721841,0.72
2025-01-27 13:01:08,0.07820578068403365,1.5899999999999999
2025-01-27 13:01:09,0.07835822135701138,0.73
2025-01-27 13:01:10,0.07880184205660597,1.6
2025-01-27 13:01:11,0.088605400551714,1.63
2025-01-27 13:01:12,0.06898513924310838,1.63
2025-01-27 13:01:13,0.06984276913484481,1.65
2025-01-27 13:01:14,0.09766744371956386,1.67
2025-01-27 13:01:15,0.1765965805778761,1.6800000000000002
2025-01-27 13:01:16,0.13215645374842064,1.6800000000000002
2025-01-27 13:01:17,0.12654142609777072,1.67
2025-01-27 13:01:18,0.17475861805596007,1.6400000000000001
2025-01-27 13:01:19,0.2534935417528715,1.67
2025-01-27 13:01:20,0.21395460478950934,1.67
2025-01-27 13:01:21,0.21346389701243776,1.65
2025-01-27 13:01:22,0.21310898520902985,1.67
2025-01-27 13:01:23,0.21292141766659065,1.6800000000000002
2025-01-27 13:01:24,0.2132842729040041,1.67
2025-01-27 13:01:25,0.21395503357784604,1.71
2025-01-27 13:01:26,0.21443337174185917,1.7400000000000002
2025-01-27 13:01:27,0.21530988676111104,1.78
2025-01-27 13:01:28,0.21614236123373765,1.79
2025-01-27 13:01:29,0.21585884642806352,1.78
2025-01-27 13:01:30,0.21506253637262787,1.75
2025-01-27 13:01:31,0.21451266838856511,1.71
2025-01-27 13:01:32,0.2136123223884391,1.69
2025-01-27 13:01:33,0.21370492155889473,1.6600000000000001
2025-01-27 13:01:34,0.21414201130701338,1.6600000000000001
2025-01-27 13:01:35,0.2170831716065408,1.6400000000000001
2025-01-27 13:01:36,0.2027316678623922,1.63
2025-01-27 13:01:37,0.20511799004934442,1.6300000000000001
2025-01-27 13:01:38,0.20511799004934442,1.6300000000000001
2025-01-27 13:01:39,0.2054722040447635,1.6600000000000001
2025-01-27 13:01:40,0.2140550795909446,1.6600000000000001
2025-01-27 13:01:41,0.22497233110787876,1.62
2025-01-27 13:01:42,0.22450214886162825,1.61
2025-01-27 13:01:43,0.22450214886162825,1.61
2025-01-27 13:01:44,0.22387025122249607,1.59
2025-01-27 13:01:45,0.22396787556426098,1.58
2025-01-27 13:01:46,0.22396787556426098,0.6699999999999999
2025-01-27 13:01:47,0.23223951886229166,0.6300000000000001
2025-01-27 13:01:48,0.23223951886229166,0.6300000000000001
2025-01-27 13:01:49,0.2238953125317907,0.6300000000000001
2025-01-27 13:01:50,0.22370269224192643,0.6300000000000001
2025-01-27 13:01:51,0.2235587214479251,0.61
2025-01-27 13:01:52,0.23303718415154773,0.5700000000000001
2025-01-27 13:01:53,0.2415281015750598,0.5700000000000001
2025-01-27 13:01:54,0.24181630580496552,0.5800000000000001
2025-01-27 13:01:55,0.24165014433716006,0.56
2025-01-27 13:01:56,0.24086181505658866,0.5800000000000001
2025-01-27 13:01:57,0.23962782375717864,0.5900000000000001
2025-01-27 13:01:58,0.237491747582509,0.55
2025-01-27 13:01:59,0.23605896420154945,0.55
2025-01-27 13:02:00,0.23804812763741504,0.5199999999999999
2025-01-27 13:02:01,0.20919556711548992,0.48
2025-01-27 13:02:02,0.23045504035685496,0.47
2025-01-27 13:02:03,0.2650820742594959,0.4899999999999999
2025-01-27 13:02:04,0.2366489686625095,0.51
2025-01-27 13:02:05,0.22589614658192256,0.54
2025-01-27 13:02:06,0.2403271370399803,0.55
2025-01-27 13:02:07,0.25451377166249073,0.5700000000000001
2025-01-27 13:02:08,0.24594580965808413,0.53
2025-01-27 13:02:09,0.24570366384527098,0.53
2025-01-27 13:02:10,0.2547335032264358,0.53
2025-01-27 13:02:11,0.24102279332125912,0.53
2025-01-27 13:02:12,0.2985014538361653,0.53
2025-01-27 13:02:13,0.35772396502708387,0.55
2025-01-27 13:02:14,0.40032126089208314,0.55
2025-01-27 13:02:15,0.3644025548136705,0.54
2025-01-27 13:02:16,0.36354632785650304,0.54
2025-01-27 13:02:17,0.3626176776551023,0.53
2025-01-27 13:02:18,0.36221252959705375,0.52
2025-01-27 13:02:19,0.3756472793465531,0.5599999999999999
2025-01-27 13:02:20,0.38632317678570277,0.5699999999999998
2025-01-27 13:02:21,0.38733652164364746,0.5599999999999999
2025-01-27 13:02:22,0.3874798336688056,0.5900000000000001
2025-01-27 13:02:23,0.38663857864480694,1.4
2025-01-27 13:02:24,0.3854172609622714,1.41
2025-01-27 13:02:25,0.38373218185155117,1.44
2025-01-27 13:02:26,0.38208866625123417,1.45
2025-01-27 13:02:27,0.38009340525369933,1.49
2025-01-27 13:02:28,0.37929570021754105,1.5
2025-01-27 13:02:29,0.3797205650026889,1.51
2025-01-27 13:02:30,0.38154570094733103,1.5
2025-01-27 13:02:31,0.3837536048315749,1.47
2025-01-27 13:02:32,0.3855117989883647,1.49
2025-01-27 13:02:33,0.40210316781657074,1.5299999999999998
2025-01-27 13:02:34,0.3928254302934812,1.5699999999999998
2025-01-27 13:02:35,0.4077421216319787,1.63
2025-01-27 13:02:37,0.38130345395450654,1.65
2025-01-27 13:02:38,0.39139020246709827,1.62
2025-01-27 13:02:39,0.4021120346931924,1.6400000000000001
2025-01-27 13:02:40,0.40245975758129154,1.65
2025-01-27 13:02:41,0.4023270767807867,1.65
2025-01-27 13:02:42,0.40017079340534095,1.63
2025-01-27 13:02:43,0.4000665073583316,1.65
2025-01-27 13:02:44,0.4010870111935427,1.6600000000000001
2025-01-27 13:02:45,0.45072516990442885,1.6800000000000002
2025-01-27 13:02:46,0.4949342353351023,1.69
2025-01-27 13:02:47,0.49712921644503155,1.7000000000000002
2025-01-27 13:02:48,0.4969644619027214,1.74
2025-01-27 13:02:49,0.4953556316788399,1.76
2025-01-27 13:02:50,0.49328550182279,1.77
2025-01-27 13:02:51,0.49028375768399596,1.77
2025-01-27 13:02:52,0.48836631504068917,1.77
2025-01-27 13:02:53,0.5052602303457352,1.76
2025-01-27 13:02:54,0.49621331922914963,1.78
2025-01-27 13:02:55,0.4887728820054047,1.7400000000000002
2025-01-27 13:02:56,0.5498214529802578,1.77
2025-01-27 13:02:57,0.571461704242132,1.78
2025-01-27 13:02:58,0.41896794173592483,1.77
2025-01-27 13:02:59,0.5791222735053703,1.8
2025-01-27 13:03:00,0.7742170515497749,1.81
2025-01-27 13:03:01,0.6459638075352845,1.85
2025-01-27 13:03:02,0.6458611304208955,1.8399999999999999
2025-01-27 13:03:03,0.6460129737206012,1.8199999999999998
2025-01-27 13:03:04,0.6463397157175028,1.8199999999999998
2025-01-27 13:03:05,0.6467730668702732,1.8199999999999998
2025-01-27 13:03:06,0.6478139553965258,1.8599999999999999
2025-01-27 13:03:07,0.6480481960800972,1.8800000000000001
2025-01-27 13:03:08,0.64756809368702,1.8900000000000001
2025-01-27 13:03:09,0.64756809368702,1.8800000000000001
2025-01-27 13:03:10,0.6473447471387193,1.88
2025-01-27 13:03:11,0.6469455170826132,1.8800000000000001
2025-01-27 13:03:12,0.6463195034696171,1.8800000000000001
2025-01-27 13:03:13,0.6455221384694462,1.87
2025-01-27 13:03:14,0.6447785540678775,1.9
2025-01-27 13:03:15,0.6442596688076363,1.92
2025-01-27 13:03:16,0.6564842495977684,1.9200000000000002
2025-01-27 13:03:17,0.6529255340860093,1.9600000000000002
2025-01-27 13:03:18,0.6646121220632124,1.9900000000000002
2025-01-27 13:03:19,0.6640871515017676,2.0
2025-01-27 13:03:20,0.6634853905079018,2.0
2025-01-27 13:03:21,0.6627783687435825,2.0
2025-01-27 13:03:22,0.661926756912684,2.0
2025-01-27 13:03:23,0.6613974829134789,1.9900000000000002
2025-01-27 13:03:24,0.6609832356363002,1.9900000000000002
2025-01-27 13:03:25,0.6603702979484076,1.98
2025-01-27 13:03:26,0.66002230171816,1.98
2025-01-27 13:03:27,0.6571981725163138,1.9700000000000002
2025-01-27 13:03:28,0.6073211715365795,1.9500000000000002
2025-01-27 13:03:29,0.6200536599139194,1.9500000000000002
2025-01-27 13:03:30,0.6200808116490246,1.9500000000000002
2025-01-27 13:03:31,0.5000806744923717,1.9500000000000002
2025-01-27 13:03:32,0.34856288021718324,1.9500000000000002
2025-01-27 13:03:33,0.33018113353605943,1.9500000000000002
2025-01-27 13:03:34,0.3175360262110267,1.9500000000000002
2025-01-27 13:03:35,0.3123250107668942,1.9500000000000002
2025-01-27 13:03:36,0.30654341911821215,1.9500000000000002
2025-01-27 13:03:37,0.30735273599843876,1.9500000000000002
2025-01-27 13:03:38,0.3084589817332019,1.9500000000000002
2025-01-27 13:03:39,0.28179515793165155,1.9500000000000002
2025-01-27 13:03:40,0.25563832785732626,1.9000000000000004
2025-01-27 13:03:41,0.2686421249045634,1.9000000000000004
2025-01-27 13:03:42,0.2644062428393014,1.9000000000000004
2025-01-27 13:03:43,0.2563037085033315,1.9000000000000004
2025-01-27 13:03:44,0.26884819710797475,1.9000000000000004
2025-01-27 13:04:34,0.1206000287134416,1.85
2025-01-27 13:04:35,0.12065068596978712,1.83
2025-01-27 13:04:36,0.12064512198739719,1.7999999999999998
2025-01-27 13:04:37,0.14720706620973964,1.76
2025-01-27 13:04:38,0.14720706620973964,1.73
2025-01-27 13:04:39,0.07411497852131932,1.72
2025-01-27 13:04:40,0.03795865346195907,1.7000000000000002
2025-01-27 13:04:41,0.02726202905766965,1.67
2025-01-27 13:04:42,0.026747335547869195,1.67
2025-01-27 13:04:43,0.02650468089677238,1.6800000000000002
2025-01-27 13:04:44,0.026318072483233774,1.6800000000000002
2025-01-27 13:04:45,0.026182304392104044,1.6400000000000001
2025-01-27 13:04:46,0.026509982748872396,1.65
2025-01-27 13:04:47,0.02667375009695568,1.6600000000000001
2025-01-27 13:04:48,0.026398731537164394,1.65
2025-01-27 13:04:49,0.026162301702319812,1.6600000000000001
2025-01-27 13:04:50,0.025968577390714565,1.65
2025-01-27 13:04:51,0.025640560111408323,1.6400000000000001
2025-01-27 13:04:52,0.025206200562338726,1.6400000000000001
2025-01-27 13:04:53,0.024848747398302635,1.63
2025-01-27 13:04:54,0.024661753906413935,1.63
2025-01-27 13:04:55,0.02473111290812306,1.63
2025-01-27 13:04:56,0.024878898197954413,1.58
2025-01-27 13:04:57,0.024954625662574337,1.56
2025-01-27 13:04:58,0.024629979249171246,1.53
2025-01-27 13:04:59,0.023846612026720376,1.5
2025-01-27 13:05:00,0.025361961083867197,1.47
2025-01-27 13:05:01,0.027093450325498036,1.47
2025-01-27 13:05:02,0.026715948162139586,0.6299999999999999
2025-01-27 13:05:03,0.02683326525430359,0.6299999999999999
2025-01-27 13:05:04,0.027081477746552007,0.6299999999999999
2025-01-27 13:05:05,0.03222356132045349,0.6299999999999999
2025-01-27 13:05:06,0.000957253014835846,0.6299999999999999
2025-01-27 13:05:07,0.030066190466133385,0.6299999999999999
2025-01-27 13:05:08,0.05243033442636532,0.6299999999999999
2025-01-27 13:05:09,0.07435207864349458,0.6
2025-01-27 13:05:10,0.11930367920153051,0.5900000000000001
2025-01-27 13:05:11,0.11836216482362305,0.5700000000000001
2025-01-27 13:05:12,0.1307679793730463,0.56
2025-01-27 13:05:13,0.13760567524218104,0.56
2025-01-27 13:05:14,0.14152717461245423,0.56
2025-01-27 13:05:15,0.14575961841521737,0.5800000000000001
2025-01-27 13:05:16,0.1399495123934503,0.6
2025-01-27 13:05:17,0.08250771900822018,0.6299999999999999
2025-01-27 13:05:18,0.09884143530975109,0.6499999999999999
2025-01-27 13:05:19,0.10754572787412808,1.46
2025-01-27 13:05:20,0.10785151109664011,1.46
2025-01-27 13:05:21,0.10777188546825744,1.49
2025-01-27 13:05:22,0.10758157337461564,1.53
2025-01-27 13:05:23,0.10725635658753048,1.53
2025-01-27 13:05:24,0.10693026165648527,1.53
2025-01-27 13:05:25,0.10745844003291483,1.56
2025-01-27 13:05:26,0.10811857956654099,1.56
2025-01-27 13:05:27,0.10822784178540228,1.52
2025-01-27 13:05:28,0.10852604248983244,1.53
2025-01-27 13:05:29,0.10219251420808521,1.52
2025-01-27 13:05:30,0.11366896282303222,1.49
2025-01-27 13:05:31,0.211167858586678,1.46
2025-01-27 13:05:32,0.23559037002421887,0.63
2025-01-27 13:05:33,0.3777698814025217,0.63
2025-01-27 13:05:34,0.5126051020663582,0.64
2025-01-27 13:05:35,0.6275294220191779,0.6599999999999999
2025-01-27 13:05:36,0.5309927174557304,0.6699999999999999
2025-01-27 13:05:37,0.5316320675203708,1.46
2025-01-27 13:05:38,0.5326402632390773,1.44
2025-01-27 13:05:39,0.5344821331907498,1.47
2025-01-27 13:05:40,0.5359188929661228,1.51
2025-01-27 13:05:41,0.5307598215614737,1.5
2025-01-27 13:05:42,0.5263586731873637,1.5
2025-01-27 13:05:43,0.5268094940468778,1.5300000000000002
2025-01-27 13:05:44,0.5235773638710323,1.57
2025-01-27 13:05:45,0.5206732062485915,1.57
2025-01-27 13:05:46,0.5160062935111744,1.58
2025-01-27 13:05:47,0.5116215422846947,1.56
2025-01-27 13:05:48,0.5118661775478298,1.56
2025-01-27 13:05:49,0.5121098479764679,1.56
2025-01-27 13:05:50,0.5123534202047278,1.55
2025-01-27 13:05:51,0.49879613382967164,1.57
2025-01-27 13:05:52,0.4864539264221774,1.57
2025-01-27 13:05:53,0.48706407498902077,1.6099999999999999
2025-01-27 13:05:54,0.48706407498902077,1.59
2025-01-27 13:05:56,0.48220792531097406,1.59
2025-01-27 13:05:57,0.47667259346212676,1.5699999999999998
2025-01-27 13:05:58,0.5353330602997178,1.5699999999999998
2025-01-27 13:05:59,0.6038177723170213,1.5699999999999998
2025-01-27 13:06:00,0.6033292363010019,1.5699999999999998
2025-01-27 13:06:01,0.6028050417827148,1.5699999999999998
2025-01-27 13:06:02,0.6024610096552977,1.5699999999999998
2025-01-27 13:06:03,0.6022100955814915,1.5699999999999998
2025-01-27 13:06:04,0.6022398058239244,1.6
2025-01-27 13:06:05,0.5948266973583872,1.6
2025-01-27 13:06:06,0.5944432165963754,1.6
2025-01-27 13:06:07,0.5945237204541871,1.6
2025-01-27 13:06:08,0.6061665321919741,1.6
2025-01-27 13:06:09,0.6171365895501024,1.6
2025-01-27 13:06:10,0.5951908018692356,1.6
2025-01-27 13:06:11,0.5944126907818669,1.6
2025-01-27 13:06:12,0.593507705262891,1.6
2025-01-27 13:06:13,0.5925741843400246,1.6
2025-01-27 13:06:14,0.5985998421540283,1.6
2025-01-27 13:06:15,0.5976801631846586,1.6
2025-01-27 13:06:16,0.5967415359793913,1.6
2025-01-27 13:06:17,0.5958111091209425,1.57
2025-01-27 13:06:18,0.5938031011280395,1.57
2025-01-27 13:06:19,0.6028596722532317,1.57
2025-01-27 13:06:20,0.6313795768113333,1.57
2025-01-27 13:06:21,0.6550093012739965,1.57
2025-01-27 13:06:22,0.7511694363488205,1.55
2025-01-27 13:06:23,0.6970022069770003,1.56
2025-01-27 13:06:24,0.6956662441238896,1.56
2025-01-27 13:06:25,0.6737023590553542,1.6099999999999999
2025-01-27 13:06:26,0.6733343233043033,1.6099999999999999
2025-01-27 13:06:27,0.6731981383014052,1.6099999999999999
2025-01-27 13:06:28,0.6733880376740119,1.62
2025-01-27 13:06:29,0.6733936163766225,1.65
2025-01-27 13:06:30,0.6731110308226859,1.67
2025-01-27 13:06:31,0.6722383829075298,1.6800000000000002
2025-01-27 13:06:32,0.6711041787328407,1.69
2025-01-27 13:06:33,0.6703783764580372,1.72
2025-01-27 13:06:34,0.670222022438875,1.72
2025-01-27 13:06:35,0.67069070956284,1.6800000000000002
2025-01-27 13:06:36,0.6716089881893099,1.65
2025-01-27 13:06:37,0.6730025427679228,1.65
2025-01-27 13:06:38,0.6657845286466424,1.67
2025-01-27 13:06:39,0.6590540437848635,1.65
2025-01-27 13:06:40,0.6645927830157334,1.65
2025-01-27 13:06:41,0.6703090360211835,1.65
2025-01-27 13:06:42,0.6704277533509883,1.6099999999999999
2025-01-27 13:06:43,0.6648532100868451,1.6099999999999999
2025-01-27 13:06:44,0.6604373053450558,1.6099999999999999
2025-01-27 13:06:45,0.6844918306203202,1.6400000000000001
2025-01-27 13:06:46,0.6805966899889005,1.6300000000000001
2025-01-27 13:06:47,0.6562627084940281,1.62
2025-01-27 13:06:48,0.6494316866449451,1.6
2025-01-27 13:06:49,0.6422924367067272,1.5899999999999999
2025-01-27 13:06:50,0.6700802873141187,1.5899999999999999
2025-01-27 13:06:51,0.669259611529046,1.58
2025-01-27 13:06:52,0.669032696320547,1.5699999999999998
2025-01-27 13:06:53,0.668977484750469,1.58
2025-01-27 13:06:54,0.6687277228891494,1.62
2025-01-27 13:06:55,0.6684785631495748,1.62
2025-01-27 13:06:56,0.788492731280742,1.6300000000000001
2025-01-27 13:06:57,0.9312301177892675,1.6300000000000001
2025-01-27 13:06:58,0.9207156211992116,1.5899999999999999
2025-01-27 13:06:59,0.9200744603547356,1.58
2025-01-27 13:07:00,0.9205389491095511,1.56
2025-01-27 13:07:01,0.911829051842742,1.56
2025-01-27 13:07:02,0.9044216928247607,1.56
2025-01-27 13:07:03,0.8760157902512594,1.56
2025-01-27 13:07:04,0.8671713376969731,1.52
2025-01-27 13:07:05,0.8562582824487999,1.52
2025-01-27 13:07:06,0.8573985975077679,1.6
2025-01-27 13:07:07,0.8577435077147108,1.6
2025-01-27 13:07:08,0.8577880809083368,1.62
2025-01-27 13:07:09,0.8846297810823375,1.62
2025-01-27 13:07:10,0.883370178513386,1.6600000000000001
2025-01-27 13:07:11,0.881526786862287,1.65
2025-01-27 13:07:12,0.9362847282458224,1.6400000000000001
2025-01-27 13:07:13,0.829820367084389,1.6400000000000001
2025-01-27 13:07:14,0.7121702824387807,1.65
2025-01-27 13:07:15,0.5804336236004878,1.63
2025-01-27 13:07:16,0.7225527081219084,1.63
2025-01-27 13:07:17,0.7241340274258725,1.67
2025-01-27 13:07:18,0.7251273749235289,1.69
2025-01-27 13:07:19,0.7241471429700205,1.7
2025-01-27 13:07:20,0.7238270216996288,1.72
2025-01-27 13:07:21,0.7381676392200301,1.73
2025-01-27 13:07:22,0.7500737369167902,1.71
2025-01-27 13:07:23,0.7506779339879263,1.73
2025-01-27 13:07:24,0.759659476898482,1.7400000000000002
2025-01-27 13:07:25,0.7675970541845499,1.74
2025-01-27 13:07:26,0.7801874901322217,1.71
2025-01-27 13:07:27,0.7916599177717272,1.71
2025-01-27 13:07:28,0.792278928905709,1.6800000000000002
2025-01-27 13:07:29,0.7929785341875611,1.6500000000000001
2025-01-27 13:07:30,0.7937844704182426,1.6500000000000001
2025-01-27 13:07:31,0.8346169201942674,1.6099999999999999
2025-01-27 13:07:32,0.8754455419525993,1.6099999999999999
2025-01-27 13:07:33,0.8768347726250205,1.6099999999999999
2025-01-27 13:07:34,0.8785577866543894,1.6099999999999999
2025-01-27 13:07:35,0.8951708091758835,1.6099999999999999
2025-01-27 13:07:36,0.9136783082076224,1.58
2025-01-27 13:07:37,0.9308898220446142,1.58
2025-01-27 13:07:38,0.9536082467181443,1.58
2025-01-27 13:07:39,0.9547908768142882,1.58
2025-01-27 13:07:40,0.9559674839378548,1.58
2025-01-27 13:07:41,0.9569860214253104,1.5899999999999999
2025-01-27 13:07:42,0.9581535341634394,1.54
2025-01-27 13:07:43,0.9592754829290197,1.56
2025-01-27 13:07:44,0.9794574717259733,1.58
2025-01-27 13:07:45,0.9768107420790985,1.5699999999999998
2025-01-27 13:07:46,0.9798187257104773,1.5699999999999998
2025-01-27 13:07:47,0.9507899220187511,1.54
2025-01-27 13:07:48,0.8729668381605714,1.54
2025-01-27 13:07:49,0.9086435163708799,1.54
2025-01-27 13:07:50,0.9046676437167989,1.54
2025-01-27 13:07:51,0.9059788022699378,1.54
2025-01-27 13:07:52,0.9072803698172486,1.54
2025-01-27 13:07:53,0.9081444463389575,1.52
2025-01-27 13:07:54,0.923244556144415,1.52
2025-01-27 13:07:55,0.8722667834567964,1.52
2025-01-27 13:07:56,0.8645645889204374,1.52
2025-01-27 13:07:57,0.8535134817500248,0.6499999999999999
2025-01-27 13:07:58,0.8220658954786441,0.6499999999999999
2025-01-27 13:07:59,0.7889927733318185,0.6499999999999999
2025-01-27 13:08:00,0.8621121290919692,0.6499999999999999
2025-01-27 13:08:01,0.5414265928335799,0.6499999999999999
2025-01-27 13:08:02,0.3986211984276446,0.6499999999999999
2025-01-27 13:08:03,0.35075556361363686,0.6499999999999999
2025-01-27 13:08:04,0.38903987452155614,0.6099999999999999
2025-01-27 13:08:05,0.38945631521096696,0.58
2025-01-27 13:08:06,0.3775256545909412,0.6000000000000001
2025-01-27 13:08:07,0.36651187706439964,0.5700000000000001
2025-01-27 13:08:08,0.36664091196379706,0.5700000000000001
2025-01-27 13:08:09,0.3673409071512947,0.53
2025-01-27 13:08:10,0.3684803739534712,0.53
2025-01-27 13:08:11,0.36955330549806487,0.5
2025-01-27 13:08:12,0.37034444033569675,0.47
2025-01-27 13:08:13,0.3706139674477161,0.47
2025-01-27 13:08:14,0.3692280024075161,0.47
2025-01-27 13:08:15,0.36983642254841004,0.47
2025-01-27 13:08:16,0.36992574871296985,0.47
2025-01-27 13:08:17,0.3910229983255073,0.4600000000000001
2025-01-27 13:08:18,0.3817162373192969,0.44999999999999996
2025-01-27 13:08:19,0.22853658207348757,0.44999999999999996
2025-01-27 13:08:20,0.22856444127035638,0.45999999999999996
2025-01-27 13:08:21,0.22882868750160665,0.42000000000000004
2025-01-27 13:08:22,0.23668538603161574,0.42000000000000004
2025-01-27 13:08:23,0.2201509097532588,0.43000000000000005
2025-01-27 13:08:24,0.16301075591553804,0.43000000000000005
2025-01-27 13:08:25,0.10132410399508822,0.43000000000000005
2025-01-27 13:08:26,0.101660289981876,0.41000000000000003
2025-01-27 13:08:27,0.1015561201377384,0.41000000000000003
2025-01-27 13:08:28,0.10151442785028264,0.41000000000000003
2025-01-27 13:08:29,0.10234126860692694,0.41000000000000003
2025-01-27 13:08:30,0.13033478161006964,0.41000000000000003
2025-01-27 13:08:31,0.15374230930863822,0.41000000000000003
2025-01-27 13:08:32,0.19511893199548677,0.41000000000000003
2025-01-27 13:08:33,0.1754653916761253,0.41000000000000003
2025-01-27 13:08:34,0.17501623255661306,0.41000000000000003
2025-01-27 13:08:35,0.1665540718494345,0.38
2025-01-27 13:08:36,0.11449613861550938,0.37
2025-01-27 13:08:37,0.12303368861063202,0.37
2025-01-27 13:08:38,0.1239180332018283,0.3999999999999999
2025-01-27 13:08:39,0.1239737203471476,0.42999999999999994
2025-01-27 13:08:40,0.12888560354395975,0.45999999999999996
2025-01-27 13:08:41,0.11554775771312038,0.4800000000000001
2025-01-27 13:08:42,0.12379874583640182,0.49
2025-01-27 13:08:43,0.12941968198617268,0.4800000000000001
2025-01-27 13:08:44,0.1379003378616702,0.49
2025-01-27 13:08:45,0.13956922182983153,0.54
2025-01-27 13:08:46,0.14037682886115257,0.55
2025-01-27 13:08:47,0.14039240398542793,0.5800000000000001
2025-01-27 13:08:48,0.13994843788442143,0.6200000000000001
2025-01-27 13:08:49,0.13955567145162892,0.66
2025-01-27 13:08:50,0.1386293615017351,0.6699999999999999
2025-01-27 13:08:51,0.13790998804035848,0.6799999999999999
2025-01-27 13:08:52,0.13711733553687866,0.6499999999999999
2025-01-27 13:08:53,0.13671370906758895,0.63
2025-01-27 13:08:54,0.136141714786404,0.64
2025-01-27 13:08:55,0.13567391376369878,0.6699999999999999
2025-01-27 13:08:56,0.13534948005741296,0.7
2025-01-27 13:08:57,0.13506500449157097,1.6099999999999999
2025-01-27 13:08:58,0.13466681939828926,1.6099999999999999
2025-01-27 13:08:59,0.13414882366907785,1.6400000000000001
2025-01-27 13:09:00,0.13361063233285422,1.6600000000000001
2025-01-27 13:09:01,0.1332316912306292,1.6600000000000001
2025-01-27 13:09:02,0.13324634170050423,1.7
2025-01-27 13:09:03,0.13327138286765283,1.7200000000000002
2025-01-27 13:09:04,0.12739309488603587,1.7200000000000002
2025-01-27 13:09:05,0.12246487910241433,1.7200000000000002
2025-01-27 13:09:06,0.12246088118375509,1.7200000000000002
2025-01-27 13:09:07,0.11498214982035886,1.77
2025-01-27 13:09:08,0.10925999735822141,1.79
2025-01-27 13:09:09,0.10872264839631773,1.83
2025-01-27 13:09:10,0.10798209757120751,1.8399999999999999
2025-01-27 13:09:11,0.10721527265368458,1.81
2025-01-27 13:09:12,0.10647011012877765,1.77
2025-01-27 13:09:13,0.10591133631141177,1.73
2025-01-27 13:09:14,0.10568635237721284,1.73
2025-01-27 13:09:15,0.10543126167757426,1.73
2025-01-27 13:09:16,0.10506033424090348,1.73
2025-01-27 13:09:17,0.10454862908506894,1.73
2025-01-27 13:09:18,0.10393718862517105,1.73
2025-01-27 13:09:19,0.1034837418905794,1.73
2025-01-27 13:09:20,0.10325705339364077,1.73
2025-01-27 13:09:21,0.10315848331305233,1.73
2025-01-27 13:09:22,0.09889272668201714,1.73
2025-01-27 13:09:23,0.09363123293278426,1.73
2025-01-27 13:09:24,0.09329153248773503,1.73
2025-01-27 13:09:25,0.09257314733578825,1.73
2025-01-27 13:09:26,0.09217357596073257,1.73
2025-01-27 13:09:27,0.10701441527208067,1.73
2025-01-27 13:09:28,0.10574145527244427,1.73
2025-01-27 13:09:29,0.1127240622434497,1.73
2025-01-27 13:09:30,0.11736941693430758,1.73
2025-01-27 13:09:31,0.12194294533771884,1.73
2025-01-27 13:09:32,0.12668977520626715,1.73
2025-01-27 13:09:33,0.13139011212037058,1.73
2025-01-27 13:09:34,0.1505447719123847,1.73
2025-01-27 13:09:35,0.13362763225631236,1.73
2025-01-27 13:09:36,0.14201572060453804,1.73
2025-01-27 14:09:00,0.20073549381853897,0.8200000000000001
2025-01-27 14:09:01,0.20169966587228197,0.79
2025-01-27 14:09:02,0.20479164421154858,0.78
2025-01-27 14:09:03,0.2073526766197773,0.74
2025-01-27 14:09:04,0.20962182047972577,0.72
2025-01-27 14:09:05,0.21049901146156413,0.69
2025-01-27 14:09:06,0.20948554621083101,0.69
2025-01-27 14:09:07,0.20591709385836512,0.7
2025-01-27 14:09:08,0.20834424873395196,0.69
2025-01-27 14:09:09,0.20974809239747025,0.69
2025-01-27 14:09:10,0.22853921931903276,0.6799999999999999
2025-01-27 14:09:11,0.15609648764064485,0.7000000000000001
2025-01-27 14:09:12,0.14693774927844716,0.7000000000000001
2025-01-27 14:09:13,0.1467239139627091,0.71
2025-01-27 14:09:14,0.14650285588101575,0.74
2025-01-27 14:09:15,0.14689106365860485,0.74
2025-01-27 14:09:16,0.14624300472215213,0.74
2025-01-27 14:09:17,0.1457366189526188,0.74
2025-01-27 14:09:18,0.1448543813209137,0.7000000000000001
2025-01-27 14:09:19,0.14517312387646308,0.69
2025-01-27 14:09:20,0.14678277523272495,0.6699999999999999
2025-01-27 14:09:21,0.1463661249404781,0.6699999999999999
2025-01-27 14:09:22,0.14210592329354096,0.64
2025-01-27 14:09:23,0.13625400493092257,0.6599999999999999
2025-01-27 14:09:24,0.12821376758978845,0.6599999999999999
2025-01-27 14:09:25,0.12177529964799794,0.6199999999999999
2025-01-27 14:09:26,0.12045522867489995,0.6199999999999999
2025-01-27 14:09:27,0.12048046649708037,0.6399999999999999
2025-01-27 14:09:28,0.11991994256274108,0.6499999999999999
2025-01-27 14:09:29,0.12005291639613791,0.67
2025-01-27 14:09:30,0.12025556840315883,0.7
2025-01-27 14:09:31,0.1192612018751329,0.7
2025-01-27 14:09:32,0.11799936838205127,0.67
2025-01-27 14:09:33,0.11770663814128612,0.67
2025-01-27 14:09:34,0.11830873922359227,0.6900000000000001
2025-01-27 14:09:35,0.11805652880570354,0.71
2025-01-27 14:09:36,0.11731217310782298,0.75
2025-01-27 14:09:37,0.11745562237893663,0.72
2025-01-27 14:09:38,0.11790134224285002,0.73
2025-01-27 14:09:39,0.11830520268973362,0.71
2025-01-27 14:09:40,0.11787570458943541,0.71
2025-01-27 14:09:41,0.11842721506602845,0.68
2025-01-27 14:09:42,0.11675085035423753,0.6500000000000001
2025-01-27 14:09:43,0.1157632339099443,0.6099999999999999
2025-01-27 14:09:44,0.11619148960109404,0.5900000000000001
2025-01-27 14:09:45,0.11797421759387887,0.5900000000000001
2025-01-27 14:09:46,0.6156431703472226,0.5900000000000001
2025-01-27 14:09:47,0.9004926162253512,0.5800000000000001
2025-01-27 14:09:48,0.9698520370560951,0.5800000000000001
2025-01-27 14:09:49,1.0049497997873245,0.5700000000000001
2025-01-27 14:09:50,0.98086079782653,0.5599999999999999
2025-01-27 14:09:51,0.9745536032273178,0.52
2025-01-27 14:09:52,0.9696619830502033,0.51
2025-01-27 14:09:53,0.9638695199661322,0.4700000000000001
2025-01-27 14:09:54,0.9632252894481083,0.4700000000000001
2025-01-27 14:09:55,0.9991609258971629,0.4800000000000001
2025-01-27 14:09:56,0.9834069192989295,0.45000000000000007
2025-01-27 14:09:57,0.98224641389801,0.43000000000000005
2025-01-27 14:09:58,0.9889006461715946,0.39
2025-01-27 14:09:59,0.9714069631265456,0.36
2025-01-27 14:10:00,0.9536600690448479,0.32999999999999996
2025-01-27 14:10:01,0.9352761746550398,0.3400000000000001
2025-01-27 14:10:02,0.944886185120802,0.3500000000000001
2025-01-27 14:10:03,0.94541354616119,0.3500000000000001
2025-01-27 14:10:04,0.9175278884767671,0.3500000000000001
2025-01-27 14:10:05,0.9163251794393513,0.31999999999999995
2025-01-27 14:10:06,0.4263751965570079,0.28000000000000014
2025-01-27 14:10:07,0.12746260166204104,0.28000000000000014
2025-01-27 14:10:08,0.11379528605162736,0.27
2025-01-27 14:10:09,0.10472075615977768,0.28000000000000014
2025-01-27 14:10:10,0.10792648789232591,0.28000000000000014
2025-01-27 14:10:11,0.10879838897937259,0.28000000000000014
2025-01-27 14:10:12,0.10130372581277314,0.29000000000000004
2025-01-27 14:10:13,0.09673407600173982,0.29000000000000004
2025-01-27 14:10:14,0.09320232371221311,0.28000000000000014
2025-01-27 14:10:15,0.09292126031940591,0.28000000000000014
2025-01-27 14:10:16,0.097366751453138,0.29000000000000004
2025-01-27 14:10:17,0.09538211749242069,0.30000000000000004
2025-01-27 14:10:18,0.09392425790580461,0.33999999999999986
2025-01-27 14:10:19,0.09530082581226489,0.38
2025-01-27 14:10:20,0.09667446120493528,0.39
2025-01-27 14:10:21,0.10163432147476525,0.3999999999999999
2025-01-27 14:10:22,0.10102163112580416,0.41000000000000003
2025-01-27 14:10:23,0.10088143256388345,0.41000000000000003
2025-01-27 14:10:24,0.10132828058046812,0.42000000000000004
2025-01-27 14:10:25,0.09945501310380382,0.41000000000000003
2025-01-27 14:10:26,0.09905036895310844,0.42000000000000004
2025-01-27 14:10:27,0.09909167020726277,0.41000000000000003
2025-01-27 14:10:28,0.0988880370644966,0.45000000000000007
2025-01-27 14:11:11,0.1835429708555183,1.3599999999999999
2025-01-27 14:11:12,0.1858086968277092,1.3599999999999999
2025-01-27 14:11:13,0.1877048258019848,1.3599999999999999
2025-01-27 14:11:14,0.18474753921317996,1.3599999999999999
2025-01-27 14:11:15,0.1836254232185408,1.37
2025-01-27 14:11:16,0.1825483518087697,1.37
2025-01-27 14:11:17,0.18720998033273073,1.37
2025-01-27 14:11:18,0.19260366435718698,1.37
2025-01-27 14:11:19,0.20150772406724235,1.3599999999999999
2025-01-27 14:11:20,0.20935566489096624,1.4
2025-01-27 14:11:21,0.21579032675372378,1.37
2025-01-27 14:11:22,0.22225644994899488,0.4800000000000001
2025-01-27 14:11:23,0.2286419551790876,0.47
2025-01-27 14:11:24,0.2430462577064453,0.44000000000000006
2025-01-27 14:11:25,0.2346155688023721,0.44999999999999996
2025-01-27 14:11:26,0.23107448043238796,0.49
2025-01-27 14:11:27,0.22539357295232199,0.5399999999999999
2025-01-27 14:11:28,0.21986209168928164,0.5399999999999999
2025-01-27 14:11:29,0.22481838108237318,1.3800000000000001
2025-01-27 14:11:30,0.22692448265783005,1.3900000000000001
2025-01-27 14:11:31,0.22654207958058237,1.37
2025-01-27 14:11:32,0.22599251641136306,1.4100000000000001
2025-01-27 14:11:33,0.23033880859630193,1.44
2025-01-27 14:11:34,0.23317783578018592,1.44
2025-01-27 14:11:35,0.23371404462298573,1.44
2025-01-27 14:11:36,0.23494268906304652,1.44
2025-01-27 14:11:37,0.2391835952438647,1.44
2025-01-27 14:11:38,0.24246557709885405,1.44
2025-01-27 14:11:39,0.24616321334431449,1.4
2025-01-27 14:11:40,0.25368844371712046,1.4
2025-01-27 14:11:41,0.26016555862291374,1.37
2025-01-27 14:11:42,0.26776680026640093,1.37
2025-01-27 14:11:43,0.27942864250160077,1.3800000000000001
2025-01-27 14:11:44,0.2824504260002933,1.3599999999999999
2025-01-27 14:11:45,0.4657701910078935,1.3599999999999999
2025-01-27 14:11:46,0.7642420862608068,1.3599999999999999
2025-01-27 14:11:47,0.8210395475718949,1.3599999999999999
2025-01-27 14:11:48,0.8396359654344284,1.35
2025-01-27 14:11:49,0.8241189637386664,1.35
2025-01-27 14:11:50,0.8085326722634596,1.34
2025-01-27 14:11:51,0.812649133398096,1.33
2025-01-27 14:11:52,0.8207484440649276,1.33
2025-01-27 14:11:53,0.8115693443555806,1.28
2025-01-27 14:11:54,0.8159794334221026,1.28
2025-01-27 14:11:55,0.8058438331896024,1.28
2025-01-27 14:11:56,0.8114122747004183,1.28
2025-01-27 14:11:57,0.8302808469771715,1.28
2025-01-27 14:11:58,0.8375480058064652,1.28
2025-01-27 14:11:59,0.8221767127190782,1.28
2025-01-27 14:12:00,0.6114153280965802,1.28
2025-01-27 14:12:01,0.1645005663632976,1.27
2025-01-27 14:12:02,0.1449556997848623,1.27
2025-01-27 14:12:03,0.05213641318315165,1.27
2025-01-27 14:12:04,0.05244433506484395,1.31
2025-01-27 14:12:05,0.05322991914995656,1.32
2025-01-27 14:12:06,0.06001888537290068,1.33
2025-01-27 14:12:07,0.06963864073644747,1.32
2025-01-27 14:12:08,0.0801794592704262,1.31
2025-01-27 14:12:09,0.08592313508792519,1.31
2025-01-27 14:12:10,0.08781312973612672,1.31
2025-01-27 14:12:11,0.08831055415590505,1.29
2025-01-27 14:12:12,0.08811891038524511,1.29
2025-01-27 14:12:13,0.0876716194508494,1.29
2025-01-27 14:12:14,0.08813771839146882,1.3599999999999999
2025-01-27 14:12:15,0.08968016091770463,1.32
2025-01-27 14:12:16,0.08981864858155648,1.29
2025-01-27 14:12:17,0.08971666644105758,1.29
2025-01-27 14:12:18,0.09151486778489633,1.24
2025-01-27 14:12:19,0.09169576440698772,1.24
2025-01-27 14:12:20,0.09139316101918205,1.23
2025-01-27 14:12:21,0.09399659524366877,1.23
2025-01-27 14:12:22,0.09997279141824651,1.19
2025-01-27 14:12:23,0.10846609758326231,0.51
2025-01-27 14:12:24,0.11114960466722328,0.47
2025-01-27 14:12:25,0.1095916629048473,0.42999999999999994
2025-01-27 14:12:26,0.10309594209434358,0.3899999999999999
2025-01-27 14:12:27,0.09640892829923257,0.3699999999999999
2025-01-27 14:12:28,0.09387243722613636,0.3799999999999999
2025-01-27 14:12:29,0.09257088478368287,0.35
2025-01-27 14:12:30,0.09114464832475777,0.33999999999999986
2025-01-27 14:12:31,0.09017864032762575,0.35
2025-01-27 14:12:32,0.08968089586492445,0.35
2025-01-27 14:12:33,0.08813658868062009,0.31999999999999984
2025-01-27 14:12:34,0.08274142639272508,0.32999999999999996
2025-01-27 14:12:35,0.07576621829746284,0.32999999999999996
2025-01-27 14:12:36,0.054540112071177184,0.29000000000000004
2025-01-27 14:12:37,0.051983644275715335,0.30999999999999994
2025-01-27 14:12:38,0.05113823206081832,0.35
2025-01-27 14:12:39,0.050920763494851716,0.33999999999999997
2025-01-27 14:12:40,0.05291598312724247,0.35
2025-01-27 14:12:41,0.04747363813626585,0.3799999999999999
2025-01-27 14:12:42,0.04711948734791586,0.3999999999999999
2025-01-27 14:12:43,0.045952604980064926,0.44000000000000006
2025-01-27 14:12:44,0.04415335294724013,0.41999999999999993
2025-01-27 14:12:45,0.04132346577855076,0.44999999999999996
2025-01-27 14:12:46,0.041456477439121876,0.44999999999999996
2025-01-27 14:12:47,0.04496823094268428,0.44999999999999996
2025-01-27 14:12:48,0.04902182578929019,0.4800000000000001
2025-01-27 14:12:49,0.04945711836504104,0.49
2025-01-27 14:12:50,0.04928036229272011,0.52
2025-01-27 14:12:51,0.22666962062469556,0.52
2025-01-27 14:12:52,0.3907692890373015,0.52
2025-01-27 14:12:53,0.6609656352774865,0.52
2025-01-27 14:12:54,0.4910097126611624,0.52
2025-01-27 14:12:55,0.4921187935140729,0.51
2025-01-27 14:12:56,0.49305904382213245,0.53
2025-01-27 14:12:57,0.4934643877484546,0.53
2025-01-27 14:12:58,0.49352065313670285,1.23
2025-01-27 14:12:59,0.49351638070912,1.27
2025-01-27 14:13:00,0.49345952523303316,1.25
2025-01-27 14:13:01,0.4935345023476005,1.27
2025-01-27 14:13:02,0.493563056826645,1.27
2025-01-27 14:13:03,0.4936326240634828,1.31
2025-01-27 14:13:04,0.4936381523264985,1.34
2025-01-27 14:13:05,0.4926989853551211,1.3900000000000001
2025-01-27 14:13:06,0.4877859000106315,1.43
2025-01-27 14:13:07,0.4863439890961665,1.43
2025-01-27 14:13:08,0.4863072929814439,1.44
2025-01-27 14:13:09,0.4860203251819528,1.46
2025-01-27 14:13:10,0.485701368783294,1.46
2025-01-27 14:13:11,0.48562610360462904,1.46
2025-01-27 14:13:12,0.4860153257176729,1.47
2025-01-27 14:13:13,0.4862403880003985,1.47
2025-01-27 14:13:14,0.48603031055291696,1.47
2025-01-27 14:13:15,0.4861451900743348,1.47
2025-01-27 14:13:16,0.4864177798402685,1.47
2025-01-27 14:13:17,0.4866914846214758,1.48
2025-01-27 14:13:18,0.4870058127633528,1.47
2025-01-27 14:13:19,0.48708464794520506,1.47
2025-01-27 14:13:20,0.48721442313138724,1.44
2025-01-27 14:13:21,0.48690985925484415,1.45
2025-01-27 14:13:22,0.4862450919014205,1.45
2025-01-27 14:13:23,0.48626942177887394,1.45
2025-01-27 14:13:24,0.4863056137508899,1.45
2025-01-27 14:13:25,0.4885806854095754,1.48
2025-01-27 14:13:26,0.4860099228988089,1.49
2025-01-27 14:13:27,0.4834012126967659,1.46
2025-01-27 14:13:28,0.48199242836874107,1.47
2025-01-27 14:13:29,0.4815917769262059,1.45
2025-01-27 14:13:30,0.48176870047458725,1.45
2025-01-27 14:13:31,0.48213086105788916,1.42
2025-01-27 14:13:32,0.4829745667422081,1.47
2025-01-27 14:13:33,0.48274826066186227,1.43
2025-01-27 14:13:34,0.48119297258061583,1.41
2025-01-27 14:13:35,0.47932521006690826,1.42
2025-01-27 14:13:36,0.4753166728559755,1.3900000000000001
2025-01-27 14:13:37,0.4722700565370664,1.4
2025-01-27 14:13:38,0.4722350168676462,1.3900000000000001
2025-01-27 14:13:39,0.5201402059060497,1.3900000000000001
2025-01-27 14:13:40,0.6199826203223378,1.37
2025-01-27 14:13:41,0.7404459455403508,1.33
2025-01-27 14:13:42,0.8257682923813338,1.33
2025-01-27 14:13:43,0.8246186923670754,1.36
2025-01-27 14:13:44,0.8237564474184899,1.38
2025-01-27 14:13:45,0.8171733681368559,1.37
2025-01-27 14:13:46,0.8087414506643338,1.38
2025-01-27 14:13:47,0.7985074304994993,1.38
2025-01-27 14:13:48,0.7918768286295826,1.4
2025-01-27 14:13:49,0.7878070851544253,1.4
2025-01-27 14:13:50,0.7840262246846731,1.44
2025-01-27 14:13:51,0.7814810207488723,1.4
2025-01-27 14:13:52,0.7809799460162727,1.4
2025-01-27 14:13:53,0.7740826158881493,1.44
2025-01-27 14:13:54,0.7790305600135351,1.47
2025-01-27 14:13:55,0.7819969758084735,1.49
2025-01-27 14:13:56,0.7837268773361293,1.49
2025-01-27 14:13:57,0.7843285379550234,1.5300000000000002
2025-01-27 14:13:58,0.7845597695737819,1.52
2025-01-27 14:13:59,0.783962221531322,1.55
2025-01-27 14:14:00,0.7795636296045728,1.52
2025-01-27 14:14:01,0.7720745232319844,1.5499999999999998
2025-01-27 14:14:02,0.762830361985159,1.54
2025-01-27 14:14:03,0.7596727287298469,1.57
2025-01-27 14:14:04,0.760143529306251,1.6
2025-01-27 14:14:05,0.7626714676142825,1.6
2025-01-27 14:14:06,0.7641658061801161,1.6
2025-01-27 14:14:07,0.7665666185382193,1.58
2025-01-27 14:14:08,0.7656603107525255,1.61
2025-01-27 14:14:09,0.7654742089619715,1.62
2025-01-27 14:14:10,0.7646037880491271,1.62
2025-01-27 14:14:11,0.7623626285706555,1.62
2025-01-27 14:14:12,0.7623308959895558,1.62
2025-01-27 14:14:13,0.7622990413493662,1.62
2025-01-27 14:14:14,0.7711392089197572,1.6099999999999999
2025-01-27 14:14:15,0.8017215056363156,1.58
2025-01-27 14:14:16,0.8059404550935995,1.54
2025-01-27 14:14:17,0.8128958203199451,1.5
2025-01-27 14:14:18,0.8565782382953074,1.49
2025-01-27 14:14:19,0.8332446395968832,1.48
2025-01-27 14:14:20,0.8338861431938879,1.49
2025-01-27 14:14:21,0.8341931113598813,1.49
2025-01-27 14:14:22,0.8342562325355006,1.5
2025-01-27 14:14:23,0.8342562325355006,1.48
2025-01-27 14:14:24,0.8337845831135002,1.5299999999999998
2025-01-27 14:14:25,0.8337845831135002,1.54
2025-01-27 14:14:26,0.833310678472345,1.54
2025-01-27 14:14:27,0.8328228287274794,1.54
2025-01-27 14:14:28,0.8322952870383163,1.54
2025-01-27 14:14:29,0.8336836500493945,1.53
2025-01-27 14:14:30,0.8335490459597507,1.53
2025-01-27 14:14:31,1.2198461007721224,1.53
2025-01-27 14:14:32,0.9300020135550856,1.52
2025-01-27 14:14:33,0.8616841871140238,1.55
2025-01-27 14:14:34,0.8242128210992368,1.52
2025-01-27 14:14:35,0.8036012622636125,1.49
2025-01-27 14:14:36,0.7814727185057544,1.49
2025-01-27 14:14:37,0.7681109388995969,1.48
2025-01-27 14:14:38,0.7609245158290653,1.48
2025-01-27 14:14:39,0.7565624763538837,1.47
2025-01-27 14:14:40,0.7555806978587517,1.48
2025-01-27 14:14:41,0.7548196728336075,1.48
2025-01-27 14:14:42,0.7544443110003595,1.47
2025-01-27 14:14:43,0.7551167279301426,1.48
2025-01-27 14:14:44,0.7549964570044677,1.53
2025-01-27 14:14:45,0.7646863317728627,1.57
2025-01-27 14:14:46,0.8556052069833967,1.62
2025-01-27 14:14:47,0.9013413930608088,1.62
2025-01-27 14:14:48,0.9072529113800117,1.63
2025-01-27 14:14:49,0.9149082982754116,1.6400000000000001
2025-01-27 14:14:50,0.9014817500854514,1.67
2025-01-27 14:14:51,0.8856554418470006,1.6400000000000001
2025-01-27 14:14:52,0.8743941114257261,1.6400000000000001
2025-01-27 14:14:53,0.865657778132317,1.62
2025-01-27 14:14:54,0.865531854221317,1.58
2025-01-27 14:14:55,0.8635850561107669,1.58
2025-01-27 14:14:56,0.8644594416552991,1.5899999999999999
2025-01-27 14:14:57,0.8626361194683488,1.6
2025-01-27 14:14:58,0.8609576150575468,1.6
2025-01-27 14:14:59,0.8612089709803209,1.58
2025-01-27 14:15:00,0.8612547835434228,1.55
2025-01-27 14:15:01,0.8655398871605596,1.55
2025-01-27 14:15:02,0.8738928744818967,1.53
2025-01-27 14:15:03,0.8769111534105155,1.53
2025-01-27 14:15:04,0.8789895682425989,1.57
2025-01-27 14:15:05,0.876538979681596,1.57
2025-01-27 14:15:06,0.8686044421403244,1.56
2025-01-27 14:15:07,0.8792205741349856,1.53
2025-01-27 14:15:08,0.8822719017400477,1.53
2025-01-27 14:15:09,0.8826336256238058,1.48
2025-01-27 14:15:10,0.8722385195274409,1.48
2025-01-27 14:15:11,0.8485134317842423,1.48
2025-01-27 14:15:12,0.833914967903115,1.48
2025-01-27 14:15:13,0.8213948053823609,1.48
2025-01-27 14:15:14,0.8408999280533006,1.48
2025-01-27 14:15:15,0.8461146804220988,1.48
2025-01-27 14:15:16,0.8680202424617397,1.48
2025-01-27 14:15:17,0.8852908996613552,1.48
2025-01-27 14:15:18,0.8978530364009462,1.48
2025-01-27 14:15:19,0.9127114308194196,1.48
2025-01-27 14:15:20,0.9290451559875272,1.48
2025-01-27 14:15:21,0.9484010117354625,1.48
2025-01-27 14:15:22,0.9592176541292169,1.48
2025-01-27 14:15:23,0.9687751688405456,1.44
2025-01-27 14:15:24,0.9827986570733769,1.42
2025-01-27 14:15:25,0.9967621697523666,1.42
2025-01-27 14:15:26,0.9850571024275961,1.42
2025-01-27 14:15:27,0.9842057957054559,1.42
2025-01-27 14:15:28,0.9900023535421495,1.42
2025-01-27 14:15:29,0.9965429754638061,1.41
2025-01-27 14:15:30,0.9830301423496861,1.41
2025-01-27 14:15:31,0.9727727399797667,0.6699999999999999
2025-01-27 14:15:32,0.9561389034765041,0.65
2025-01-27 14:15:33,1.0466178765103953,0.61
2025-01-27 14:15:34,1.0572122581483585,0.5899999999999999
2025-01-27 14:15:35,1.0738262507559018,0.5899999999999999
2025-01-27 14:15:36,1.096444438218376,0.58
2025-01-27 14:15:37,1.0918628824696377,0.5699999999999998
2025-01-27 14:15:38,1.0937470867904369,0.5699999999999998
2025-01-27 14:15:39,1.0699913043084506,0.5599999999999999
2025-01-27 14:15:40,1.0646695914628916,0.5599999999999999
2025-01-27 14:15:41,1.061819331241457,0.5599999999999999
2025-01-27 14:15:42,1.0739981118002169,0.5699999999999998
2025-01-27 14:15:43,1.0705554861185032,0.54
2025-01-27 14:15:44,1.0780384000736767,0.52
2025-01-27 14:15:45,1.0773141617510043,0.5
2025-01-27 14:15:46,1.0782634572748437,0.5
2025-01-27 14:15:47,1.0507020464242574,0.42000000000000004
2025-01-27 14:15:48,1.0662268735668388,0.42000000000000004
2025-01-27 14:15:49,1.0585160853952449,0.42000000000000004
2025-01-27 14:15:50,1.057633384218361,0.42000000000000004
2025-01-27 14:15:51,1.0899128303063115,0.42000000000000004
2025-01-27 14:15:52,1.0845814905476139,0.37
2025-01-27 14:15:53,1.083211273283686,0.3700000000000001
2025-01-27 14:15:54,1.0839048531542954,0.3700000000000001
2025-01-27 14:15:55,1.086476421126279,0.3700000000000001
2025-01-27 14:15:56,1.2306454566002805,0.33999999999999997
2025-01-27 14:15:57,1.2306454566002805,0.33999999999999997
2025-01-27 14:15:58,0.9244367625357833,0.33999999999999997
2025-01-27 14:15:59,1.3811012877644788,0.33999999999999997
2025-01-27 14:16:00,1.3887242450634567,0.35
2025-01-27 14:16:01,0.8102649200956726,0.35
2025-01-27 14:16:02,0.4372025844430942,0.37
2025-01-27 14:16:03,0.4327015039056111,0.3999999999999999
2025-01-27 14:16:04,0.4307003712228812,0.39
2025-01-27 14:16:05,0.43738210664099597,0.38
2025-01-27 14:16:06,0.4427991125556286,0.38
2025-01-27 14:16:07,0.44715287321400793,0.3999999999999999
2025-01-27 14:16:08,0.4473772733734047,0.43999999999999995
2025-01-27 14:16:09,0.4490009618686959,0.45999999999999996
2025-01-27 14:16:10,0.4499962393113262,1.33
2025-01-27 14:16:11,0.4499432094028255,1.3699999999999999
2025-01-27 14:16:12,0.4498102045385366,1.41
2025-01-27 14:16:13,0.4497978725546942,1.41
2025-01-27 14:16:14,0.44625990956576506,1.45
2025-01-27 14:16:15,0.45354279870542386,1.45
2025-01-27 14:16:16,0.4633727125420955,1.42
2025-01-27 14:16:17,0.4673061956694638,1.42
2025-01-27 14:16:18,0.4692799923080422,1.43
2025-01-27 14:16:19,0.4694913191367604,1.41
2025-01-27 14:16:20,0.4696894393613505,1.43
2025-01-27 14:16:21,0.47007359257039355,1.46
2025-01-27 14:16:22,0.47229847347267057,1.47
2025-01-27 14:16:23,0.47674942967778583,1.47
2025-01-27 14:16:24,0.4851257547024594,1.46
2025-01-27 14:16:25,0.49715821313938174,1.43
2025-01-27 14:16:26,0.5077498331703324,1.47
2025-01-27 14:16:27,0.5172558309042038,1.48
2025-01-27 14:16:28,0.5131156528453334,1.49
2025-01-27 14:16:29,0.5151225427649676,1.52
2025-01-27 14:16:30,0.5193379886135617,1.5
2025-01-27 14:16:31,0.5202750889886408,1.5
2025-01-27 14:16:32,0.5219630397235089,1.51
2025-01-27 14:16:33,0.527329517793173,1.54
2025-01-27 14:16:34,0.5297068999586019,1.52
2025-01-27 14:16:35,0.5273123614284936,1.53
2025-01-27 14:16:36,0.528542879434811,1.49
2025-01-27 14:16:37,0.529137087003556,1.49
2025-01-27 14:16:38,0.529089318907257,1.49
2025-01-27 14:16:39,0.5292155124957226,1.51
2025-01-27 14:16:40,0.5282145525438864,1.55
2025-01-27 14:16:41,0.5271562671773097,1.52
2025-01-27 14:16:42,0.5263767448967033,1.49
2025-01-27 14:16:43,0.5263559081188686,1.47
2025-01-27 14:16:44,0.5257177905766589,1.46
2025-01-27 14:16:45,0.53026932225734,1.41
2025-01-27 14:16:46,0.5244905530953506,1.41
2025-01-27 14:16:47,0.5286211024033727,1.3900000000000001
2025-01-27 14:16:48,0.5361873977079813,1.37
2025-01-27 14:16:49,0.5465386155600435,0.62
2025-01-27 14:16:50,0.5629604809393064,0.62
2025-01-27 14:16:51,0.5873179340882299,0.58
2025-01-27 14:16:52,0.5846933233727177,0.58
2025-01-27 14:16:53,0.5969753596941909,0.58
2025-01-27 14:16:54,0.6106353617702492,0.58
2025-01-27 14:16:55,0.6183799946166783,0.58
2025-01-27 14:16:56,0.6360795136852592,0.58
2025-01-27 14:16:57,0.6540226954015479,0.58
2025-01-27 14:16:58,0.659547640759737,0.58
2025-01-27 14:16:59,0.6593676048342823,0.5700000000000001
2025-01-27 14:17:00,0.656253717910915,1.33
2025-01-27 14:17:01,0.6555809090700754,1.33
2025-01-27 14:17:02,0.6608496900835289,1.33
2025-01-27 14:17:03,0.6707136754557341,1.33
2025-01-27 14:17:04,0.6806289795228793,1.33
2025-01-27 14:17:05,0.708693670548811,0.54
2025-01-27 14:17:06,0.7381918865646299,0.53
2025-01-27 14:17:07,0.7604524758012238,0.53
2025-01-27 14:17:08,0.776606988557492,0.4899999999999999
2025-01-27 14:17:09,0.7987478863239401,0.53
2025-01-27 14:17:10,0.8168484960720379,0.52
2025-01-27 14:17:11,0.8171527906435007,0.52
2025-01-27 14:17:12,0.810732275141925,0.48
2025-01-27 14:17:13,0.8038211058746713,0.49
2025-01-27 14:17:14,0.7960990390926194,0.48
2025-01-27 14:17:15,0.7871989911421705,0.4899999999999999
2025-01-27 14:17:16,0.787396636622271,0.48
2025-01-27 14:17:17,0.7847900447417073,0.48
2025-01-27 14:17:18,0.7923856779967329,0.48
2025-01-27 14:17:19,0.7941502436461564,0.48
2025-01-27 14:17:20,0.8000137287034104,0.48
2025-01-27 14:17:21,0.8074922251659622,0.48
2025-01-27 14:17:51,0.4556093885980186,0.47
2025-01-27 14:17:52,0.45741452296601226,0.47
2025-01-27 14:17:53,0.4574020418302089,0.5
2025-01-27 14:17:54,0.45827240812125,0.54
2025-01-27 14:17:55,0.4560130989962327,1.28
2025-01-27 14:17:56,0.45216531521397546,0.5700000000000001
2025-01-27 14:17:57,0.4521804026706797,1.32
2025-01-27 14:17:58,0.4534966327812702,1.32
2025-01-27 14:17:59,0.4557909720970774,1.31
2025-01-27 14:18:00,0.4580516478652485,1.33
2025-01-27 14:18:01,0.45939428016632117,1.35
2025-01-27 14:18:02,0.461220574240876,1.32
2025-01-27 14:18:03,0.4621571803119113,1.37
2025-01-27 14:18:04,0.4614149571470089,1.38
2025-01-27 14:18:05,0.4608045406467638,1.42
2025-01-27 14:18:06,0.45997990223290763,1.43
2025-01-27 14:18:07,0.24927275000689697,1.46
2025-01-27 14:18:08,0.22874709636065052,1.43
2025-01-27 14:18:09,0.22868331223267427,1.42
2025-01-27 14:18:10,0.22990041495194738,1.4
2025-01-27 14:18:11,0.23020517629890325,1.43
2025-01-27 14:18:12,0.22988783291164103,1.45
2025-01-27 14:18:13,0.2288182351509945,1.48
2025-01-27 14:18:14,0.22962444601911303,1.5100000000000002
2025-01-27 14:18:15,0.23201185823822312,1.49
2025-01-27 14:18:16,0.23408986648678778,1.49
2025-01-27 14:18:17,0.23540900177529345,1.48
2025-01-27 14:18:18,0.23641596635736528,1.48
2025-01-27 14:18:19,0.23654433782622641,1.45
2025-01-27 14:18:20,0.23652110469220564,1.42
2025-01-27 14:18:21,0.23754655438743658,1.41
2025-01-27 14:18:22,0.23828775588902454,1.36
2025-01-27 14:18:23,0.2384230713986096,1.3900000000000001
2025-01-27 14:18:24,0.23759447010776139,1.37
2025-01-27 14:18:25,0.23749258060163614,1.36
2025-01-27 14:18:26,0.2375830245748558,1.38
2025-01-27 14:18:27,0.2350596001303981,1.37
2025-01-27 14:18:28,0.23540396536657746,1.33
2025-01-27 14:18:29,0.23562797421643156,1.3599999999999999
2025-01-27 14:18:30,0.23452218815134485,1.3599999999999999
2025-01-27 14:18:31,0.22755159503108655,1.3599999999999999
2025-01-27 14:18:32,0.21486063485222515,1.3599999999999999
2025-01-27 14:18:33,0.20960219999406382,1.3599999999999999
2025-01-27 14:18:34,0.2030788364321925,1.3599999999999999
2025-01-27 14:18:35,0.20246587638386204,1.3599999999999999
2025-01-27 14:18:36,0.1969498823886906,1.3599999999999999
2025-01-27 14:18:37,0.18663444625984274,1.3599999999999999
2025-01-27 14:18:38,0.18078269236125064,1.3199999999999998
2025-01-27 14:18:39,0.1752469348264539,1.3199999999999998
2025-01-27 14:18:40,0.16766316303812592,1.3199999999999998
2025-01-27 14:18:41,0.1607931169020711,1.3199999999999998
2025-01-27 14:18:42,0.15428294442482837,1.3199999999999998
2025-01-27 14:18:43,0.14954310048315186,1.3199999999999998
2025-01-28 10:45:39,0.44411835198431343,1.3599999999999999
2025-01-28 10:45:40,0.4412366051225833,1.3599999999999999
2025-01-28 10:45:41,0.4400763358696511,1.3599999999999999
2025-01-28 10:45:42,0.4388702010835474,1.3599999999999999
2025-01-28 10:45:43,0.437532020938622,1.31
2025-01-28 10:45:44,0.4334268256158104,1.31
2025-01-28 10:45:45,0.4336260942208689,1.31
2025-01-28 10:45:46,0.435987812027619,1.31
2025-01-28 10:45:47,0.4383754558214326,1.31
2025-01-28 10:45:48,0.4379922611561458,1.31
2025-01-28 10:45:49,0.43800218123828544,1.31
2025-01-28 10:45:50,0.43715326433074325,1.31
2025-01-28 10:45:51,0.44068042396407964,1.29
2025-01-28 10:45:52,0.4409515166234244,1.28
2025-01-28 10:45:53,0.4384870877529046,1.28
2025-01-28 10:45:54,0.4430164124912652,1.28
2025-01-28 10:45:55,0.4481025402793512,1.31
2025-01-28 10:45:56,0.4458438613964996,1.3
2025-01-28 10:45:57,0.44367343606146353,1.3
2025-01-28 10:45:58,0.43174354768959206,1.27
2025-01-28 10:45:59,0.4058192010197302,1.31
2025-01-28 10:46:00,0.40612814242071993,1.3499999999999999
2025-01-28 10:46:01,0.4061369778169965,1.39
2025-01-28 10:46:02,0.40615098027197716,1.4
2025-01-28 10:46:03,0.4061649521156103,1.4
2025-01-28 10:46:04,0.4061788933490929,1.4
2025-01-28 10:46:05,0.40619280397361734,1.45
2025-01-28 10:46:06,0.4062066839903739,1.49
2025-01-28 10:46:07,0.4062205334005511,1.5
2025-01-28 10:46:08,0.40623435220533405,1.52
2025-01-28 10:46:09,0.3721717568685891,1.5
2025-01-28 10:46:10,0.32951077749334257,1.49
2025-01-28 10:46:11,0.32964137608909255,1.49
2025-01-28 10:46:12,0.43976114798505844,1.48
2025-01-28 10:46:13,0.24056372239163024,1.49
2025-01-28 10:46:14,0.2107824276469339,1.49
2025-01-28 10:46:15,0.21353000884211046,1.5
2025-01-28 10:46:16,0.2162552936826483,1.5
2025-01-28 10:46:17,0.21893515998532317,1.5300000000000002
2025-01-28 10:46:18,0.2215564181944417,1.5699999999999998
2025-01-28 10:46:19,0.21203508564623474,1.62
2025-01-28 10:46:20,0.23051008954194194,1.62
2025-01-28 10:46:21,0.20326440463648807,1.63
2025-01-28 10:46:22,0.1749909381356526,1.6400000000000001
2025-01-28 10:46:23,0.2169819780845986,1.62
2025-01-28 10:46:24,0.22124060105306187,1.63
2025-01-28 10:46:25,0.23675241283147916,1.6099999999999999
2025-01-28 10:46:26,0.24723835653343507,1.63
2025-01-28 10:46:27,0.2574662013718707,1.62
2025-01-28 10:46:28,0.2674695213229083,1.65
2025-01-28 10:46:29,0.26730249887169427,1.65
2025-01-28 10:46:30,0.28103976221547144,1.6400000000000001
2025-01-28 10:46:31,0.2917618807747632,1.65
2025-01-28 10:46:32,0.29659694471434933,1.65
2025-01-28 10:46:33,0.3008421791155942,1.65
2025-01-28 10:46:34,0.3045052803794726,1.7
2025-01-28 10:46:35,0.2866415449080866,1.7
2025-01-28 10:46:36,0.33921838751293815,1.71
2025-01-28 10:46:37,0.39000230695992216,1.72
2025-01-28 10:46:38,0.39432991617128144,1.73
2025-01-28 10:46:39,0.39815625902567975,1.7600000000000002
2025-01-28 10:46:40,0.4019158168670461,1.77
2025-01-28 10:46:41,0.4071967472797146,1.7800000000000002
2025-01-28 10:46:42,0.3644190262862885,1.79
2025-01-28 10:46:43,0.32347501095904585,1.79
2025-01-28 10:46:44,0.32299794281899635,1.8
2025-01-28 10:46:45,0.3266219492810105,1.8
2025-01-28 10:46:46,0.3200234536913162,1.8
2025-01-28 10:46:47,0.3195328406091993,1.8
2025-01-28 10:46:48,0.3188946060817644,1.77
2025-01-28 10:46:49,0.31889637934320136,1.7599999999999998
2025-01-28 10:46:50,0.32160368189799726,1.7599999999999998
2025-01-28 10:46:51,0.3204985573039713,1.79
2025-01-28 10:46:52,0.31871791758034645,1.7799999999999998
2025-01-28 10:46:53,0.31669889008391117,1.8199999999999998
2025-01-28 10:46:54,0.3144400056812267,1.8600000000000003
2025-01-28 10:46:55,0.3315748781196291,1.9000000000000004
2025-01-28 10:46:56,0.3226852852836313,1.9100000000000001
2025-01-28 10:46:57,0.31364060857845394,1.96
2025-01-28 10:46:58,0.306001984960254,1.97
2025-01-28 10:46:59,0.29957727335806145,1.96
2025-01-28 10:47:00,0.3226805479568866,1.98
2025-01-28 10:47:01,0.32361275028923514,1.97
2025-01-28 10:47:02,0.3242744153480195,1.98
2025-01-28 10:47:03,0.318598157634153,1.9899999999999998
2025-01-28 10:47:04,0.3111657187600974,1.9899999999999998
2025-01-28 10:47:05,0.303473552427408,1.9899999999999998
2025-01-28 10:47:06,0.29709893454818176,1.98
2025-01-28 10:47:07,0.4091943927449657,1.9300000000000002
2025-01-28 10:47:08,0.6717214788103805,1.8900000000000001
2025-01-28 10:47:09,0.9417446637402532,1.8900000000000001
2025-01-28 10:47:10,0.7111144837639642,1.8800000000000001
2025-01-28 10:47:11,0.707081689107512,1.8800000000000001
2025-01-28 10:47:12,0.7033354377340452,1.84
2025-01-28 10:47:13,0.6993603628376267,1.83
2025-01-28 10:47:14,0.6951544619330091,1.8199999999999998
2025-01-28 10:48:34,0.8415028648362295,0.55
2025-01-28 10:48:35,0.8448170257685886,0.53
2025-01-28 10:48:36,0.848037343877083,0.5599999999999999
2025-01-28 10:48:37,0.8511536692078993,0.54
2025-01-28 10:48:38,0.8542045334398907,0.51
2025-01-28 10:48:39,0.8546595351388371,0.4800000000000001
2025-01-28 10:48:40,0.8551039294012689,0.4800000000000001
2025-01-28 10:48:41,0.8579185452248691,0.43000000000000005
2025-01-28 10:48:42,0.8605033487602197,0.42000000000000004
2025-01-28 10:48:43,0.8630216362038894,0.42000000000000004
2025-01-28 10:48:44,0.8654930459421871,0.37
2025-01-28 10:48:45,0.8678802709875226,0.37
2025-01-28 10:48:46,1.260104931592491,0.32999999999999996
2025-01-28 10:48:47,0.958489720347762,0.31999999999999984
2025-01-28 10:48:48,0.6261369842511035,0.30999999999999994
2025-01-28 10:48:49,0.620492084910479,0.27
2025-01-28 10:48:50,0.6047193213250716,0.24
2025-01-28 10:48:51,0.5897628097047055,0.22999999999999998
2025-01-28 10:48:52,0.5742580427755472,0.18999999999999984
2025-01-28 10:48:53,0.5581842694307193,0.18999999999999984
2025-01-28 10:48:54,0.541518863403971,0.17999999999999983
2025-01-28 10:48:55,0.525508860841259,0.18999999999999995
2025-01-28 10:48:56,0.35853448070740884,0.18999999999999995
2025-01-28 10:48:57,0.4895050601368274,0.19999999999999996
2025-01-28 10:48:58,0.592280582108461,0.24
2025-01-28 10:48:59,0.5558527993296954,0.24
2025-01-28 10:49:00,0.5511232733762613,0.22999999999999998
2025-01-28 10:49:01,0.5539633977487344,0.22000000000000008
2025-01-28 10:49:02,0.5547938939218257,0.22999999999999998
2025-01-28 10:49:03,0.5538359401061648,0.24
2025-01-28 10:49:04,0.5572143802329693,0.25
2025-01-28 10:49:05,0.5604097218335387,0.22999999999999998
2025-01-28 10:49:06,0.5684195650069293,0.26
2025-01-28 10:49:07,0.5581130203106256,0.26
2025-01-28 10:49:08,0.5475009332920636,0.22999999999999998
2025-01-28 10:49:09,0.5365752345859406,0.21999999999999997
2025-01-28 10:49:10,0.5179376437491023,0.20999999999999996
2025-01-28 10:49:11,0.48709441628627753,0.22999999999999998
2025-01-28 10:49:12,0.47527344321034465,0.22000000000000008
2025-01-28 10:49:13,0.4774131099590903,0.22000000000000008
2025-01-28 10:49:14,0.5911746172505569,0.22999999999999998
2025-01-28 10:49:15,0.5959658787443183,0.27
2025-01-28 10:49:16,0.587569235695426,0.2799999999999999
2025-01-28 10:49:17,0.5733983754232571,0.2699999999999999
2025-01-28 10:49:18,0.5724445619856208,0.24
2025-01-28 10:49:19,0.5712875006831588,0.22999999999999998
2025-01-28 10:49:20,0.5714111177663915,0.21999999999999997
2025-01-28 10:49:21,0.577343887918227,0.22999999999999998
2025-01-28 10:49:22,0.5830332763315343,0.24
2025-01-28 10:49:23,0.5834030803797012,0.22999999999999998
2025-01-28 10:49:24,0.537449891171116,0.2599999999999999
2025-01-28 10:49:25,0.5693796545380829,0.2599999999999999
2025-01-28 10:49:26,0.5687355043871972,0.2599999999999999
2025-01-28 10:49:27,0.5546627669810631,0.2599999999999999
2025-01-28 10:49:28,0.5545061465871067,0.21999999999999997
2025-01-28 10:49:29,0.5536285753712873,0.20999999999999996
2025-01-28 10:49:30,0.5276863006640505,0.20999999999999996
2025-01-28 10:49:31,0.5650683074301764,0.21999999999999997
2025-01-28 10:49:32,0.5297781535997586,0.20999999999999996
2025-01-28 10:49:33,0.5387525236381062,0.21999999999999997
2025-01-28 10:49:34,0.5437988872829408,0.19999999999999996
2025-01-28 10:49:35,0.5384505334018946,0.20999999999999996
2025-01-28 10:49:36,0.5354786093637509,0.18000000000000005
2025-01-28 10:49:37,0.5354786093637509,0.18999999999999995
2025-01-28 10:49:38,0.5324378822377559,0.18999999999999995
2025-01-28 10:49:39,0.5804311832527306,0.18999999999999995
2025-01-28 10:49:40,0.6024475163449847,0.18999999999999995
2025-01-28 10:49:41,0.589694297914989,0.18999999999999995
2025-01-28 10:49:42,0.5933517633020687,0.22999999999999998
2025-01-28 10:49:43,0.5970666003000381,0.22999999999999998
2025-01-28 10:49:44,0.6096157652309512,0.22999999999999998
2025-01-28 10:49:45,0.5921552275521064,0.22999999999999998
2025-01-28 10:49:46,0.5740942180060565,0.22999999999999998
2025-01-28 10:49:47,0.5602959413142838,0.25
2025-01-28 10:49:48,0.5456071361486295,0.25
2025-01-28 10:49:49,0.5353037889595975,0.25
2025-01-28 10:49:50,0.5368860272186434,0.25
2025-01-28 10:49:51,0.5395510567088319,0.20999999999999996
2025-01-28 10:49:52,0.5369742662147322,0.20999999999999996
2025-01-28 10:49:53,0.5390287398474832,0.22000000000000008
2025-01-28 10:49:54,0.5389979707717969,0.21999999999999997
2025-01-28 10:49:55,0.5417255736682752,0.24
2025-01-28 10:49:56,0.5390237383381323,0.25
2025-01-28 10:49:57,0.5362566997267727,0.25
2025-01-28 10:49:58,0.53342400694459,0.24
2025-01-28 10:49:59,0.5305251940892802,0.25
2025-01-28 10:50:00,0.5275597798111606,0.22999999999999998
2025-01-28 10:50:01,0.524527266857486,0.22999999999999998
2025-01-28 10:50:02,0.5213036263516231,0.22999999999999998
2025-01-28 10:50:03,0.5178658169167631,0.21999999999999997
2025-01-28 10:50:04,0.514352542629028,0.20999999999999996
2025-01-28 10:50:05,0.5421677692471897,0.19999999999999996
2025-01-28 10:50:06,0.5704336277938645,0.19999999999999996
2025-01-28 10:50:07,0.5670977076735184,0.20999999999999996
2025-01-28 10:50:08,0.5636902541399175,0.21999999999999997
2025-01-28 10:50:09,0.5602106713582568,0.20999999999999996
2025-01-28 10:50:10,0.6216194355500173,0.20999999999999996
2025-01-28 10:50:11,0.6860930917916693,0.19999999999999996
2025-01-28 10:50:12,0.6830297605355448,0.18999999999999995
2025-01-28 10:50:13,0.6797360373533513,0.20999999999999996
2025-01-28 10:50:14,0.6760782330359225,0.20000000000000007
2025-01-28 10:50:15,0.6720596920025326,0.18999999999999995
2025-01-28 10:50:16,0.6679502148314574,0.18999999999999995
2025-01-28 10:50:17,0.663806273317194,0.18999999999999995
2025-01-28 10:50:18,0.6595045839183394,0.18999999999999995
2025-01-28 10:50:19,0.663365773722871,0.18999999999999995
2025-01-28 10:50:20,0.6677152944026714,0.18000000000000005
2025-01-28 10:50:21,0.6632277806045194,0.18000000000000005
2025-01-28 10:50:22,0.6591051777660204,0.1499999999999999
2025-01-28 10:50:23,0.6548636495722723,0.10000000000000009
2025-01-28 10:50:24,0.6504130509651679,0.1100000000000001
2025-01-28 10:50:25,0.6458782958280245,0.1100000000000001
2025-01-28 10:50:26,0.6411391065285432,0.1100000000000001
2025-01-28 10:50:27,0.6361746882359335,0.08999999999999997
2025-01-28 10:50:28,0.6391866349700845,0.08999999999999997
2025-01-28 10:50:29,0.6422937502858814,0.08999999999999997
2025-01-28 10:50:30,2.0,0.08999999999999997
2025-01-28 10:50:31,0.003408985558072638,0.09999999999999998
2025-01-28 10:50:32,0.00386306361267715,0.09999999999999998
2025-01-28 10:50:33,0.004312960978569998,0.09999999999999998
2025-01-28 10:50:34,0.0047586204105158165,0.09999999999999998
2025-01-28 10:50:35,0.00520000812403983,0.08999999999999997
2025-01-28 10:50:36,0.007276256507004438,0.08999999999999997
2025-01-28 10:50:37,0.0035538731514336654,0.08999999999999997
2025-01-28 10:50:38,0.008563921115199177,0.08000000000000007
2025-01-28 10:50:39,0.008438403144320391,0.06999999999999984
2025-01-28 10:50:40,0.008009238106501707,0.04999999999999993
2025-01-28 10:50:41,0.007653205476803038,0.040000000000000036
2025-01-28 10:50:42,0.021782791102221328,0.040000000000000036
2025-01-28 10:50:43,0.02994552529724744,0.040000000000000036
2025-01-28 10:50:44,0.021873305678798822,0.019999999999999907
2025-01-28 10:50:45,0.021503103380402067,0.040000000000000036
2025-01-28 10:50:46,0.02183568095106425,0.04999999999999993
2025-01-28 10:50:47,0.022272446568826283,0.040000000000000036
2025-01-28 10:50:48,0.022704469179147146,0.030000000000000027
2025-01-28 10:50:49,0.02313175754510377,0.030000000000000027
2025-01-28 10:50:50,0.02379196563038599,0.020000000000000018
2025-01-28 10:50:51,0.0248024631453078,0.01000000000000012
2025-01-28 10:50:52,0.02279713253977474,0.0
2025-01-28 10:50:53,0.01925083546199957,0.0
2025-01-28 10:50:54,0.0192908735400259,0.0
2025-01-28 10:50:55,0.019364689861375666,0.0
2025-01-28 10:50:56,0.020048224907591134,0.0
2025-01-28 10:50:57,0.020721428769559253,0.0
2025-01-28 10:50:58,0.021127416349350447,0.0
2025-01-28 10:50:59,0.01923523779554115,0.0
2025-01-28 10:51:00,0.024925697154040954,0.0
2025-01-28 10:51:01,0.030382728319696017,0.0
2025-01-28 10:51:02,0.031090278384161635,0.0
2025-01-28 10:51:03,0.030837645544144515,0.0
2025-01-28 10:51:04,0.03153955737023958,0.0
2025-01-28 10:51:05,0.030519878286003294,0.0
2025-01-28 10:51:06,0.03055575362610326,0.0
2025-01-28 10:51:07,0.03089337699512355,0.0
2025-01-28 10:51:08,0.030058599886556348,0.0
2025-01-28 10:51:09,0.029007968791034216,0.0
2025-01-28 10:51:10,0.03016656487545018,0.0
2025-01-28 10:51:11,0.029406724777042943,0.0
2025-01-28 10:51:12,0.030125881602378463,0.0
2025-01-28 10:51:13,0.02972339580171542,0.0
2025-01-28 10:51:14,0.02930180858527513,0.0
2025-01-28 10:51:15,0.029240859673999253,0.0
2025-01-28 10:51:16,0.029315388193177434,0.0
2025-01-28 10:51:17,0.029402115294651903,0.0
2025-01-28 10:51:18,0.030557907065249672,0.0
2025-01-28 10:51:19,0.027089219195530756,0.0
2025-01-28 10:51:20,0.028292158472540112,0.0
2025-01-28 10:51:21,0.02742455734368236,0.0
2025-01-28 10:51:22,0.026587137548276314,0.0
2025-01-28 10:51:23,0.02601950625238884,0.0
2025-01-28 10:51:24,0.025849141909461377,0.0
2025-01-28 10:51:25,0.02567229143284333,0.0
2025-01-28 10:51:26,0.025083365706832488,0.0
2025-01-28 10:51:27,0.024492817688499535,0.0
2025-01-28 10:51:28,0.023444205239934252,0.0
2025-01-28 10:51:29,0.024439755714058393,0.0
2025-01-28 10:51:30,0.02538055864444866,0.0
2025-01-28 10:51:31,0.02572072300957447,0.0
2025-01-28 10:51:32,0.02575201048486238,0.0
2025-01-28 10:51:33,0.02575748605352664,0.0
2025-01-28 10:51:34,0.0253309993015652,0.0
2025-01-28 10:51:35,0.02502210107462736,0.0
2025-01-28 10:51:36,0.024719984865679685,0.0
2025-01-28 10:51:37,0.024430144196632437,0.0
2025-01-28 10:51:38,0.024137654093250305,0.0
2025-01-28 10:51:39,0.023842511209131462,0.0
2025-01-28 10:51:40,0.023544712162920128,0.0
2025-01-28 10:51:41,0.02324425353821254,0.0
2025-01-28 10:51:42,0.022941131883471133,0.0
2025-01-28 10:51:43,0.02263534371194768,0.0
2025-01-28 10:51:44,0.022326885501620392,0.0
2025-01-28 10:51:45,0.02201575369514182,0.0
2025-01-28 10:51:46,0.02257432898286993,0.0
2025-01-28 10:51:47,0.016401694442232422,0.0
2025-01-28 10:51:48,0.016354995500345765,0.0
2025-01-28 10:51:49,0.016308266878752864,0.0
2025-01-28 10:51:50,0.016261508571365695,0.0
2025-01-28 10:51:51,0.01621472057209017,0.0
2025-01-28 10:51:52,0.016167902874826872,0.0
2025-01-28 10:51:53,0.016121055473471646,0.009999999999999898
2025-01-28 10:51:54,0.01427824401714354,0.009999999999999898
2025-01-28 10:51:55,0.02027006667254912,0.009999999999999898
2025-01-28 10:51:56,0.026055531403376204,0.009999999999999898
2025-01-28 10:51:57,0.03160662295210074,0.009999999999999898
2025-01-28 10:51:58,0.036917193501672475,0.009999999999999898
2025-01-28 10:51:59,0.04198750239511462,0.009999999999999898
2025-01-28 10:52:00,0.04466091220347623,0.009999999999999898
2025-01-28 10:52:01,0.0418499897090198,0.019999999999999907
2025-01-28 10:52:02,0.042650462246675826,0.009999999999999898
2025-01-28 10:52:03,0.04344711348187369,0.0
2025-01-28 10:52:04,0.042593115740155486,0.009999999999999898
2025-01-28 10:52:05,0.041785105294801284,0.0
2025-01-28 10:52:06,0.042040011064299776,0.019999999999999907
2025-01-28 10:52:07,0.042863304456490926,0.029999999999999805
2025-01-28 10:52:08,0.043670623551445985,0.029999999999999805
2025-01-28 10:52:09,0.6317333026658382,0.029999999999999805
2025-01-28 10:52:10,0.42382782953661646,0.06999999999999984
2025-01-28 10:52:11,0.42397454972699605,0.09999999999999998
2025-01-28 10:52:12,0.4095739759605361,0.08999999999999997
2025-01-28 10:52:13,0.39518576944246986,0.09999999999999998
2025-01-28 10:52:14,0.39538922440663865,0.10999999999999988
2025-01-28 10:52:15,0.3955925883598425,0.11999999999999988
2025-01-28 10:52:16,0.38448755930293554,0.13
2025-01-28 10:52:17,0.37340285802846607,0.10999999999999988
2025-01-28 10:52:18,0.37370491134749306,0.10999999999999988
2025-01-28 10:52:19,0.3724769080627013,0.1200000000000001
2025-01-28 10:52:20,0.37042097932028534,0.10999999999999988
2025-01-28 10:52:21,0.46310556554789734,0.1200000000000001
2025-01-28 10:52:22,0.3491459243904143,0.1200000000000001
2025-01-28 10:52:23,0.40912732582406913,0.1200000000000001
2025-01-28 10:52:24,0.4051105794967042,0.09999999999999998
2025-01-28 10:52:25,0.40079636339386776,0.09999999999999998
2025-01-28 10:52:26,0.39627494637123695,0.11999999999999988
2025-01-28 10:52:27,0.38709044036189794,0.17000000000000004
2025-01-28 10:52:28,0.3877945361695622,0.18999999999999995
2025-01-28 10:52:29,0.3857045599088324,0.21999999999999997
2025-01-28 10:52:30,0.38259670859844785,0.22999999999999998
2025-01-28 10:52:31,0.43080223909647747,0.27
2025-01-28 10:52:32,0.4847818677808167,0.2799999999999999
2025-01-28 10:52:33,0.47911975090196934,0.31999999999999995
2025-01-28 10:52:34,0.47334612177393537,0.3699999999999999
2025-01-28 10:52:35,0.4674592786769966,0.3799999999999999
2025-01-28 10:52:36,0.46145745074373695,0.42000000000000004
2025-01-28 10:52:37,0.4553387943569078,0.44999999999999996
2025-01-28 10:52:38,0.49899315143971706,0.4899999999999999
2025-01-28 10:52:39,0.4757403429746609,0.51
2025-01-28 10:52:40,0.44789432833798193,0.51
2025-01-28 10:52:41,0.45292562592616425,0.54
2025-01-28 10:52:42,0.4573902905729524,0.54
2025-01-28 10:52:43,0.4675404492712561,0.5199999999999999
2025-01-28 10:52:44,0.4713845971103683,0.51
2025-01-28 10:52:45,0.47477406978591113,0.5199999999999999
2025-01-28 10:52:46,0.4758282972463572,0.5199999999999999
2025-01-28 10:52:47,0.4830934422759993,0.5
2025-01-28 10:52:48,0.4966488329049283,0.5499999999999998
2025-01-28 10:52:49,0.4974672332280652,0.55
2025-01-28 10:52:50,0.5106510074518117,0.5599999999999999
2025-01-28 10:52:51,0.5116804757006763,0.5700000000000001
2025-01-28 10:52:52,0.5126749168456414,0.5700000000000001
2025-01-28 10:52:53,0.5164055741375919,0.5700000000000001
2025-01-28 10:52:54,0.5199684414697171,0.5800000000000001
2025-01-28 10:52:55,0.5234180270569614,0.5900000000000001
2025-01-28 10:52:56,0.5267508725364554,0.5699999999999998
2025-01-28 10:52:57,0.5446447623473357,0.5699999999999998
2025-01-28 10:52:58,0.6269023479896432,0.5599999999999999
2025-01-28 10:52:59,0.6248034761399,0.5699999999999998
2025-01-28 10:53:00,0.6368658800305944,0.5699999999999998
2025-01-28 10:53:01,0.643020442326081,0.5599999999999999
2025-01-28 10:53:02,0.6461387240248867,0.5900000000000001
2025-01-28 10:53:03,0.6461431955708856,0.5900000000000001
2025-01-28 10:53:04,0.6461893267380239,0.5900000000000001
2025-01-28 10:53:05,0.6463213148092913,0.5900000000000001
2025-01-28 10:53:06,0.6445004362771259,0.5900000000000001
2025-01-28 10:53:07,0.6601052165045402,0.5900000000000001
2025-01-28 10:53:08,0.6492853267900275,0.5900000000000001
2025-01-28 10:53:09,0.6378318360143976,0.5399999999999999
2025-01-28 10:53:10,0.6315107082286735,0.49
2025-01-28 10:53:11,0.6267910760762128,0.49
2025-01-28 10:53:12,0.6218630992174795,0.5
2025-01-28 10:53:13,0.6238254994442616,0.51
2025-01-28 10:53:14,0.6241061077452632,0.4800000000000001
2025-01-28 10:53:15,0.624459294073804,0.4800000000000001
2025-01-28 10:53:16,0.6248247626503011,0.44000000000000006
2025-01-28 10:53:17,0.625171257520125,0.44000000000000006
2025-01-28 10:53:18,0.625498793945864,0.44000000000000006
2025-01-28 10:53:19,0.6258073863399694,0.42000000000000004
2025-01-28 10:53:20,0.6260970482679437,0.41000000000000003
2025-01-28 10:53:21,0.6263677924513398,0.3799999999999999
2025-01-28 10:53:22,0.6266196307705654,0.3799999999999999
2025-01-28 10:53:23,0.6268525742675007,0.33999999999999997
2025-01-28 10:53:24,0.6270666331479285,0.35
2025-01-28 10:53:25,0.8086981497594771,0.35
2025-01-28 10:53:26,1.1032193657525917,0.35
2025-01-28 10:53:27,1.1033491006131149,0.29999999999999993
2025-01-28 10:53:28,1.1034784713462942,0.29999999999999993
2025-01-28 10:53:29,1.1036074780319594,0.29999999999999993
2025-01-28 10:53:30,1.1037361207496976,0.29999999999999993
2025-01-28 10:53:31,1.1038643995788402,0.28
2025-01-28 10:53:32,1.103992314598475,0.28
2025-01-28 10:53:33,1.3685328993218366,0.28
2025-01-28 10:53:34,1.2236802494792431,0.29000000000000004
2025-01-28 10:53:35,1.0635713721598232,0.29999999999999993
2025-01-28 10:53:36,0.883943490503787,0.29000000000000004
2025-01-28 10:53:37,0.6785463116178034,0.29000000000000004
2025-01-28 10:53:38,0.4418358433275477,0.29000000000000004
2025-01-28 10:53:39,0.1838560860699657,0.29000000000000004
2025-01-28 10:53:40,0.20528989895431726,0.27
2025-01-28 10:53:41,0.19835370179709688,0.27
2025-01-28 10:53:42,0.1981431227796754,0.24
2025-01-28 10:53:43,0.2351443127457009,0.24
2025-01-28 10:53:44,0.23894004367717514,0.24
2025-01-28 10:53:45,0.24772757912666243,0.22999999999999998
2025-01-28 10:53:46,0.24718710898669607,0.20000000000000007
2025-01-28 10:53:47,0.21697548591899615,0.20000000000000007
2025-01-28 10:53:48,0.4007078289202732,0.15999999999999992
2025-01-28 10:53:49,0.3055056296691922,0.11999999999999988
2025-01-28 10:53:50,0.30163359981957144,0.13
2025-01-28 10:53:51,0.3535524672536736,0.14
2025-01-28 10:53:52,0.417211734769003,0.16999999999999993
2025-01-28 10:53:53,0.4010325497457181,0.20999999999999996
2025-01-28 10:53:54,0.4015588683741898,0.22999999999999998
2025-01-28 10:53:55,0.4655991407689979,0.27
2025-01-28 10:53:56,0.5377235201119309,0.25
2025-01-28 10:53:57,0.5377891319946119,0.21999999999999997
2025-01-28 10:53:58,0.544593834865761,0.21999999999999997
2025-01-28 10:53:59,0.5492465673420472,0.21999999999999997
2025-01-28 10:54:00,0.5539705330517236,0.22999999999999998
2025-01-28 10:54:01,0.5584590183993017,0.20999999999999996
2025-01-28 10:54:02,0.5171302508776973,0.21999999999999997
2025-01-28 10:54:03,0.8137241359411727,0.21999999999999997
2025-01-28 10:54:04,0.6035314175714972,0.2400000000000001
2025-01-28 10:54:05,0.5979356535912105,0.25
2025-01-28 10:54:06,0.6199099614643097,0.2600000000000001
2025-01-28 10:54:07,0.6181287090454628,0.27
2025-01-28 10:54:08,0.6126689341454302,0.28
2025-01-28 10:54:09,0.6513021682856248,0.31000000000000005
2025-01-28 10:54:10,0.6513021682856248,0.31000000000000005
2025-01-28 10:54:11,0.6902583417498187,0.31000000000000005
2025-01-28 10:54:12,0.6762220013001613,0.30000000000000004
2025-01-28 10:54:13,0.6752679848028634,0.31999999999999995
2025-01-28 10:54:14,0.6752679848028634,0.31999999999999995
2025-01-28 10:54:16,0.6714037673665944,0.37
2025-01-28 10:54:17,0.673872134180777,0.3799999999999999
2025-01-28 10:54:18,0.6869505683217385,0.3799999999999999
2025-01-28 10:54:19,0.6863637594764255,0.35
2025-01-28 10:54:20,0.6898275719430451,0.3700000000000001
2025-01-28 10:54:21,0.6932227979998024,0.37
2025-01-28 10:54:22,0.6927925101983773,0.37
2025-01-28 10:54:23,0.6268368031863766,0.33000000000000007
2025-01-28 10:54:24,0.6628902892082302,0.33000000000000007
2025-01-28 10:54:25,0.6968109051316587,0.31999999999999995
2025-01-28 10:54:26,0.6997272772596576,0.2899999999999999
2025-01-28 10:54:27,0.6900440910355398,0.29999999999999993
2025-01-28 10:54:28,0.6855173668573965,0.33000000000000007
2025-01-28 10:54:29,0.6806746103494827,0.31999999999999995
2025-01-28 10:54:30,0.6801218208949935,0.36
2025-01-28 10:54:31,0.6849570666429919,0.36
2025-01-28 10:54:32,0.6896764320788616,0.42000000000000004
2025-01-28 10:54:33,0.6899786377625686,0.44000000000000006
2025-01-28 10:54:34,0.6902660780751049,0.4899999999999999
2025-01-28 10:54:35,0.6905733728679474,0.51
2025-01-28 10:54:36,0.6909205253081723,0.53
2025-01-28 10:54:37,0.6867911036139747,0.56
2025-01-28 10:54:38,0.68295302753534,0.58
2025-01-28 10:54:39,0.6767150854611899,0.58
2025-01-28 10:54:40,0.6722795423594775,0.5700000000000001
2025-01-28 10:54:41,0.6678721422943591,0.5700000000000001
2025-01-28 10:54:42,0.657971028938663,0.6399999999999999
2025-01-28 10:54:43,0.6622643660722555,0.6399999999999999
2025-01-28 10:54:44,0.666017092196086,0.6699999999999999
2025-01-28 10:54:45,0.6696349934703812,0.66
2025-01-28 10:54:46,0.6758540303223599,0.61
2025-01-28 10:54:47,0.6825908719279505,1.37
2025-01-28 10:54:48,0.6856370822556835,1.37
2025-01-28 10:54:49,0.579359441906952,1.37
2025-01-28 10:54:50,0.47463035706343915,1.37
2025-01-28 10:54:51,0.4746825665968,1.37
2025-01-28 10:54:52,0.4751331736973115,1.37
2025-01-28 10:54:53,0.4800715353979926,1.37
2025-01-28 10:54:54,0.48610236786565064,1.37
2025-01-28 10:54:55,0.49076997125433736,1.37
2025-01-28 10:54:56,0.49469049849018026,1.37
2025-01-28 11:29:23,0.3412038790601974,1.71
2025-01-28 11:29:24,0.3472756198721794,1.69
2025-01-28 11:29:25,0.3558004485397899,1.7000000000000002
2025-01-28 11:29:26,0.3616487073309642,1.7200000000000002
2025-01-28 11:29:27,0.36218553481807875,1.73
2025-01-28 11:29:28,0.36265208707828983,1.77
2025-01-28 11:29:29,0.3637754109401697,1.77
2025-01-28 11:29:30,0.3646007882542821,1.77
2025-01-28 11:29:31,0.36501971840988184,1.78
2025-01-28 11:29:32,0.3672126898867753,1.78
2025-01-28 11:29:33,0.3709178612289589,1.7400000000000002
2025-01-28 11:29:34,0.3731344970345818,1.77
2025-01-28 11:29:35,0.3722874920402493,1.78
2025-01-28 11:29:36,0.39370279845288597,1.79
2025-01-28 11:29:37,0.4169956241514763,1.81
2025-01-28 11:29:38,0.41258198554129183,1.81
2025-01-28 11:29:39,0.4043214158523704,1.81
2025-01-28 11:29:40,0.3983375231861211,1.81
2025-01-28 11:29:41,0.4165137572653224,1.8199999999999998
2025-01-28 11:29:42,0.43891992539008157,1.87
2025-01-28 11:29:43,0.4707879325864088,1.87
2025-01-28 11:29:44,0.42665523908777825,1.9
2025-01-28 11:29:45,0.4224647461972097,1.92
2025-01-28 11:29:46,0.4468566298289147,1.94
2025-01-28 11:29:47,0.36935173170575064,1.98
2025-01-28 11:29:48,0.212970831429424,1.9900000000000002
2025-01-28 11:29:49,0.1145167871791628,1.94
2025-01-28 11:29:50,0.061480471774642,1.94
2025-01-28 11:29:51,0.009794048135473835,1.9300000000000002
2025-01-28 11:29:52,0.019843000433709495,1.96
2025-01-28 11:29:53,0.040842978368013906,1.96
2025-01-28 11:29:54,0.058414690860243944,1.96
2025-01-28 11:29:55,0.0899692454263367,1.94
2025-01-28 11:29:56,0.13942518987207508,1.9100000000000001
2025-01-28 11:29:57,0.13956512881822647,1.9
2025-01-28 11:29:58,0.13453199438476426,1.94
2025-01-28 11:29:59,0.13845912153509424,1.94
2025-01-28 11:30:00,0.1426363892455799,1.9300000000000002
2025-01-28 11:30:01,0.15083125313791954,1.9300000000000002
2025-01-28 11:30:02,0.13635228839696945,1.9
2025-01-28 11:30:03,0.11120487499484577,1.9100000000000001
2025-01-28 11:30:04,0.10474141556381511,1.9100000000000001
2025-01-28 11:30:05,0.10283457788294174,1.8900000000000001
2025-01-28 11:30:06,0.10461986673420798,1.9
2025-01-28 11:30:07,0.10654202044595189,1.89
2025-01-28 11:30:08,0.127975831371677,1.8599999999999999
2025-01-28 11:30:09,0.12933461113837227,1.87
2025-01-28 11:30:10,0.12931212134860623,1.84
2025-01-28 11:30:11,0.12847214709657706,1.83
2025-01-28 11:30:12,0.12434176197114155,1.8
2025-01-28 11:30:13,0.12270205947764194,1.8
2025-01-28 11:30:14,0.12356471777914917,1.8
2025-01-28 11:30:15,0.12494913394932035,1.8
2025-01-28 11:30:16,0.12731086421559082,1.77
2025-01-28 11:30:17,0.12974330056146174,1.77
2025-01-28 11:30:18,0.13014657392876097,1.77
2025-01-28 11:30:19,0.12916314379955537,1.79
2025-01-28 11:30:20,0.1292975105123273,1.75
2025-01-28 11:30:21,0.12997330956568534,1.75
2025-01-28 11:30:22,0.12900828391964092,1.75
2025-01-28 11:30:23,0.0687253654980265,1.75
2025-01-28 11:30:24,0.0615739076423929,1.75
2025-01-28 11:30:25,0.060817719928258906,1.75
2025-01-28 11:30:26,0.05516556176186116,1.75
2025-01-28 11:30:27,0.023632289270397067,1.75
2025-01-28 11:30:28,0.003215518928806856,1.75
2025-01-28 11:30:29,0.003181457472987592,1.7200000000000002
2025-01-28 11:30:30,0.0037455011915540717,1.71
2025-01-28 11:30:31,0.004638685664840825,1.71
2025-01-28 11:30:32,0.005803456544305548,1.7000000000000002
2025-01-28 11:30:33,0.007951572269276674,1.73
2025-01-28 11:30:34,0.023352392875687727,1.7200000000000002
2025-01-28 11:30:35,0.011540131379440174,1.7200000000000002
2025-01-28 11:30:36,0.03490864477810277,1.7200000000000002
2025-01-28 11:30:37,0.06808850249341807,1.7200000000000002
2025-01-28 11:30:38,0.10132187778039385,1.7200000000000002
2025-01-28 11:30:39,0.12155718223139989,1.7200000000000002
2025-01-28 11:30:40,0.09765095610035823,1.7200000000000002
2025-01-28 11:30:41,0.18785965527942894,1.7200000000000002
2025-01-28 11:30:42,0.0590352234734192,1.7200000000000002
2025-01-28 11:30:43,0.0802557615746835,1.7200000000000002
2025-01-28 11:30:44,0.10032578462272035,1.7200000000000002
2025-01-28 11:30:45,0.0851723103836474,1.7200000000000002
2025-01-28 11:30:46,0.030128438700679123,1.7200000000000002
2025-01-28 11:30:47,0.030128438700679123,1.7200000000000002
2025-01-28 11:30:48,0.0205144038473577,1.7200000000000002
2025-01-28 11:30:49,0.00945900969349737,1.7200000000000002
2025-01-28 11:30:50,0.013498956385767555,1.7200000000000002
2025-01-28 11:30:51,0.02751916006846855,1.71
2025-01-28 11:30:52,0.039712074675783526,1.71
2025-01-28 11:30:53,0.049789032871839556,1.71
2025-01-28 11:30:54,0.01558082632805539,1.71
2025-01-28 11:30:55,0.01716811878398561,1.71
2025-01-28 11:30:56,0.014841706575843125,1.7000000000000002
2025-01-28 11:30:57,0.012924802885527628,1.71
2025-01-28 11:30:58,0.01348390598231323,1.7200000000000002
2025-01-28 11:30:59,0.01361212687262355,1.7000000000000002
2025-01-28 11:31:00,0.013630484256045516,1.67
2025-01-28 11:31:01,0.013571760918261067,1.67
2025-01-28 11:31:02,0.013387073942191,1.6600000000000001
2025-01-28 11:31:03,0.013387073942191,1.6400000000000001
2025-01-28 11:31:04,0.011791290429625642,1.67
2025-01-28 11:31:05,0.00957755521188893,1.6600000000000001
2025-01-28 11:31:06,0.00745206894181738,1.6600000000000001
2025-01-28 11:31:07,0.010175605757840897,1.7000000000000002
2025-01-28 11:31:08,0.012195510552740855,1.69
2025-01-28 11:31:09,0.01476712455426051,1.6800000000000002
2025-01-28 11:31:10,0.015450011034769506,1.7000000000000002
2025-01-28 11:31:11,0.015632700262778226,1.67
2025-01-28 11:31:12,0.015593399913624406,1.67
2025-01-28 11:31:13,0.014486343971844118,1.67
2025-01-28 11:31:14,0.013875631138778802,1.67
2025-01-28 11:31:15,0.013692762920698431,1.67
2025-01-28 11:31:16,0.015052458467820884,1.67
2025-01-28 11:31:17,0.01615851475558605,1.67
2025-01-28 11:31:18,0.01710330995291705,1.67
2025-01-28 11:31:19,0.018152225432711628,1.67
2025-01-28 11:31:20,0.01608366304188295,1.67
2025-01-28 11:31:21,0.018164852240783198,1.67
2025-01-28 11:31:22,0.019895017616687955,1.67
2025-01-28 11:31:23,0.019631333277684366,1.67
2025-01-28 11:31:24,0.019722934940864228,1.67
2025-01-28 11:31:25,0.025858731629041287,1.67
2025-01-28 11:31:26,0.032424649277673336,1.67
2025-01-28 11:31:27,0.04864689540427388,1.67
2025-01-28 11:31:28,0.06709516611922843,1.67
2025-01-28 11:31:29,0.08609074347859351,1.67
2025-01-28 11:31:30,0.12102605756569378,1.67
2025-01-28 11:31:31,0.12272232778478702,1.67
2025-01-28 11:31:32,0.1230244062343749,1.67
2025-01-28 11:31:33,0.130977405337112,1.67
2025-01-28 11:31:34,0.12524667229955888,1.67
2025-01-28 11:31:35,0.11842985537160604,1.67
2025-01-28 11:31:36,0.1149100573117634,1.67
2025-01-28 11:31:37,0.11032232565196987,1.67
2025-01-28 11:31:38,0.09347176982589082,1.67
2025-01-28 11:31:39,0.08417494084343839,1.67
2025-01-28 11:31:40,0.081755201870644,1.6800000000000002
2025-01-28 11:31:41,0.08218617831923725,1.6800000000000002
2025-01-28 11:31:42,0.0833414915421707,1.69
2025-01-28 11:31:43,0.08440273074764626,1.69
2025-01-28 11:31:44,0.08572297741072991,1.6600000000000001
2025-01-28 11:31:45,0.08711884171649335,1.6099999999999999
2025-01-28 11:31:46,0.08632274807751565,1.6099999999999999
2025-01-28 11:31:47,0.08679918214044562,1.62
2025-01-28 11:31:48,0.09508813986197613,1.63
2025-01-28 11:31:49,0.10475129071518936,1.6
2025-01-28 11:31:50,0.10101827004846668,1.6
2025-01-28 11:31:51,0.09979305225135304,1.6
2025-01-28 11:31:52,0.09634579142846651,1.6
2025-01-28 11:31:53,0.10066301377916398,1.5899999999999999
2025-01-28 11:31:54,0.10925612835833236,1.58
2025-01-28 11:31:55,0.11791580255177851,1.5899999999999999
2025-01-28 11:31:56,0.11398789705385622,1.6099999999999999
2025-01-28 11:31:57,0.11353904682197517,1.62
2025-01-28 11:31:58,0.11347035511539498,1.61
2025-01-28 11:31:59,0.11327547783417424,1.63
2025-01-28 11:32:00,0.11284754484631539,1.6600000000000001
2025-01-28 11:32:01,0.11242746747298475,1.6600000000000001
2025-01-28 11:32:02,0.11727710194215346,1.69
2025-01-28 11:32:03,0.11110879648612244,1.69
2025-01-28 11:32:04,0.11402293764021776,1.6600000000000001
2025-01-28 11:32:05,0.11510861895940631,1.65
2025-01-28 11:32:06,0.11717536395234592,1.6400000000000001
2025-01-28 11:32:07,0.10772921659584671,1.6400000000000001
2025-01-28 11:32:08,0.11084738328980921,1.6400000000000001
2025-01-28 11:32:09,0.10881071341005229,1.6400000000000001
2025-01-28 11:32:10,0.11628354886248642,1.6600000000000001
2025-01-28 11:32:11,0.1216742438839004,1.67
2025-01-28 11:32:12,0.11520841344808803,1.67
2025-01-28 11:32:13,0.10794484360276775,1.67
2025-01-28 11:32:14,0.11562341309652746,1.67
2025-01-28 11:32:15,0.1125174779100117,1.67
2025-01-28 11:32:16,0.10963208912118476,1.67
2025-01-28 11:32:17,0.10060868784234911,1.67
2025-01-28 11:32:18,0.08851662546754513,1.67
2025-01-28 11:32:19,0.09238285749978781,1.67
2025-01-28 11:32:20,0.1113061800125017,1.67
2025-01-28 11:32:21,0.07189665719389371,1.67
2025-01-28 11:32:22,0.08015832173610171,1.67
2025-01-28 11:32:23,0.06994436682485687,1.67
2025-01-28 11:32:24,0.05923277954394587,1.67
2025-01-28 11:32:25,0.15264985483831847,1.67
2025-01-28 11:32:26,0.17505091412286244,1.67
2025-01-28 11:32:27,0.13366696314139212,1.67
2025-01-28 11:32:28,0.12397747390295318,1.69
2025-01-28 11:32:29,0.11239300296023602,1.69
2025-01-28 11:32:30,0.10763081199505864,1.69
2025-01-28 11:32:31,0.08583561809677898,1.7000000000000002
2025-01-28 11:32:32,0.1489329805325695,1.6800000000000002
2025-01-28 11:32:33,0.1291823127963457,1.6800000000000002
2025-01-28 11:32:34,0.12361704775644904,1.6800000000000002
2025-01-28 11:32:35,0.10186080139842953,1.6800000000000002
2025-01-28 11:32:36,0.11674093437000692,1.65
2025-01-28 11:32:37,0.12227666736147184,1.6600000000000001
2025-01-28 11:32:38,0.1097104472820128,1.6600000000000001
2025-01-28 11:32:39,0.11189664441587925,1.6600000000000001
2025-01-28 11:32:40,0.11041499137746413,1.6600000000000001
2025-01-28 11:32:41,0.10516765018862584,1.69
2025-01-28 11:32:42,0.11451933151592408,1.73
2025-01-28 11:32:43,0.12281673087000418,1.69
2025-01-28 11:32:44,0.10303109702836677,1.7400000000000002
2025-01-28 11:32:45,0.10534322087934885,1.75
2025-01-28 11:32:46,0.10128972164452736,1.78
2025-01-28 11:32:47,0.1112721493929502,1.7999999999999998
2025-01-28 11:32:48,0.11907311278680603,1.7800000000000002
2025-01-28 11:32:49,0.12849263353146453,1.78
2025-01-28 11:32:50,0.13509358682899153,1.7600000000000002
2025-01-28 11:32:51,0.12405386014645343,1.7600000000000002
2025-01-28 11:32:52,0.11443707940357244,1.7600000000000002
2025-01-28 11:32:53,0.10520120990336028,1.7600000000000002
2025-01-28 11:32:54,0.11313715541338605,1.7600000000000002
2025-01-28 11:32:55,0.10527697336917156,1.7600000000000002
2025-01-28 11:32:56,0.09784437297672,1.7600000000000002
2025-01-28 11:32:57,0.09980477716592413,1.7600000000000002
2025-01-28 11:32:58,0.10138535834879263,1.7600000000000002
2025-01-28 11:32:59,0.106061366106961,1.7600000000000002
2025-01-28 11:33:00,0.10527963100181485,1.7600000000000002
2025-01-28 11:33:01,0.10454343570892899,1.7600000000000002
2025-01-28 11:33:02,0.10301892601779954,1.7600000000000002
2025-01-28 11:33:03,0.10563744392148244,1.7600000000000002
2025-01-28 11:33:04,0.09883165222142558,1.76
2025-01-28 11:33:05,0.10142798994478779,1.76
2025-01-28 11:33:06,0.0966758264052201,1.76
2025-01-28 11:33:07,0.09961824306082685,1.76
2025-01-28 11:33:08,0.10108449952502492,1.76
2025-01-28 11:33:09,0.09632069802334753,1.76
2025-01-28 11:33:10,0.10015768434213701,1.76
2025-01-28 11:33:11,0.10143327068053527,1.75
2025-01-28 11:33:12,0.10412197109188644,1.7200000000000002
2025-01-28 11:33:13,0.10898162876354596,1.6800000000000002
2025-01-28 11:33:14,0.10254709584916218,1.6800000000000002
2025-01-28 11:33:15,0.1028541423253051,1.6800000000000002
2025-01-28 11:33:16,0.10345370511988383,1.6600000000000001
2025-01-28 11:33:17,0.10498531273987426,1.6600000000000001
2025-01-28 11:33:18,0.11968484079712265,1.6600000000000001
2025-01-28 11:33:19,0.11703899656875742,1.62
2025-01-28 11:33:20,0.11793085658415119,1.62
2025-01-28 11:33:21,0.10955718469706444,1.62
2025-01-28 11:33:22,0.11498678667868593,1.62
2025-01-28 11:33:23,0.09763585307458245,1.6600000000000001
2025-01-28 11:33:24,0.07320823569782557,1.67
2025-01-28 11:33:25,0.0740324781916734,1.6800000000000002
2025-01-28 11:33:26,0.07483672341145953,1.73
2025-01-28 11:33:27,0.07188151050514084,1.7000000000000002
2025-01-28 11:33:28,0.0687380552821703,1.67
2025-01-28 11:33:29,0.0722803083507156,1.6400000000000001
2025-01-28 11:33:30,0.0733064369891423,1.6400000000000001
2025-01-28 11:33:31,0.07557874060939589,1.6400000000000001
2025-01-28 11:33:32,0.07243143311505766,1.6400000000000001
2025-01-28 11:33:33,0.06611530662629495,1.6600000000000001
2025-01-28 11:33:34,0.055261314213992385,1.6600000000000001
2025-01-28 11:33:35,0.04751939986273627,1.6600000000000001
2025-01-28 11:33:36,0.03563912153238761,1.71
2025-01-28 11:33:37,0.04308032155888005,1.71
2025-01-28 11:33:38,0.03079815681688484,1.75
2025-01-28 11:33:39,0.028650932059408014,1.73
2025-01-28 11:33:40,0.029487217206176492,1.71
2025-01-28 11:33:41,0.030313199978769873,1.7000000000000002
2025-01-28 11:33:42,0.030864867381368438,1.6600000000000001
2025-01-28 11:33:43,0.03143167059147641,1.69
2025-01-28 11:33:44,0.03172805680478034,1.7000000000000002
2025-01-28 11:33:45,0.032045388536800314,1.69
2025-01-28 11:33:46,0.03276830576073294,1.69
2025-01-28 11:33:47,0.033937327318535125,1.6600000000000001
2025-01-28 11:33:48,0.0349585572764736,1.67
2025-01-28 11:33:49,0.028612504807903043,1.67
2025-01-28 11:33:50,0.022750449952037382,1.6600000000000001
2025-01-28 11:33:51,0.025282235622531363,1.6600000000000001
2025-01-28 11:33:52,0.02870315534916153,1.6600000000000001
2025-01-28 11:33:53,0.024091919417315328,1.6400000000000001
2025-01-28 11:33:54,0.023687030924030683,1.63
2025-01-28 11:33:55,0.02385800081391783,1.59
2025-01-28 11:33:56,0.02364875806635321,1.62
2025-01-28 11:33:57,0.023054300242680476,1.62
2025-01-28 11:33:58,0.014521118041525375,1.62
2025-01-28 11:33:59,0.005456951163146743,1.6
2025-01-28 11:34:00,0.011722221097941224,1.55
2025-01-28 11:34:01,0.023772674882030387,1.5300000000000002
2025-01-28 11:34:02,0.020798755115530792,1.5300000000000002
2025-01-28 11:34:03,0.01904438965147322,1.56
2025-01-28 11:34:04,0.009982927563560562,1.56
2025-01-28 11:34:05,0.10112269367311821,1.56
2025-01-28 11:34:06,0.02149567836956671,1.56
2025-01-28 11:34:07,0.02187587460006239,1.55
2025-01-28 11:34:08,0.0206696587766609,1.58
2025-01-28 11:34:09,0.012772054060348648,1.56
2025-01-28 11:34:10,0.02970442325431059,1.59
2025-01-28 11:34:11,0.014298858778665657,1.6099999999999999
2025-01-28 11:34:12,0.01501698315471911,1.6099999999999999
2025-01-28 11:34:13,0.01625739116207973,1.6
2025-01-28 11:34:14,0.03701205342099841,1.57
2025-01-28 11:34:15,0.023712855415318163,1.5299999999999998
2025-01-28 11:34:16,0.018534260473791697,1.5299999999999998
2025-01-28 11:34:17,0.028462535632943986,1.5299999999999998
2025-01-28 11:34:18,0.02289769071038276,1.52
2025-01-28 11:34:19,0.02395021174828349,1.48
2025-01-28 11:34:20,0.028238503814115152,1.44
2025-01-28 11:34:21,0.011632858428351009,1.46
2025-01-28 11:34:22,0.007727092906419486,1.46
2025-01-28 11:34:23,0.02010663275489577,1.49
2025-01-28 11:34:24,0.015457866932761632,1.53
2025-01-28 11:34:25,0.01643029019947395,1.54
2025-01-28 11:34:26,0.0064584706429811805,1.55
2025-01-28 11:34:27,0.012429454352587577,1.56
2025-01-28 11:34:28,0.02430689050506259,1.54
2025-01-28 11:34:29,0.03285347864993371,1.55
2025-01-28 11:34:30,0.024505310744025028,1.55
2025-01-28 11:34:31,0.01384653585996635,1.5899999999999999
2025-01-28 11:34:32,0.008771436110319275,1.63
2025-01-28 11:34:33,0.02244264114838875,1.63
2025-01-28 11:34:34,0.01644594439966296,1.62
2025-01-28 11:34:35,0.01644594439966296,1.62
2025-01-28 11:34:36,0.014870462855025727,1.65
2025-01-28 11:34:37,0.023844826278146176,1.6400000000000001
2025-01-28 11:34:38,0.037804329426106044,1.6099999999999999
2025-01-28 11:34:39,0.043903379996155234,1.62
2025-01-28 11:34:40,0.045279326084942007,1.6300000000000001
2025-01-28 11:34:41,0.04856448475644933,1.6
2025-01-28 11:34:42,0.047135750166573086,1.6
2025-01-28 11:34:43,0.047246343855335805,1.5700000000000003
2025-01-28 11:34:44,0.04638355227726058,1.58
2025-01-28 11:34:45,0.07195042478384917,1.6099999999999999
2025-01-28 11:34:46,0.08303666595471644,1.65
2025-01-28 11:34:47,0.08801175560400587,1.6800000000000002
2025-01-28 11:34:48,0.10279480646897025,1.69
2025-01-28 11:34:49,0.10258080883306553,1.73
2025-01-28 11:34:50,0.10240583322190429,1.74
2025-01-28 11:34:51,0.1024789460159347,1.72
2025-01-28 11:34:52,0.1032215756403471,1.72
2025-01-28 11:34:53,0.10531276069193678,1.69
2025-01-28 11:34:54,0.10106969233874515,1.6600000000000001
2025-01-28 11:34:55,0.11263595237921183,1.6400000000000001
2025-01-28 11:34:56,0.10805245508901162,1.6700000000000002
2025-01-28 11:34:57,0.09578639746023605,1.65
2025-01-28 11:34:58,0.13173890479754657,1.65
2025-01-28 11:34:59,0.12998692211189664,1.6099999999999999
2025-01-28 11:35:00,0.13001724512077453,1.6099999999999999
2025-01-28 11:35:01,0.12488044318899198,1.6
2025-01-28 11:35:02,0.17004235296394907,1.56
2025-01-28 11:35:03,0.25267164449347385,1.59
2025-01-28 11:35:04,0.15140598725523832,1.57
2025-01-28 11:35:05,0.08313311651973887,1.59
2025-01-28 11:35:06,0.07257835424198289,1.58
2025-01-28 11:35:07,0.07602102584183597,1.59
2025-01-28 11:35:08,0.0847891141857063,1.6
2025-01-28 11:35:09,0.08949977238001534,1.59
2025-01-28 11:35:10,0.09115749345954043,1.55
2025-01-28 11:35:11,0.09331670550298303,1.54
2025-01-28 11:35:12,0.09508501928403283,1.51
2025-01-28 11:35:13,0.09515781321077747,1.54
2025-01-28 11:35:14,0.0864315183462366,1.54
2025-01-28 11:35:15,0.05288923598412332,1.54
2025-01-28 11:35:16,0.031251763223661,1.54
2025-01-28 11:35:17,0.054470864362590334,1.52
2025-01-28 11:35:18,0.18252512761565765,1.52
2025-01-28 11:35:19,0.08439794609096252,1.5
2025-01-28 11:35:20,0.08739709938954714,1.5
2025-01-28 11:35:21,0.1046425635341331,1.51
2025-01-28 11:35:22,0.13375304805307042,1.51
2025-01-28 11:35:23,0.13135548231320504,1.56
2025-01-28 11:35:24,0.1310573930457326,1.55
2025-01-28 11:35:25,0.136733707677042,1.58
2025-01-28 11:35:26,0.13596323987102613,1.5899999999999999
2025-01-28 11:35:27,0.13102688537256016,1.62
2025-01-28 11:35:28,0.12948665626313774,1.6400000000000001
2025-01-28 11:35:29,0.12686796277900406,1.67
2025-01-28 11:35:30,0.12150690926518888,1.67
2025-01-28 11:35:31,0.11437660364393694,1.67
2025-01-28 11:35:32,0.11509770809218726,1.6400000000000001
2025-01-28 11:35:33,0.09346527519600538,1.6400000000000001
2025-01-28 11:35:34,0.056512175981290845,1.6800000000000002
2025-01-28 11:35:35,0.057692324885273205,1.69
2025-01-28 11:35:36,0.05621370489170404,1.7200000000000002
2025-01-28 11:35:37,0.13752878252106862,1.71
2025-01-28 11:35:38,0.20846790314908872,1.69
2025-01-28 11:35:39,0.03714587815609812,1.7
2025-01-28 11:35:40,0.029857555155435794,1.6800000000000002
2025-01-28 11:35:41,0.06686702252974763,1.69
2025-01-28 11:35:42,0.08897138852866575,1.7
2025-01-28 11:35:43,0.07363797907927012,1.7400000000000002
2025-01-28 11:35:44,0.04077338905924973,1.76
2025-01-28 11:35:45,0.0407884240579417,1.7400000000000002
2025-01-28 11:35:46,0.0408888735374342,1.7400000000000002
2025-01-28 11:35:47,0.040906112928198755,1.73
2025-01-28 11:35:48,0.04294628876523898,1.73
2025-01-28 11:35:49,0.05058551638064568,1.75
2025-01-28 11:35:50,0.06227552235778037,1.78
2025-01-28 11:35:51,0.0692382118261204,1.8
2025-01-28 11:35:52,0.06884418561833365,1.8
2025-01-28 11:35:53,0.06916782025856023,1.84
2025-01-28 11:35:54,0.07003354056641475,1.85
2025-01-28 11:35:55,0.06926340748229458,1.8599999999999999
2025-01-28 11:35:56,0.06873313092585616,1.8599999999999999
2025-01-28 11:35:57,0.06874795892889551,1.9
2025-01-28 11:35:58,0.0699750661676403,1.9
2025-01-28 11:35:59,0.07151716977295175,1.85
2025-01-28 11:36:00,0.07297344012504088,1.81
2025-01-28 11:36:01,0.07920053647700549,1.8
2025-01-28 11:36:02,0.07972381757994713,1.8
2025-01-28 11:36:03,0.08068553113608967,1.8
2025-01-28 11:36:04,0.08131238415783641,1.84
2025-01-28 11:36:05,0.082086008684914,1.84
2025-01-28 11:36:07,0.08064993183932101,1.8399999999999999
2025-01-28 11:36:08,0.0798101372766123,1.8599999999999999
2025-01-28 11:36:09,0.08006235059239852,1.8800000000000001
2025-01-28 11:36:10,0.08313859444273852,1.8800000000000001
2025-01-28 11:36:11,0.07667116288702536,1.8599999999999999
2025-01-28 11:36:12,0.07447833664081631,1.85
2025-01-28 11:36:13,0.07492956982647832,1.8599999999999999
2025-01-28 11:36:14,0.07495473003619872,1.8599999999999999
2025-01-28 11:36:15,0.07523639291555433,1.8599999999999999
2025-01-28 11:36:16,0.07522707991424642,1.8599999999999999
2025-01-28 11:36:17,0.07543843698928399,1.8399999999999999
2025-01-28 11:36:18,0.07467151969542248,1.85
2025-01-28 11:36:19,0.07528921822883324,1.85
2025-01-28 11:36:20,0.07749488355056933,1.8399999999999999
2025-01-28 11:36:21,0.0760336775079377,1.8399999999999999
2025-01-28 11:36:22,0.07545669395830472,1.8399999999999999
2025-01-28 11:36:23,0.07526958026563617,1.8399999999999999
2025-01-28 11:36:24,0.07526958026563617,1.8399999999999999
2025-01-28 11:36:25,0.0734715306302441,1.8399999999999999
2025-01-28 11:36:26,0.07541980708281448,1.8399999999999999
2025-01-28 11:36:27,0.07541980708281448,1.8399999999999999
2025-01-28 11:36:28,0.07978003334257133,1.83
2025-01-28 11:36:29,0.08408196363980647,1.79
2025-01-28 11:36:30,0.08790254172775998,1.81
2025-01-28 11:36:31,0.09146650653828885,1.81
2025-01-28 11:36:32,0.07923098143876899,1.81
2025-01-28 11:36:33,0.10955350533722881,1.81
2025-01-28 11:36:34,0.10816045245496264,1.81
2025-01-28 11:36:35,0.10755420583752073,1.81
2025-01-28 11:36:36,0.10742726771031934,1.81
2025-01-28 11:36:37,0.10746042115152103,1.81
2025-01-28 11:36:38,0.09690202679832864,1.81
2025-01-28 14:27:49,0.028289470645812553,1.8599999999999999
2025-01-28 14:27:50,0.02861761245526795,1.83
2025-01-28 14:27:51,0.02759785430966725,1.83
2025-01-28 14:27:52,0.028332884748353344,1.8200000000000003
2025-01-28 14:27:53,0.02709389111823916,1.83
2025-01-28 14:27:54,0.023806939266219018,1.84
2025-01-28 14:27:55,0.020605693720526414,1.83
2025-01-28 14:27:56,0.017293553949466745,1.84
2025-01-28 14:27:57,0.017555251934705158,1.85
2025-01-28 14:27:58,0.01903419422986774,1.8599999999999999
2025-01-28 14:27:59,0.023382122284523337,1.8599999999999999
2025-01-28 14:28:00,0.03001716324860911,1.87
2025-01-28 14:28:01,0.027275038444131965,1.8599999999999999
2025-01-28 14:30:27,0.13717159634903764,1.67
2025-01-28 14:30:28,0.13605524867590058,1.62
2025-01-28 14:30:29,0.1344384533751898,1.62
2025-01-28 14:30:30,0.13343313956149835,1.6099999999999999
2025-01-28 14:30:31,0.13605110086395808,1.62
2025-01-28 14:30:32,0.13644479202127036,1.6099999999999999
2025-01-28 14:30:33,0.13512328389796036,1.62
2025-01-28 14:30:34,0.13395875191368445,1.6400000000000001
2025-01-28 14:30:35,0.13896518499644386,1.63
2025-01-28 14:30:36,0.14145266445844587,1.63
2025-01-28 14:30:37,0.14070443917189626,1.6099999999999999
2025-01-28 14:30:38,0.13532833517852527,1.62
2025-01-28 14:30:39,0.12897573653122985,1.62
2025-01-28 14:30:40,0.12553129800324658,1.6300000000000001
2025-01-28 14:30:41,0.11849416166488158,1.6300000000000001
2025-01-28 14:30:42,0.1193757462321486,1.63
2025-01-28 14:30:43,0.11931902617008161,1.6
2025-01-28 14:30:44,0.11806181519606336,1.6099999999999999
2025-01-28 14:30:45,0.11283545015799061,1.6099999999999999
2025-01-28 14:30:46,0.11165548003462995,1.5899999999999999
2025-01-28 14:30:47,0.11025869717654802,1.63
2025-01-28 14:30:48,0.10924473120813838,1.62
2025-01-28 14:30:49,0.7960451793594782,1.62
2025-01-28 14:30:50,0.5199574369846579,1.6
2025-01-28 14:30:51,0.5200767606887616,1.5899999999999999
2025-01-28 14:30:52,0.5207095955468996,1.5899999999999999
2025-01-28 14:30:53,0.5217295917668898,1.55
2025-01-28 14:30:54,0.5186233314570351,1.5899999999999999
2025-01-28 14:30:55,0.5162774712938291,1.5899999999999999
2025-01-28 14:30:56,0.6217464786892228,1.58
2025-01-28 14:30:57,0.6033068461585369,1.58
2025-01-28 14:30:58,0.5639893013639427,1.5699999999999998
2025-01-28 14:30:59,0.6626346203410799,1.5699999999999998
2025-01-28 14:31:00,0.48572157868057975,1.53
2025-01-28 14:31:01,0.440812906789341,1.53
2025-01-28 14:31:02,0.4325048284770938,1.53
2025-01-28 14:31:03,0.4339750540791399,1.51
2025-01-28 14:31:04,0.4374887335069948,1.47
2025-01-28 14:31:05,0.43565857617852116,1.46
2025-01-28 14:31:06,0.43248197916614234,1.44
2025-01-28 14:31:07,0.4349900787679495,1.45
2025-01-28 14:31:08,0.43387529614211057,1.44
2025-01-28 14:31:09,0.44238719007760247,1.44
2025-01-28 14:31:10,0.4619069437826215,1.42
2025-01-28 14:31:11,0.45723074394757485,1.42
2025-01-28 14:31:12,0.4578757399855366,1.4
2025-01-28 14:31:13,0.4568783082273522,1.41
2025-01-28 14:31:14,0.4553151412294252,1.38
2025-01-28 14:31:15,0.4656687424039772,1.42
2025-01-28 14:31:16,0.46043263528899,1.3900000000000001
2025-01-28 14:31:17,0.45838584149429984,1.3900000000000001
2025-01-28 14:31:18,0.4692845603113602,1.4
2025-01-28 14:31:19,0.4683573303513146,1.43
2025-01-28 14:31:20,0.4373369782241059,1.43
2025-01-28 14:31:21,0.32687021701551916,1.4
2025-01-28 14:31:22,0.3051794870530132,1.4
2025-01-28 14:31:23,0.30662853137963514,1.3900000000000001
2025-01-28 14:31:24,0.3082918874086255,1.43
2025-01-28 14:31:25,0.3070297147953716,1.44
2025-01-28 14:31:26,0.3069199149974917,1.45
2025-01-28 14:31:27,0.30711707543538386,1.45
2025-01-28 14:31:28,0.306897201445659,1.42
2025-01-28 14:31:29,0.3070992473125031,1.39
2025-01-28 14:31:30,0.3101652411250691,1.35
2025-01-28 14:31:31,0.29935993662474275,1.38
2025-01-28 14:31:32,0.2921335244396894,1.38
2025-01-28 14:31:33,0.29652020902080495,1.42
2025-01-28 14:31:34,0.29919465254388394,1.44
2025-01-28 14:31:35,0.2989456496384057,1.44
2025-01-28 14:31:36,0.29848849430076524,1.49
2025-01-28 14:31:37,0.29635659273437637,1.45
2025-01-28 14:31:38,0.2932507740480075,1.45
2025-01-28 14:31:39,0.2900680499429047,1.46
2025-01-28 14:31:40,0.28916706261666425,1.43
2025-01-28 14:31:41,0.2938903624747762,1.43
2025-01-28 14:31:42,0.3075246040639481,1.42
2025-01-28 14:31:43,0.32888983958990375,1.43
2025-01-28 14:31:44,0.32946068647683296,1.43
2025-01-28 14:31:45,0.3306089734830855,1.41
2025-01-28 14:31:46,0.33279511641948645,1.37
2025-01-28 14:31:47,0.32909830748855073,1.37
2025-01-28 14:31:48,0.32793255541497607,1.39
2025-01-28 14:31:49,0.32679551418460645,1.38
2025-01-28 14:31:50,0.32679551418460645,1.38
2025-01-28 14:31:51,0.32699079382134694,1.39
2025-01-28 14:31:52,0.32550979307183425,1.4
2025-01-28 14:31:53,0.3220828321479005,1.44
2025-01-28 14:31:54,0.3172962844522352,1.44
2025-01-28 14:31:55,0.324966264754144,1.44
2025-01-28 14:31:56,0.3308093343728992,1.44
2025-01-28 14:31:57,0.33612642132613857,1.44
2025-01-28 14:31:58,0.3360823704823721,1.44
2025-01-28 14:31:59,0.3335653629400867,1.44
2025-01-28 14:32:00,0.32212744244421554,1.44
2025-01-28 14:32:01,0.32058396330061506,1.44
2025-01-28 14:32:02,0.3201990078937751,1.44
2025-01-28 14:32:03,0.319816258014945,1.44
2025-01-28 14:32:04,0.32104951320670566,1.44
2025-01-28 14:32:05,0.3200318849793347,1.44
2025-01-28 14:32:06,0.3246990301409472,1.44
2025-01-28 14:32:07,0.32867926367008843,1.45
2025-01-28 14:32:08,0.3353142031125917,1.45
2025-01-28 14:32:09,0.33444845882598423,1.43
2025-01-28 14:32:10,0.2952173706988009,1.47
2025-01-28 14:32:11,0.11683011314290148,1.43
2025-01-28 14:32:12,0.07904430443544674,1.45
2025-01-28 14:32:13,0.08816056001574261,1.5
2025-01-28 14:32:14,0.0760703866153456,1.54
2025-01-28 14:32:15,0.0640135262718687,1.55
2025-01-28 14:32:16,0.05586004225183494,1.58
2025-01-28 14:32:17,0.05829300450499216,1.5699999999999998
2025-01-28 14:32:18,0.06009236379535032,1.5699999999999998
2025-01-28 14:32:19,0.05686903391577595,1.5699999999999998
2025-01-28 14:32:20,0.05702566196053738,1.5699999999999998
2025-01-28 14:32:21,0.057444298371664836,1.6099999999999999
2025-01-28 14:32:22,0.05531806527276147,1.6099999999999999
2025-01-28 14:32:23,0.054000698839381446,1.6400000000000001
2025-01-28 14:32:24,0.04934564714531028,1.6
2025-01-28 14:32:25,0.04160610690730415,1.6400000000000001
2025-01-28 14:32:26,0.03951267313851078,1.65
2025-01-28 14:32:27,0.037404993378801134,1.69
2025-01-28 14:32:28,0.03503563368505865,1.71
2025-01-28 14:32:29,0.03407567992542552,1.75
2025-01-28 14:32:30,0.03318361684725287,1.7800000000000002
2025-01-28 14:32:31,0.03204902708269689,1.8
2025-01-28 14:32:32,0.030919401636509747,1.8
2025-01-28 14:32:33,0.030086810657242797,1.76
2025-01-28 14:32:34,0.029656444857295572,1.71
2025-01-28 14:32:35,0.027373540717122502,1.69
2025-01-28 14:32:36,0.026722467714944315,1.69
2025-01-28 14:32:37,0.02701004960145263,1.69
2025-01-28 14:32:38,0.07055293252201593,1.69
2025-01-28 14:32:39,0.00343917258822198,1.6800000000000002
2025-01-28 14:32:40,0.007121104968817349,1.69
2025-01-28 14:32:41,0.0014180151758940163,1.69
2025-01-28 14:32:42,0.0024139460969047435,1.69
2025-01-28 14:32:43,0.009793890164117395,1.6800000000000002
2025-01-28 14:32:44,0.028558864905217824,1.6800000000000002
2025-01-28 14:32:45,0.03940583995807604,1.6800000000000002
2025-01-28 14:32:46,0.042900426237811796,1.6800000000000002
2025-01-28 14:32:47,0.042311037924805874,1.6800000000000002
2025-01-28 14:32:48,0.058066391031870467,1.65
2025-01-28 14:32:49,0.006740804164238057,1.65
2025-01-28 14:32:50,0.013197458337477208,1.6400000000000001
2025-01-28 14:32:51,0.02638274250384794,1.6
2025-01-28 14:32:52,0.03900930720701101,1.6
2025-01-28 14:32:53,0.04840237959724325,1.58
2025-01-28 14:32:54,0.0470464157067636,1.5699999999999998
2025-01-28 14:32:55,0.04086658178173256,1.5699999999999998
2025-01-28 14:32:56,0.032925797400449174,1.5699999999999998
2025-01-28 14:32:57,0.03097934425798954,1.5699999999999998
2025-01-28 14:32:58,0.04613137578714458,1.5699999999999998
2025-01-28 14:32:59,0.07723735449185327,1.49
2025-01-28 14:33:00,0.1368009004184295,1.49
2025-01-28 14:33:01,0.13924622378149096,1.52
2025-01-28 14:33:02,0.13216582896342408,1.52
2025-01-28 14:33:03,0.16020479432974546,1.49
2025-01-28 14:33:04,0.18909729283409504,1.44
2025-01-28 14:33:05,0.44066844886133305,1.44
2025-01-28 14:33:06,0.13175967278939607,1.45
2025-01-28 14:33:07,0.1322183631404575,1.45
2025-01-28 14:33:08,0.13311507231243466,1.46
2025-01-28 14:33:09,0.13349871345757144,1.46
2025-01-28 14:33:10,0.13359804015721513,1.42
2025-01-28 14:33:11,0.13334864752983475,1.43
2025-01-28 14:33:12,0.13319053888004126,1.48
2025-01-28 14:33:13,0.13297406595736852,1.51
2025-01-28 14:33:14,0.13314625623114043,1.49
2025-01-28 14:33:15,0.132906160830723,1.45
2025-01-28 14:33:16,0.16403388952799483,1.42
2025-01-28 14:33:17,0.07708295527838116,1.42
2025-01-28 14:33:18,0.07730730287796354,1.42
2025-01-28 14:33:19,0.07809680207655312,1.3699999999999999
2025-01-28 14:33:20,0.07788162114619442,1.3699999999999999
2025-01-28 14:33:21,0.07788162114619442,1.39
2025-01-28 14:33:22,0.0744469717214038,1.38
2025-01-28 14:33:23,0.06743508363131934,1.41
2025-01-28 14:33:24,0.06692199607716305,1.42
2025-01-28 14:33:25,0.0667848804727839,1.42
2025-01-28 14:33:26,0.06644265689375217,1.43
2025-01-28 14:33:27,0.0669455874570913,1.43
2025-01-28 14:33:28,0.0672468162498081,1.44
2025-01-28 14:33:29,0.0675451959340226,1.48
2025-01-28 14:33:30,0.06825989824393124,1.48
2025-01-28 14:33:31,0.06851256208702283,1.5299999999999998
2025-01-28 14:33:32,0.06893895520552402,1.5
2025-01-28 14:33:33,0.06897513899029588,1.51
2025-01-28 14:33:34,0.06913029360353103,1.56
2025-01-28 14:33:35,0.06791044795308476,1.6
2025-01-28 14:33:36,0.06615571579591813,1.6099999999999999
2025-01-28 14:33:37,0.06536384599825018,1.6099999999999999
2025-01-28 14:33:38,0.06593722589325528,1.6
2025-01-28 14:33:39,0.06533322478915797,1.63
2025-01-28 14:33:40,0.06658481286693514,1.62
2025-01-28 14:33:41,0.06658630876721494,1.58
2025-01-28 14:33:42,0.06695223177824279,1.54
2025-01-28 14:33:43,0.06726563226323472,1.55
2025-01-28 14:33:44,0.06751322865572436,1.56
2025-01-28 14:33:45,0.06726517090680299,1.52
2025-01-28 14:33:46,0.06660503713310965,1.52
2025-01-28 14:33:47,0.06608234187267377,1.51
2025-01-28 14:33:48,0.07465598309843353,1.49
2025-01-28 14:33:49,0.02701900815092051,1.52
2025-01-28 14:33:50,0.015198309753805836,1.56
2025-01-28 14:33:51,0.05389218802510317,1.5899999999999999
2025-01-28 14:33:52,0.07182409532300493,1.63
2025-01-28 14:33:53,0.07126737842871433,1.62
2025-01-28 14:33:54,0.07141044968602062,1.63
2025-01-28 14:33:55,0.07219658223476966,1.6400000000000001
2025-01-28 14:33:56,0.07165585871856124,1.65
2025-01-28 14:33:57,0.07121284240910179,1.65
2025-01-28 14:33:58,0.0717279847483628,1.65
2025-01-28 14:33:59,0.07166405774988178,1.65
2025-01-28 14:34:00,0.07100959229273703,1.65
2025-01-28 14:34:01,0.0704695167453336,1.65
2025-01-28 14:34:02,0.0711435767419939,1.62
2025-01-28 14:34:03,0.07100957435924012,1.5899999999999999
2025-01-28 14:34:04,0.07220406334874092,1.62
2025-01-28 14:34:05,0.07398718774804063,1.6099999999999999
2025-01-28 14:34:06,0.07407804020459381,1.6
2025-01-28 14:34:07,0.07459285335353671,1.6099999999999999
2025-01-28 14:34:08,0.07509227408364971,1.6099999999999999
2025-01-28 14:34:09,0.07604266305235778,1.6400000000000001
2025-01-28 14:34:10,0.08024917783206797,1.65
2025-01-28 14:34:11,0.08200553317727695,1.65
2025-01-28 14:34:12,0.08183909213566014,1.68
2025-01-28 14:34:13,0.0818172702767656,1.71
2025-01-28 14:34:14,0.08193912007663491,1.7000000000000002
2025-01-28 14:34:15,0.08405437727525866,1.73
2025-01-28 14:34:16,0.08498575135101143,1.73
2025-01-28 14:34:17,0.08494258846908087,1.73
2025-01-28 14:34:18,0.08434934801725709,1.76
2025-01-28 14:34:19,0.08527903286881851,1.73
2025-01-28 14:34:20,0.08691495834624859,1.7000000000000002
2025-01-28 14:34:21,0.0880904627932666,1.7000000000000002
2025-01-28 14:34:22,0.08790282416801576,1.71
2025-01-28 14:34:23,0.08587416498579985,1.7000000000000002
2025-01-28 14:34:24,0.08028968526471925,1.7000000000000002
2025-01-28 14:34:25,0.0768390900156466,1.6600000000000001
2025-01-28 14:34:26,0.07608862970257164,1.6600000000000001
2025-01-28 14:34:27,0.07715516307591634,1.67
2025-01-28 14:34:28,0.07845907804810907,1.65
2025-01-28 14:34:29,0.07858228530942801,1.6400000000000001
2025-01-28 14:34:30,0.07764241209925649,1.6400000000000001
2025-01-28 14:34:31,0.07563461885816573,1.6400000000000001
2025-01-28 14:34:32,0.07110342297872425,1.6099999999999999
2025-01-28 14:34:33,0.06732330462188196,1.6099999999999999
2025-01-28 14:34:34,0.06639797730542633,1.62
2025-01-28 14:34:35,0.06627963277263345,1.62
2025-01-28 14:34:36,0.06503903826010878,1.63
2025-01-28 14:34:37,0.06082262285008241,1.63
2025-01-28 14:34:38,0.05359043302026878,1.63
2025-01-28 14:34:39,0.0455925608754321,1.63
2025-01-28 14:34:40,0.0405111090973261,1.6400000000000001
2025-01-28 14:34:41,0.04049567422762582,1.65
2025-01-28 14:34:42,0.044277606014162973,1.64
2025-01-28 14:34:43,0.0382266675678918,1.64
2025-01-28 14:34:44,0.03112716630668988,1.64
2025-01-28 14:34:45,0.18417376200738791,1.64
2025-01-28 14:34:46,0.0013191806277896845,1.63
2025-01-28 14:34:47,0.001512717418224933,1.63
2025-01-28 14:34:48,0.004626408338803678,1.63
2025-01-28 14:34:49,0.0017170351057416156,1.67
2025-01-28 14:34:50,0.001324536181764498,1.6800000000000002
2025-01-28 14:34:51,0.0014052232983671569,1.6800000000000002
2025-01-28 14:34:52,0.0012954409830199982,1.71
2025-01-28 14:34:53,0.002320093176864694,1.74
2025-01-28 14:34:54,0.0020699602605239362,1.75
2025-01-28 14:34:55,0.0021755445532812465,1.75
2025-01-28 14:34:56,0.2386117893116344,1.77
2025-01-28 14:34:57,0.03386896635039601,1.81
2025-01-28 14:34:58,0.03594203469912719,1.8200000000000003
2025-01-28 14:34:59,0.03654699251474355,1.8200000000000003
2025-01-28 14:35:00,0.03675109856464006,1.81
2025-01-28 14:35:01,0.03667372941063821,1.8200000000000003
2025-01-28 14:35:02,0.036685403755334356,1.83
2025-01-28 14:35:03,0.03982197152957726,1.8200000000000003
2025-01-28 14:35:04,0.03815359077919241,1.8599999999999999
2025-01-28 14:35:05,0.03827345456103689,1.84
2025-01-28 14:35:06,0.03865342191973342,1.84
2025-01-28 14:35:07,0.037205643128831234,1.8599999999999999
2025-01-28 14:35:08,0.03321468680031181,1.87
2025-01-28 14:35:09,0.028413863439076554,1.87
2025-01-28 14:35:10,0.02634673838381533,1.8199999999999998
2025-01-28 14:35:11,0.022267854484757727,1.8199999999999998
2025-01-28 14:35:12,0.018231005216566103,1.78
2025-01-28 14:35:13,0.024787852820698692,1.78
2025-01-28 14:35:14,0.020547964612180742,1.8
2025-01-28 14:35:15,0.01598434498501981,1.8
2025-01-28 14:35:16,0.011213389678644011,1.7999999999999998
2025-01-28 14:35:17,0.005844274725408087,1.7999999999999998
2025-01-28 14:35:18,0.013080880300206635,1.78
2025-01-28 14:35:19,0.008086994038044804,1.78
2025-01-28 14:35:20,0.010542761529115078,1.75
2025-01-28 14:35:21,0.015308247786190332,1.75
2025-01-28 14:35:22,0.016625757069280045,1.75
2025-01-28 14:35:23,0.017733854068508876,1.7000000000000002
2025-01-28 14:35:24,0.02307784485689283,1.6600000000000001
2025-01-28 14:35:25,0.0249360269628065,1.6400000000000001
2025-01-28 14:35:26,0.022868711226923022,1.65
2025-01-28 14:35:27,0.08909469374871677,1.6400000000000001
2025-01-28 14:35:28,0.24164196414562897,1.65
2025-01-28 14:35:29,0.3447154474321459,1.62
2025-01-28 14:35:30,0.3656214019508573,1.57
2025-01-28 14:35:31,0.2857232984623881,1.52
2025-01-28 14:35:32,0.2761638561163194,1.56
2025-01-28 14:35:33,0.2829542051235519,1.56
2025-01-28 14:35:34,0.2696705005019601,1.56
2025-01-28 14:35:35,0.2699501015868888,1.5100000000000002
2025-01-28 14:35:36,0.2843814731582259,1.56
2025-01-28 14:35:37,0.2779163971933511,1.56
2025-01-28 14:35:38,0.27810260380274404,1.57
2025-01-28 14:35:39,0.2824152339075369,1.58
2025-01-28 14:35:40,0.2899704987269196,1.58
2025-01-28 14:35:41,0.29699509903648186,1.57
2025-01-28 14:35:42,0.32331407843898835,1.55
2025-01-28 14:35:43,0.34746626874205067,1.58
2025-01-28 14:35:44,0.35264576999992636,1.6
2025-01-28 14:35:45,0.36014395745955036,1.59
2025-01-28 14:35:46,0.35779819702419163,1.59
2025-01-28 14:35:47,0.35461964551643926,1.6
2025-01-28 14:35:48,0.3678129587162946,1.6
2025-01-28 14:35:49,0.31504292063894085,1.6
2025-01-28 14:35:50,0.36107212747224054,1.6400000000000001
2025-01-28 14:35:51,0.3460112698896583,1.62
2025-01-28 14:35:52,0.3455285909025916,1.6099999999999999
2025-01-28 14:35:53,0.3458587884925232,1.62
2025-01-28 14:35:54,0.3471908944916599,1.6099999999999999
2025-01-28 14:35:55,0.333091734452474,1.63
2025-01-28 14:35:56,0.33787946388453555,1.63
2025-01-28 14:35:57,0.3442273261901523,1.63
2025-01-28 14:35:58,0.33193896131279743,1.63
2025-01-28 14:35:59,0.31448898960232974,1.63
2025-01-28 14:36:00,0.3075000735151055,1.5899999999999999
2025-01-28 14:36:01,0.3104400266612064,1.5899999999999999
2025-01-28 14:36:02,0.31422725928902445,1.5899999999999999
2025-01-28 14:36:03,0.3320751312277199,1.5899999999999999
2025-01-28 14:36:04,0.32737285377988945,1.6099999999999999
2025-01-28 14:36:05,0.32426012481036165,1.56
2025-01-28 14:36:06,0.3369917316318645,1.59
2025-01-28 14:36:07,0.3469630031507136,1.62
2025-01-28 14:36:08,0.35830819038107914,1.63
2025-01-28 14:36:09,0.3671661192754823,1.64
2025-01-28 14:36:10,0.36723584651374575,1.64
2025-01-28 14:36:11,0.3734482088432746,1.63
2025-01-28 14:36:12,0.38754496504680597,1.63
2025-01-28 14:36:13,0.387482594887234,1.62
2025-01-28 14:36:14,0.3633974464750082,1.6099999999999999
2025-01-28 14:36:15,0.3505602416322719,1.6099999999999999
2025-01-28 14:36:16,0.3462311513238851,1.6099999999999999
2025-01-28 14:36:17,0.3540715228032824,1.62
2025-01-28 14:36:18,0.34370068903674705,1.63
2025-01-28 14:36:19,0.35079382979336754,1.63
2025-01-28 14:36:20,0.3456869239994271,1.6400000000000001
2025-01-28 14:36:21,0.3401407508935619,1.6099999999999999
2025-01-28 14:36:22,0.34049112850722363,1.5899999999999999
2025-01-28 14:36:23,0.345170719406386,1.58
2025-01-28 14:36:24,0.34202047447154876,1.58
2025-01-28 14:36:25,0.348335233366255,1.5699999999999998
2025-01-28 14:36:26,0.3433895186845473,1.5699999999999998
2025-01-28 14:36:27,0.3885640177006837,1.58
2025-01-28 14:36:28,0.3626834495647862,1.56
2025-01-28 14:36:29,0.3560015178047897,1.55
2025-01-28 14:36:30,0.3594354215029649,1.55
2025-01-28 14:36:31,0.35596202094373003,1.55
2025-01-28 14:36:32,0.3503177480168527,1.56
2025-01-28 14:36:33,0.35332520632909664,1.5899999999999999
2025-01-28 14:36:34,0.3493073330671095,1.6099999999999999
2025-01-28 14:36:35,0.3497493292604467,1.65
2025-01-28 14:36:36,0.3426762833634565,1.6099999999999999
2025-01-28 14:36:37,0.33286479489297244,1.65
2025-01-28 14:36:38,0.3239106433458967,1.6600000000000001
2025-01-28 14:36:39,0.32676522811579395,1.63
2025-01-28 14:36:40,0.3271744237282997,1.62
2025-01-28 14:36:41,0.33107171780336014,1.57
2025-01-28 14:36:42,0.3219292773105426,1.58
2025-01-28 14:36:43,0.3356688596861563,1.58
2025-01-28 14:36:44,0.3354785065144236,1.58
2025-01-28 14:36:45,0.3356434016403263,1.58
2025-01-28 14:36:46,0.327077433207797,1.54
2025-01-28 14:36:47,0.3332529416766021,1.5
2025-01-28 14:36:48,0.3313100793318012,1.5
2025-01-28 14:36:49,0.3272222270260281,1.48
2025-01-28 14:36:50,0.3418061238499604,1.44
2025-01-28 14:36:51,0.3845544172300321,1.41
2025-01-28 14:36:52,0.38835205962917635,1.41
2025-01-28 14:36:53,0.4790201870151541,1.42
2025-01-28 14:36:54,0.43536317096496563,1.42
2025-01-28 14:36:55,0.42964099965740593,1.42
2025-01-28 14:36:56,0.4761700190938936,1.42
2025-01-28 14:36:57,0.5281429253240343,1.42
2025-01-28 14:36:58,1.4501703469590537,1.42
2025-01-28 14:36:59,0.9358888734184788,1.42
2025-01-28 14:37:00,0.9358888734184788,1.42
